trial_id,D,q,bot,success,steps,end_reason,seed,bot_to_button_dist,fire_to_button_dist
0,40,0.00,Bot1,1,28,button,9228904773047067387,28,44
0,40,0.00,Bot2,1,28,button,9228904773047067387,28,44
0,40,0.00,Bot3,1,28,button,9228904773047067387,28,44
0,40,0.00,Bot4,1,28,button,9228904773047067387,28,44
1,40,0.00,Bot1,1,13,button,8264906838971554523,13,62
1,40,0.00,Bot2,1,13,button,8264906838971554523,13,62
1,40,0.00,Bot3,1,13,button,8264906838971554523,13,62
1,40,0.00,Bot4,1,13,button,8264906838971554523,13,62
2,40,0.00,Bot1,1,46,button,8936810430718324140,46,54
2,40,0.00,Bot2,1,46,button,8936810430718324140,46,54
2,40,0.00,Bot3,1,46,button,8936810430718324140,46,54
2,40,0.00,Bot4,1,46,button,8936810430718324140,46,54
3,40,0.00,Bot1,1,53,button,18102847282048244921,53,12
3,40,0.00,Bot2,1,53,button,18102847282048244921,53,12
3,40,0.00,Bot3,1,53,button,18102847282048244921,53,12
3,40,0.00,Bot4,1,53,button,18102847282048244921,53,12
4,40,0.00,Bot1,1,31,button,1364675460810734243,31,33
4,40,0.00,Bot2,1,31,button,1364675460810734243,31,33
4,40,0.00,Bot3,1,31,button,1364675460810734243,31,33
4,40,0.00,Bot4,1,31,button,1364675460810734243,31,33
5,40,0.00,Bot1,1,40,button,4946796592068888392,40,36
5,40,0.00,Bot2,1,40,button,4946796592068888392,40,36
5,40,0.00,Bot3,1,40,button,4946796592068888392,40,36
5,40,0.00,Bot4,1,40,button,4946796592068888392,40,36
6,40,0.00,Bot1,1,22,button,15438013420594299940,22,14
6,40,0.00,Bot2,1,22,button,15438013420594299940,22,14
6,40,0.00,Bot3,1,22,button,15438013420594299940,22,14
6,40,0.00,Bot4,1,22,button,15438013420594299940,22,14
7,40,0.00,Bot1,1,26,button,12957574245570290101,26,16
7,40,0.00,Bot2,1,26,button,12957574245570290101,26,16
7,40,0.00,Bot3,1,26,button,12957574245570290101,26,16
7,40,0.00,Bot4,1,26,button,12957574245570290101,26,16
8,40,0.00,Bot1,1,25,button,14316587186390805469,25,21
8,40,0.00,Bot2,1,25,button,14316587186390805469,25,21
8,40,0.00,Bot3,1,25,button,14316587186390805469,25,21
8,40,0.00,Bot4,1,25,button,14316587186390805469,25,21
9,40,0.00,Bot1,1,50,button,10656152586462340120,50,21
9,40,0.00,Bot2,1,50,button,10656152586462340120,50,21
9,40,0.00,Bot3,1,50,button,10656152586462340120,50,21
9,40,0.00,Bot4,1,50,button,10656152586462340120,50,21
10,40,0.00,Bot1,1,48,button,1192315673866497177,48,37
10,40,0.00,Bot2,1,48,button,1192315673866497177,48,37
10,40,0.00,Bot3,1,48,button,1192315673866497177,48,37
10,40,0.00,Bot4,1,48,button,1192315673866497177,48,37
11,40,0.00,Bot1,1,53,button,15574642608083919340,53,16
11,40,0.00,Bot2,1,53,button,15574642608083919340,53,16
11,40,0.00,Bot3,1,53,button,15574642608083919340,53,16
11,40,0.00,Bot4,1,53,button,15574642608083919340,53,16
12,40,0.00,Bot1,1,58,button,16181733487295441053,58,57
12,40,0.00,Bot2,1,58,button,16181733487295441053,58,57
12,40,0.00,Bot3,1,58,button,16181733487295441053,58,57
12,40,0.00,Bot4,1,58,button,16181733487295441053,58,57
13,40,0.00,Bot1,1,8,button,13605249182176581962,8,22
13,40,0.00,Bot2,1,8,button,13605249182176581962,8,22
13,40,0.00,Bot3,1,8,button,13605249182176581962,8,22
13,40,0.00,Bot4,1,8,button,13605249182176581962,8,22
14,40,0.00,Bot1,1,25,button,15278309628566503470,25,16
14,40,0.00,Bot2,1,25,button,15278309628566503470,25,16
14,40,0.00,Bot3,1,25,button,15278309628566503470,25,16
14,40,0.00,Bot4,1,25,button,15278309628566503470,25,16
15,40,0.00,Bot1,1,48,button,11837558753606178909,48,57
15,40,0.00,Bot2,1,48,button,11837558753606178909,48,57
15,40,0.00,Bot3,1,48,button,11837558753606178909,48,57
15,40,0.00,Bot4,1,48,button,11837558753606178909,48,57
16,40,0.00,Bot1,1,32,button,10150178062394044143,32,41
16,40,0.00,Bot2,1,32,button,10150178062394044143,32,41
16,40,0.00,Bot3,1,32,button,10150178062394044143,32,41
16,40,0.00,Bot4,1,32,button,10150178062394044143,32,41
17,40,0.00,Bot1,1,27,button,289101116086800447,27,22
17,40,0.00,Bot2,1,27,button,289101116086800447,27,22
17,40,0.00,Bot3,1,27,button,289101116086800447,27,22
17,40,0.00,Bot4,1,27,button,289101116086800447,27,22
18,40,0.00,Bot1,1,17,button,6414019343404504881,17,23
18,40,0.00,Bot2,1,17,button,6414019343404504881,17,23
18,40,0.00,Bot3,1,17,button,6414019343404504881,17,23
18,40,0.00,Bot4,1,17,button,6414019343404504881,17,23
19,40,0.00,Bot1,1,28,button,11513186608621842703,28,39
19,40,0.00,Bot2,1,28,button,11513186608621842703,28,39
19,40,0.00,Bot3,1,28,button,11513186608621842703,28,39
19,40,0.00,Bot4,1,28,button,11513186608621842703,28,39
20,40,0.00,Bot1,1,39,button,15455499705623099821,39,6
20,40,0.00,Bot2,1,39,button,15455499705623099821,39,6
20,40,0.00,Bot3,1,39,button,15455499705623099821,39,6
20,40,0.00,Bot4,1,39,button,15455499705623099821,39,6
21,40,0.00,Bot1,1,28,button,4997182619474034284,28,41
21,40,0.00,Bot2,1,28,button,4997182619474034284,28,41
21,40,0.00,Bot3,1,28,button,4997182619474034284,28,41
21,40,0.00,Bot4,1,28,button,4997182619474034284,28,41
22,40,0.00,Bot1,1,17,button,3542286904382386878,17,49
22,40,0.00,Bot2,1,17,button,3542286904382386878,17,49
22,40,0.00,Bot3,1,17,button,3542286904382386878,17,49
22,40,0.00,Bot4,1,17,button,3542286904382386878,17,49
23,40,0.00,Bot1,1,37,button,13337081336988979217,37,36
23,40,0.00,Bot2,1,37,button,13337081336988979217,37,36
23,40,0.00,Bot3,1,37,button,13337081336988979217,37,36
23,40,0.00,Bot4,1,37,button,13337081336988979217,37,36
24,40,0.00,Bot1,1,39,button,5768143054566251978,39,27
24,40,0.00,Bot2,1,39,button,5768143054566251978,39,27
24,40,0.00,Bot3,1,39,button,5768143054566251978,39,27
24,40,0.00,Bot4,1,39,button,5768143054566251978,39,27
25,40,0.00,Bot1,1,66,button,2270923845172981522,66,56
25,40,0.00,Bot2,1,66,button,2270923845172981522,66,56
25,40,0.00,Bot3,1,66,button,2270923845172981522,66,56
25,40,0.00,Bot4,1,66,button,2270923845172981522,66,56
26,40,0.00,Bot1,1,25,button,16518221750257101780,25,42
26,40,0.00,Bot2,1,25,button,16518221750257101780,25,42
26,40,0.00,Bot3,1,25,button,16518221750257101780,25,42
26,40,0.00,Bot4,1,25,button,16518221750257101780,25,42
27,40,0.00,Bot1,1,14,button,17038986038390339361,14,15
27,40,0.00,Bot2,1,14,button,17038986038390339361,14,15
27,40,0.00,Bot3,1,14,button,17038986038390339361,14,15
27,40,0.00,Bot4,1,14,button,17038986038390339361,14,15
28,40,0.00,Bot1,1,42,button,13571441889860360272,40,23
28,40,0.00,Bot2,1,42,button,13571441889860360272,40,23
28,40,0.00,Bot3,1,42,button,13571441889860360272,40,23
28,40,0.00,Bot4,1,42,button,13571441889860360272,40,23
29,40,0.00,Bot1,1,43,button,4671639289486752849,43,58
29,40,0.00,Bot2,1,43,button,4671639289486752849,43,58
29,40,0.00,Bot3,1,43,button,4671639289486752849,43,58
29,40,0.00,Bot4,1,43,button,4671639289486752849,43,58
30,40,0.00,Bot1,1,10,button,17536128763372264447,10,26
30,40,0.00,Bot2,1,10,button,17536128763372264447,10,26
30,40,0.00,Bot3,1,10,button,17536128763372264447,10,26
30,40,0.00,Bot4,1,10,button,17536128763372264447,10,26
31,40,0.00,Bot1,1,36,button,3453734073875850491,36,30
31,40,0.00,Bot2,1,36,button,3453734073875850491,36,30
31,40,0.00,Bot3,1,36,button,3453734073875850491,36,30
31,40,0.00,Bot4,1,36,button,3453734073875850491,36,30
32,40,0.00,Bot1,1,46,button,8317625379953369294,46,38
32,40,0.00,Bot2,1,46,button,8317625379953369294,46,38
32,40,0.00,Bot3,1,46,button,8317625379953369294,46,38
32,40,0.00,Bot4,1,46,button,8317625379953369294,46,38
33,40,0.00,Bot1,1,22,button,13710624903763313433,22,40
33,40,0.00,Bot2,1,22,button,13710624903763313433,22,40
33,40,0.00,Bot3,1,22,button,13710624903763313433,22,40
33,40,0.00,Bot4,1,22,button,13710624903763313433,22,40
34,40,0.00,Bot1,1,46,button,4358676219176832812,46,50
34,40,0.00,Bot2,1,46,button,4358676219176832812,46,50
34,40,0.00,Bot3,1,46,button,4358676219176832812,46,50
34,40,0.00,Bot4,1,46,button,4358676219176832812,46,50
35,40,0.00,Bot1,1,13,button,10277846893082568748,13,14
35,40,0.00,Bot2,1,13,button,10277846893082568748,13,14
35,40,0.00,Bot3,1,13,button,10277846893082568748,13,14
35,40,0.00,Bot4,1,13,button,10277846893082568748,13,14
36,40,0.00,Bot1,1,45,button,29183259019511695,45,20
36,40,0.00,Bot2,1,45,button,29183259019511695,45,20
36,40,0.00,Bot3,1,45,button,29183259019511695,45,20
36,40,0.00,Bot4,1,45,button,29183259019511695,45,20
37,40,0.00,Bot1,1,58,button,13003716187730865864,58,34
37,40,0.00,Bot2,1,58,button,13003716187730865864,58,34
37,40,0.00,Bot3,1,58,button,13003716187730865864,58,34
37,40,0.00,Bot4,1,58,button,13003716187730865864,58,34
38,40,0.00,Bot1,1,22,button,2341611006390738827,22,24
38,40,0.00,Bot2,1,22,button,2341611006390738827,22,24
38,40,0.00,Bot3,1,22,button,2341611006390738827,22,24
38,40,0.00,Bot4,1,22,button,2341611006390738827,22,24
39,40,0.00,Bot1,1,33,button,13118616180947516465,25,15
39,40,0.00,Bot2,1,33,button,13118616180947516465,25,15
39,40,0.00,Bot3,1,33,button,13118616180947516465,25,15
39,40,0.00,Bot4,1,33,button,13118616180947516465,25,15
40,40,0.00,Bot1,1,45,button,14627771765226108338,45,47
40,40,0.00,Bot2,1,45,button,14627771765226108338,45,47
40,40,0.00,Bot3,1,45,button,14627771765226108338,45,47
40,40,0.00,Bot4,1,45,button,14627771765226108338,45,47
41,40,0.00,Bot1,1,18,button,4537772982781138545,18,9
41,40,0.00,Bot2,1,18,button,4537772982781138545,18,9
41,40,0.00,Bot3,1,18,button,4537772982781138545,18,9
41,40,0.00,Bot4,1,18,button,4537772982781138545,18,9
42,40,0.00,Bot1,1,29,button,11080624055946722871,29,35
42,40,0.00,Bot2,1,29,button,11080624055946722871,29,35
42,40,0.00,Bot3,1,29,button,11080624055946722871,29,35
42,40,0.00,Bot4,1,29,button,11080624055946722871,29,35
43,40,0.00,Bot1,1,45,button,11718409375241935287,45,59
43,40,0.00,Bot2,1,45,button,11718409375241935287,45,59
43,40,0.00,Bot3,1,45,button,11718409375241935287,45,59
43,40,0.00,Bot4,1,45,button,11718409375241935287,45,59
44,40,0.00,Bot1,1,36,button,7517617014235977174,36,6
44,40,0.00,Bot2,1,36,button,7517617014235977174,36,6
44,40,0.00,Bot3,1,36,button,7517617014235977174,36,6
44,40,0.00,Bot4,1,36,button,7517617014235977174,36,6
45,40,0.00,Bot1,1,10,button,17180318816396537606,10,30
45,40,0.00,Bot2,1,10,button,17180318816396537606,10,30
45,40,0.00,Bot3,1,10,button,17180318816396537606,10,30
45,40,0.00,Bot4,1,10,button,17180318816396537606,10,30
46,40,0.00,Bot1,1,34,button,12254471038894305927,34,43
46,40,0.00,Bot2,1,34,button,12254471038894305927,34,43
46,40,0.00,Bot3,1,34,button,12254471038894305927,34,43
46,40,0.00,Bot4,1,34,button,12254471038894305927,34,43
47,40,0.00,Bot1,1,42,button,741080549942426150,42,8
47,40,0.00,Bot2,1,42,button,741080549942426150,42,8
47,40,0.00,Bot3,1,42,button,741080549942426150,42,8
47,40,0.00,Bot4,1,42,button,741080549942426150,42,8
48,40,0.00,Bot1,1,31,button,8186989971664788606,31,45
48,40,0.00,Bot2,1,31,button,8186989971664788606,31,45
48,40,0.00,Bot3,1,31,button,8186989971664788606,31,45
48,40,0.00,Bot4,1,31,button,8186989971664788606,31,45
49,40,0.00,Bot1,1,36,button,7087662214348447526,36,18
49,40,0.00,Bot2,1,36,button,7087662214348447526,36,18
49,40,0.00,Bot3,1,36,button,7087662214348447526,36,18
49,40,0.00,Bot4,1,36,button,7087662214348447526,36,18
50,40,0.00,Bot1,1,62,button,1065728350467411875,62,27
50,40,0.00,Bot2,1,62,button,1065728350467411875,62,27
50,40,0.00,Bot3,1,62,button,1065728350467411875,62,27
50,40,0.00,Bot4,1,62,button,1065728350467411875,62,27
51,40,0.00,Bot1,1,16,button,13108379689079847546,16,15
51,40,0.00,Bot2,1,16,button,13108379689079847546,16,15
51,40,0.00,Bot3,1,16,button,13108379689079847546,16,15
51,40,0.00,Bot4,1,16,button,13108379689079847546,16,15
52,40,0.00,Bot1,1,37,button,10843070513754426761,37,19
52,40,0.00,Bot2,1,37,button,10843070513754426761,37,19
52,40,0.00,Bot3,1,37,button,10843070513754426761,37,19
52,40,0.00,Bot4,1,37,button,10843070513754426761,37,19
53,40,0.00,Bot1,1,30,button,12728941479250575904,30,54
53,40,0.00,Bot2,1,30,button,12728941479250575904,30,54
53,40,0.00,Bot3,1,30,button,12728941479250575904,30,54
53,40,0.00,Bot4,1,30,button,12728941479250575904,30,54
54,40,0.00,Bot1,1,28,button,5255863720291184767,28,12
54,40,0.00,Bot2,1,28,button,5255863720291184767,28,12
54,40,0.00,Bot3,1,28,button,5255863720291184767,28,12
54,40,0.00,Bot4,1,28,button,5255863720291184767,28,12
55,40,0.00,Bot1,1,51,button,2292081523859901651,51,44
55,40,0.00,Bot2,1,51,button,2292081523859901651,51,44
55,40,0.00,Bot3,1,51,button,2292081523859901651,51,44
55,40,0.00,Bot4,1,51,button,2292081523859901651,51,44
56,40,0.00,Bot1,1,46,button,14176051915774267145,46,17
56,40,0.00,Bot2,1,46,button,14176051915774267145,46,17
56,40,0.00,Bot3,1,46,button,14176051915774267145,46,17
56,40,0.00,Bot4,1,46,button,14176051915774267145,46,17
57,40,0.00,Bot1,1,58,button,10340124999626708507,58,48
57,40,0.00,Bot2,1,58,button,10340124999626708507,58,48
57,40,0.00,Bot3,1,58,button,10340124999626708507,58,48
57,40,0.00,Bot4,1,58,button,10340124999626708507,58,48
58,40,0.00,Bot1,1,47,button,4996423122968211959,47,51
58,40,0.00,Bot2,1,47,button,4996423122968211959,47,51
58,40,0.00,Bot3,1,47,button,4996423122968211959,47,51
58,40,0.00,Bot4,1,47,button,4996423122968211959,47,51
59,40,0.00,Bot1,1,66,button,5838104864176276660,66,9
59,40,0.00,Bot2,1,66,button,5838104864176276660,66,9
59,40,0.00,Bot3,1,74,button,5838104864176276660,66,9
59,40,0.00,Bot4,1,66,button,5838104864176276660,66,9
60,40,0.00,Bot1,1,16,button,4156989773172434608,16,21
60,40,0.00,Bot2,1,16,button,4156989773172434608,16,21
60,40,0.00,Bot3,1,16,button,4156989773172434608,16,21
60,40,0.00,Bot4,1,16,button,4156989773172434608,16,21
61,40,0.00,Bot1,1,17,button,14212419510363341102,17,49
61,40,0.00,Bot2,1,17,button,14212419510363341102,17,49
61,40,0.00,Bot3,1,17,button,14212419510363341102,17,49
61,40,0.00,Bot4,1,17,button,14212419510363341102,17,49
62,40,0.00,Bot1,1,59,button,701332427410371699,59,26
62,40,0.00,Bot2,1,59,button,701332427410371699,59,26
62,40,0.00,Bot3,1,59,button,701332427410371699,59,26
62,40,0.00,Bot4,1,59,button,701332427410371699,59,26
63,40,0.00,Bot1,1,17,button,13763613868554498581,17,29
63,40,0.00,Bot2,1,17,button,13763613868554498581,17,29
63,40,0.00,Bot3,1,17,button,13763613868554498581,17,29
63,40,0.00,Bot4,1,17,button,13763613868554498581,17,29
64,40,0.00,Bot1,1,43,button,1094374864146573472,43,32
64,40,0.00,Bot2,1,43,button,1094374864146573472,43,32
64,40,0.00,Bot3,1,43,button,1094374864146573472,43,32
64,40,0.00,Bot4,1,43,button,1094374864146573472,43,32
65,40,0.00,Bot1,1,30,button,9457585980581485876,30,47
65,40,0.00,Bot2,1,30,button,9457585980581485876,30,47
65,40,0.00,Bot3,1,30,button,9457585980581485876,30,47
65,40,0.00,Bot4,1,30,button,9457585980581485876,30,47
66,40,0.00,Bot1,1,22,button,13234127502748747558,22,30
66,40,0.00,Bot2,1,22,button,13234127502748747558,22,30
66,40,0.00,Bot3,1,22,button,13234127502748747558,22,30
66,40,0.00,Bot4,1,22,button,13234127502748747558,22,30
67,40,0.00,Bot1,1,26,button,4051592594442303797,26,35
67,40,0.00,Bot2,1,26,button,4051592594442303797,26,35
67,40,0.00,Bot3,1,26,button,4051592594442303797,26,35
67,40,0.00,Bot4,1,26,button,4051592594442303797,26,35
68,40,0.00,Bot1,1,11,button,2987709637477715570,11,27
68,40,0.00,Bot2,1,11,button,2987709637477715570,11,27
68,40,0.00,Bot3,1,11,button,2987709637477715570,11,27
68,40,0.00,Bot4,1,11,button,2987709637477715570,11,27
69,40,0.00,Bot1,1,51,button,4072870605369601336,51,17
69,40,0.00,Bot2,1,51,button,4072870605369601336,51,17
69,40,0.00,Bot3,1,51,button,4072870605369601336,51,17
69,40,0.00,Bot4,1,51,button,4072870605369601336,51,17
70,40,0.00,Bot1,1,20,button,2532370255821476797,20,26
70,40,0.00,Bot2,1,20,button,2532370255821476797,20,26
70,40,0.00,Bot3,1,20,button,2532370255821476797,20,26
70,40,0.00,Bot4,1,20,button,2532370255821476797,20,26
71,40,0.00,Bot1,1,45,button,18275433897106881997,45,6
71,40,0.00,Bot2,1,45,button,18275433897106881997,45,6
71,40,0.00,Bot3,1,45,button,18275433897106881997,45,6
71,40,0.00,Bot4,1,45,button,18275433897106881997,45,6
72,40,0.00,Bot1,1,19,button,12510360840266474716,19,35
72,40,0.00,Bot2,1,19,button,12510360840266474716,19,35
72,40,0.00,Bot3,1,19,button,12510360840266474716,19,35
72,40,0.00,Bot4,1,19,button,12510360840266474716,19,35
73,40,0.00,Bot1,1,42,button,11339382232107527982,42,19
73,40,0.00,Bot2,1,42,button,11339382232107527982,42,19
73,40,0.00,Bot3,1,42,button,11339382232107527982,42,19
73,40,0.00,Bot4,1,42,button,11339382232107527982,42,19
74,40,0.00,Bot1,1,47,button,8721396564003873959,47,28
74,40,0.00,Bot2,1,47,button,8721396564003873959,47,28
74,40,0.00,Bot3,1,47,button,8721396564003873959,47,28
74,40,0.00,Bot4,1,47,button,8721396564003873959,47,28
75,40,0.00,Bot1,1,13,button,5031281087305305396,13,42
75,40,0.00,Bot2,1,13,button,5031281087305305396,13,42
75,40,0.00,Bot3,1,13,button,5031281087305305396,13,42
75,40,0.00,Bot4,1,13,button,5031281087305305396,13,42
76,40,0.00,Bot1,1,13,button,5788658035952627680,13,26
76,40,0.00,Bot2,1,13,button,5788658035952627680,13,26
76,40,0.00,Bot3,1,13,button,5788658035952627680,13,26
76,40,0.00,Bot4,1,13,button,5788658035952627680,13,26
77,40,0.00,Bot1,1,14,button,2125136323204372210,14,13
77,40,0.00,Bot2,1,14,button,2125136323204372210,14,13
77,40,0.00,Bot3,1,14,button,2125136323204372210,14,13
77,40,0.00,Bot4,1,14,button,2125136323204372210,14,13
78,40,0.00,Bot1,1,22,button,8543003038795741997,22,9
78,40,0.00,Bot2,1,22,button,8543003038795741997,22,9
78,40,0.00,Bot3,1,22,button,8543003038795741997,22,9
78,40,0.00,Bot4,1,22,button,8543003038795741997,22,9
79,40,0.00,Bot1,1,23,button,8460336181672815100,23,28
79,40,0.00,Bot2,1,23,button,8460336181672815100,23,28
79,40,0.00,Bot3,1,23,button,8460336181672815100,23,28
79,40,0.00,Bot4,1,23,button,8460336181672815100,23,28
80,40,0.00,Bot1,1,46,button,14128199703991184617,46,30
80,40,0.00,Bot2,1,46,button,14128199703991184617,46,30
80,40,0.00,Bot3,1,46,button,14128199703991184617,46,30
80,40,0.00,Bot4,1,46,button,14128199703991184617,46,30
81,40,0.00,Bot1,1,18,button,8173872821410138962,18,31
81,40,0.00,Bot2,1,18,button,8173872821410138962,18,31
81,40,0.00,Bot3,1,18,button,8173872821410138962,18,31
81,40,0.00,Bot4,1,18,button,8173872821410138962,18,31
82,40,0.00,Bot1,1,25,button,2756837627093837625,25,38
82,40,0.00,Bot2,1,25,button,2756837627093837625,25,38
82,40,0.00,Bot3,1,25,button,2756837627093837625,25,38
82,40,0.00,Bot4,1,25,button,2756837627093837625,25,38
83,40,0.00,Bot1,1,38,button,7538598722065587045,38,5
83,40,0.00,Bot2,1,38,button,7538598722065587045,38,5
83,40,0.00,Bot3,1,38,button,7538598722065587045,38,5
83,40,0.00,Bot4,1,38,button,7538598722065587045,38,5
84,40,0.00,Bot1,1,23,button,3201910664528064039,23,28
84,40,0.00,Bot2,1,23,button,3201910664528064039,23,28
84,40,0.00,Bot3,1,23,button,3201910664528064039,23,28
84,40,0.00,Bot4,1,23,button,3201910664528064039,23,28
85,40,0.00,Bot1,1,30,button,10243920622688812218,30,36
85,40,0.00,Bot2,1,30,button,10243920622688812218,30,36
85,40,0.00,Bot3,1,30,button,10243920622688812218,30,36
85,40,0.00,Bot4,1,30,button,10243920622688812218,30,36
86,40,0.00,Bot1,1,32,button,15484193495707407734,32,26
86,40,0.00,Bot2,1,32,button,15484193495707407734,32,26
86,40,0.00,Bot3,1,32,button,15484193495707407734,32,26
86,40,0.00,Bot4,1,32,button,15484193495707407734,32,26
87,40,0.00,Bot1,1,45,button,12273369588830897977,45,20
87,40,0.00,Bot2,1,45,button,12273369588830897977,45,20
87,40,0.00,Bot3,1,45,button,12273369588830897977,45,20
87,40,0.00,Bot4,1,45,button,12273369588830897977,45,20
88,40,0.00,Bot1,1,23,button,365353160977705743,23,40
88,40,0.00,Bot2,1,23,button,365353160977705743,23,40
88,40,0.00,Bot3,1,23,button,365353160977705743,23,40
88,40,0.00,Bot4,1,23,button,365353160977705743,23,40
89,40,0.00,Bot1,1,36,button,6590626754279452466,36,47
89,40,0.00,Bot2,1,36,button,6590626754279452466,36,47
89,40,0.00,Bot3,1,36,button,6590626754279452466,36,47
89,40,0.00,Bot4,1,36,button,6590626754279452466,36,47
90,40,0.00,Bot1,1,47,button,14546766272975381755,47,14
90,40,0.00,Bot2,1,47,button,14546766272975381755,47,14
90,40,0.00,Bot3,1,49,button,14546766272975381755,47,14
90,40,0.00,Bot4,1,47,button,14546766272975381755,47,14
91,40,0.00,Bot1,1,50,button,2898320353184963234,50,25
91,40,0.00,Bot2,1,50,button,2898320353184963234,50,25
91,40,0.00,Bot3,1,50,button,2898320353184963234,50,25
91,40,0.00,Bot4,1,50,button,2898320353184963234,50,25
92,40,0.00,Bot1,1,44,button,9620333857671889679,44,51
92,40,0.00,Bot2,1,44,button,9620333857671889679,44,51
92,40,0.00,Bot3,1,44,button,9620333857671889679,44,51
92,40,0.00,Bot4,1,44,button,9620333857671889679,44,51
93,40,0.00,Bot1,1,20,button,3959309131558404137,20,40
93,40,0.00,Bot2,1,20,button,3959309131558404137,20,40
93,40,0.00,Bot3,1,20,button,3959309131558404137,20,40
93,40,0.00,Bot4,1,20,button,3959309131558404137,20,40
94,40,0.00,Bot1,1,15,button,12642800725563443675,15,13
94,40,0.00,Bot2,1,15,button,12642800725563443675,15,13
94,40,0.00,Bot3,1,15,button,12642800725563443675,15,13
94,40,0.00,Bot4,1,15,button,12642800725563443675,15,13
95,40,0.00,Bot1,1,37,button,16485702393466184714,37,47
95,40,0.00,Bot2,1,37,button,16485702393466184714,37,47
95,40,0.00,Bot3,1,37,button,16485702393466184714,37,47
95,40,0.00,Bot4,1,37,button,16485702393466184714,37,47
96,40,0.00,Bot1,1,27,button,4887784836347065177,27,31
96,40,0.00,Bot2,1,27,button,4887784836347065177,27,31
96,40,0.00,Bot3,1,27,button,4887784836347065177,27,31
96,40,0.00,Bot4,1,27,button,4887784836347065177,27,31
97,40,0.00,Bot1,1,48,button,7932477539878080343,48,27
97,40,0.00,Bot2,1,48,button,7932477539878080343,48,27
97,40,0.00,Bot3,1,48,button,7932477539878080343,48,27
97,40,0.00,Bot4,1,48,button,7932477539878080343,48,27
98,40,0.00,Bot1,1,54,button,9401845428969468034,54,49
98,40,0.00,Bot2,1,54,button,9401845428969468034,54,49
98,40,0.00,Bot3,1,54,button,9401845428969468034,54,49
98,40,0.00,Bot4,1,54,button,9401845428969468034,54,49
99,40,0.00,Bot1,1,21,button,1736250355662931311,21,15
99,40,0.00,Bot2,1,21,button,1736250355662931311,21,15
99,40,0.00,Bot3,1,21,button,1736250355662931311,21,15
99,40,0.00,Bot4,1,21,button,1736250355662931311,21,15
100,40,0.00,Bot1,1,54,button,6176211094805561051,54,25
100,40,0.00,Bot2,1,54,button,6176211094805561051,54,25
100,40,0.00,Bot3,1,54,button,6176211094805561051,54,25
100,40,0.00,Bot4,1,54,button,6176211094805561051,54,25
101,40,0.00,Bot1,1,56,button,5282437525360200440,56,43
101,40,0.00,Bot2,1,56,button,5282437525360200440,56,43
101,40,0.00,Bot3,1,56,button,5282437525360200440,56,43
101,40,0.00,Bot4,1,56,button,5282437525360200440,56,43
102,40,0.00,Bot1,1,60,button,2333227814002076401,60,19
102,40,0.00,Bot2,1,60,button,2333227814002076401,60,19
102,40,0.00,Bot3,1,60,button,2333227814002076401,60,19
102,40,0.00,Bot4,1,60,button,2333227814002076401,60,19
103,40,0.00,Bot1,1,19,button,13787934297622906677,19,14
103,40,0.00,Bot2,1,19,button,13787934297622906677,19,14
103,40,0.00,Bot3,1,19,button,13787934297622906677,19,14
103,40,0.00,Bot4,1,19,button,13787934297622906677,19,14
104,40,0.00,Bot1,1,39,button,7204596900091834073,39,57
104,40,0.00,Bot2,1,39,button,7204596900091834073,39,57
104,40,0.00,Bot3,1,39,button,7204596900091834073,39,57
104,40,0.00,Bot4,1,39,button,7204596900091834073,39,57
105,40,0.00,Bot1,1,35,button,14793820394819944145,35,43
105,40,0.00,Bot2,1,35,button,14793820394819944145,35,43
105,40,0.00,Bot3,1,35,button,14793820394819944145,35,43
105,40,0.00,Bot4,1,35,button,14793820394819944145,35,43
106,40,0.00,Bot1,1,42,button,16882352267839254716,42,63
106,40,0.00,Bot2,1,42,button,16882352267839254716,42,63
106,40,0.00,Bot3,1,42,button,16882352267839254716,42,63
106,40,0.00,Bot4,1,42,button,16882352267839254716,42,63
107,40,0.00,Bot1,1,13,button,3359643437392271147,13,53
107,40,0.00,Bot2,1,13,button,3359643437392271147,13,53
107,40,0.00,Bot3,1,13,button,3359643437392271147,13,53
107,40,0.00,Bot4,1,13,button,3359643437392271147,13,53
108,40,0.00,Bot1,1,48,button,17927484138361482352,48,54
108,40,0.00,Bot2,1,48,button,17927484138361482352,48,54
108,40,0.00,Bot3,1,48,button,17927484138361482352,48,54
108,40,0.00,Bot4,1,48,button,17927484138361482352,48,54
109,40,0.00,Bot1,1,40,button,18348924192063692846,40,32
109,40,0.00,Bot2,1,40,button,18348924192063692846,40,32
109,40,0.00,Bot3,1,40,button,18348924192063692846,40,32
109,40,0.00,Bot4,1,40,button,18348924192063692846,40,32
110,40,0.00,Bot1,1,36,button,8837706858396233056,36,24
110,40,0.00,Bot2,1,36,button,8837706858396233056,36,24
110,40,0.00,Bot3,1,36,button,8837706858396233056,36,24
110,40,0.00,Bot4,1,36,button,8837706858396233056,36,24
111,40,0.00,Bot1,1,61,button,2218692726474939804,61,53
111,40,0.00,Bot2,1,61,button,2218692726474939804,61,53
111,40,0.00,Bot3,1,61,button,2218692726474939804,61,53
111,40,0.00,Bot4,1,61,button,2218692726474939804,61,53
112,40,0.00,Bot1,1,58,button,15473482605833183086,58,31
112,40,0.00,Bot2,1,58,button,15473482605833183086,58,31
112,40,0.00,Bot3,1,58,button,15473482605833183086,58,31
112,40,0.00,Bot4,1,58,button,15473482605833183086,58,31
113,40,0.00,Bot1,1,42,button,10240883710612179325,42,51
113,40,0.00,Bot2,1,42,button,10240883710612179325,42,51
113,40,0.00,Bot3,1,42,button,10240883710612179325,42,51
113,40,0.00,Bot4,1,42,button,10240883710612179325,42,51
114,40,0.00,Bot1,1,20,button,5212398031841745884,20,35
114,40,0.00,Bot2,1,20,button,5212398031841745884,20,35
114,40,0.00,Bot3,1,20,button,5212398031841745884,20,35
114,40,0.00,Bot4,1,20,button,5212398031841745884,20,35
115,40,0.00,Bot1,1,28,button,14504494326604372142,28,29
115,40,0.00,Bot2,1,28,button,14504494326604372142,28,29
115,40,0.00,Bot3,1,28,button,14504494326604372142,28,29
115,40,0.00,Bot4,1,28,button,14504494326604372142,28,29
116,40,0.00,Bot1,1,15,button,3166664056610085589,15,50
116,40,0.00,Bot2,1,15,button,3166664056610085589,15,50
116,40,0.00,Bot3,1,15,button,3166664056610085589,15,50
116,40,0.00,Bot4,1,15,button,3166664056610085589,15,50
117,40,0.00,Bot1,1,53,button,6016064538322490247,53,30
117,40,0.00,Bot2,1,53,button,6016064538322490247,53,30
117,40,0.00,Bot3,1,53,button,6016064538322490247,53,30
117,40,0.00,Bot4,1,53,button,6016064538322490247,53,30
118,40,0.00,Bot1,1,49,button,3205918405486520766,49,31
118,40,0.00,Bot2,1,49,button,3205918405486520766,49,31
118,40,0.00,Bot3,1,49,button,3205918405486520766,49,31
118,40,0.00,Bot4,1,49,button,3205918405486520766,49,31
119,40,0.00,Bot1,1,58,button,5390945196861470003,58,19
119,40,0.00,Bot2,1,58,button,5390945196861470003,58,19
119,40,0.00,Bot3,1,58,button,5390945196861470003,58,19
119,40,0.00,Bot4,1,58,button,5390945196861470003,58,19
120,40,0.00,Bot1,1,73,button,925998477281783090,73,52
120,40,0.00,Bot2,1,73,button,925998477281783090,73,52
120,40,0.00,Bot3,1,73,button,925998477281783090,73,52
120,40,0.00,Bot4,1,73,button,925998477281783090,73,52
121,40,0.00,Bot1,1,54,button,15201781067029410435,54,42
121,40,0.00,Bot2,1,54,button,15201781067029410435,54,42
121,40,0.00,Bot3,1,54,button,15201781067029410435,54,42
121,40,0.00,Bot4,1,54,button,15201781067029410435,54,42
122,40,0.00,Bot1,1,46,button,11608526955214532221,46,39
122,40,0.00,Bot2,1,46,button,11608526955214532221,46,39
122,40,0.00,Bot3,1,46,button,11608526955214532221,46,39
122,40,0.00,Bot4,1,46,button,11608526955214532221,46,39
123,40,0.00,Bot1,1,55,button,3055893670229178435,55,36
123,40,0.00,Bot2,1,55,button,3055893670229178435,55,36
123,40,0.00,Bot3,1,55,button,3055893670229178435,55,36
123,40,0.00,Bot4,1,55,button,3055893670229178435,55,36
124,40,0.00,Bot1,1,56,button,17235455697989509285,56,39
124,40,0.00,Bot2,1,56,button,17235455697989509285,56,39
124,40,0.00,Bot3,1,56,button,17235455697989509285,56,39
124,40,0.00,Bot4,1,56,button,17235455697989509285,56,39
125,40,0.00,Bot1,1,12,button,5376681683478988932,12,34
125,40,0.00,Bot2,1,12,button,5376681683478988932,12,34
125,40,0.00,Bot3,1,12,button,5376681683478988932,12,34
125,40,0.00,Bot4,1,12,button,5376681683478988932,12,34
126,40,0.00,Bot1,1,55,button,4161915163295127680,55,59
126,40,0.00,Bot2,1,55,button,4161915163295127680,55,59
126,40,0.00,Bot3,1,55,button,4161915163295127680,55,59
126,40,0.00,Bot4,1,55,button,4161915163295127680,55,59
127,40,0.00,Bot1,1,25,button,17510029577311465398,25,22
127,40,0.00,Bot2,1,25,button,17510029577311465398,25,22
127,40,0.00,Bot3,1,25,button,17510029577311465398,25,22
127,40,0.00,Bot4,1,25,button,17510029577311465398,25,22
128,40,0.00,Bot1,1,31,button,1406566866068131937,31,35
128,40,0.00,Bot2,1,31,button,1406566866068131937,31,35
128,40,0.00,Bot3,1,31,button,1406566866068131937,31,35
128,40,0.00,Bot4,1,31,button,1406566866068131937,31,35
129,40,0.00,Bot1,1,2,button,10236717904357032782,2,30
129,40,0.00,Bot2,1,2,button,10236717904357032782,2,30
129,40,0.00,Bot3,1,2,button,10236717904357032782,2,30
129,40,0.00,Bot4,1,2,button,10236717904357032782,2,30
130,40,0.00,Bot1,1,28,button,17058142063987880178,28,46
130,40,0.00,Bot2,1,28,button,17058142063987880178,28,46
130,40,0.00,Bot3,1,28,button,17058142063987880178,28,46
130,40,0.00,Bot4,1,28,button,17058142063987880178,28,46
131,40,0.00,Bot1,1,28,button,15093864937569039380,28,23
131,40,0.00,Bot2,1,28,button,15093864937569039380,28,23
131,40,0.00,Bot3,1,28,button,15093864937569039380,28,23
131,40,0.00,Bot4,1,28,button,15093864937569039380,28,23
132,40,0.00,Bot1,1,57,button,2740617595156260978,57,10
132,40,0.00,Bot2,1,57,button,2740617595156260978,57,10
132,40,0.00,Bot3,1,57,button,2740617595156260978,57,10
132,40,0.00,Bot4,1,57,button,2740617595156260978,57,10
133,40,0.00,Bot1,1,32,button,17411398997230879251,32,34
133,40,0.00,Bot2,1,32,button,17411398997230879251,32,34
133,40,0.00,Bot3,1,32,button,17411398997230879251,32,34
133,40,0.00,Bot4,1,32,button,17411398997230879251,32,34
134,40,0.00,Bot1,1,27,button,3067115134935280217,27,20
134,40,0.00,Bot2,1,27,button,3067115134935280217,27,20
134,40,0.00,Bot3,1,31,button,3067115134935280217,27,20
134,40,0.00,Bot4,1,27,button,3067115134935280217,27,20
135,40,0.00,Bot1,1,22,button,669684600363008196,22,45
135,40,0.00,Bot2,1,22,button,669684600363008196,22,45
135,40,0.00,Bot3,1,22,button,669684600363008196,22,45
135,40,0.00,Bot4,1,22,button,669684600363008196,22,45
136,40,0.00,Bot1,1,35,button,16732041574604015773,35,26
136,40,0.00,Bot2,1,35,button,16732041574604015773,35,26
136,40,0.00,Bot3,1,35,button,16732041574604015773,35,26
136,40,0.00,Bot4,1,35,button,16732041574604015773,35,26
137,40,0.00,Bot1,1,45,button,5660887090037009712,45,12
137,40,0.00,Bot2,1,45,button,5660887090037009712,45,12
137,40,0.00,Bot3,1,45,button,5660887090037009712,45,12
137,40,0.00,Bot4,1,45,button,5660887090037009712,45,12
138,40,0.00,Bot1,1,41,button,1040058860665888363,41,47
138,40,0.00,Bot2,1,41,button,1040058860665888363,41,47
138,40,0.00,Bot3,1,41,button,1040058860665888363,41,47
138,40,0.00,Bot4,1,41,button,1040058860665888363,41,47
139,40,0.00,Bot1,1,53,button,9688806288568887470,53,43
139,40,0.00,Bot2,1,53,button,9688806288568887470,53,43
139,40,0.00,Bot3,1,53,button,9688806288568887470,53,43
139,40,0.00,Bot4,1,53,button,9688806288568887470,53,43
140,40,0.00,Bot1,1,21,button,10455812514332460893,21,38
140,40,0.00,Bot2,1,21,button,10455812514332460893,21,38
140,40,0.00,Bot3,1,21,button,10455812514332460893,21,38
140,40,0.00,Bot4,1,21,button,10455812514332460893,21,38
141,40,0.00,Bot1,1,21,button,16756113032545399648,21,25
141,40,0.00,Bot2,1,21,button,16756113032545399648,21,25
141,40,0.00,Bot3,1,21,button,16756113032545399648,21,25
141,40,0.00,Bot4,1,21,button,16756113032545399648,21,25
142,40,0.00,Bot1,1,17,button,14158768594323842822,17,8
142,40,0.00,Bot2,1,17,button,14158768594323842822,17,8
142,40,0.00,Bot3,1,17,button,14158768594323842822,17,8
142,40,0.00,Bot4,1,17,button,14158768594323842822,17,8
143,40,0.00,Bot1,1,41,button,11475749231101529072,41,36
143,40,0.00,Bot2,1,41,button,11475749231101529072,41,36
143,40,0.00,Bot3,1,41,button,11475749231101529072,41,36
143,40,0.00,Bot4,1,41,button,11475749231101529072,41,36
144,40,0.00,Bot1,1,25,button,17895828614675617457,25,41
144,40,0.00,Bot2,1,25,button,17895828614675617457,25,41
144,40,0.00,Bot3,1,25,button,17895828614675617457,25,41
144,40,0.00,Bot4,1,25,button,17895828614675617457,25,41
145,40,0.00,Bot1,1,21,button,17257866816755319640,21,40
145,40,0.00,Bot2,1,21,button,17257866816755319640,21,40
145,40,0.00,Bot3,1,21,button,17257866816755319640,21,40
145,40,0.00,Bot4,1,21,button,17257866816755319640,21,40
146,40,0.00,Bot1,1,39,button,12673785056372163958,39,43
146,40,0.00,Bot2,1,39,button,12673785056372163958,39,43
146,40,0.00,Bot3,1,39,button,12673785056372163958,39,43
146,40,0.00,Bot4,1,39,button,12673785056372163958,39,43
147,40,0.00,Bot1,1,28,button,42771025757509065,28,30
147,40,0.00,Bot2,1,28,button,42771025757509065,28,30
147,40,0.00,Bot3,1,28,button,42771025757509065,28,30
147,40,0.00,Bot4,1,28,button,42771025757509065,28,30
148,40,0.00,Bot1,1,15,button,15881218429044035833,15,7
148,40,0.00,Bot2,1,15,button,15881218429044035833,15,7
148,40,0.00,Bot3,1,15,button,15881218429044035833,15,7
148,40,0.00,Bot4,1,15,button,15881218429044035833,15,7
149,40,0.00,Bot1,1,26,button,9835835013417038537,26,55
149,40,0.00,Bot2,1,26,button,9835835013417038537,26,55
149,40,0.00,Bot3,1,26,button,9835835013417038537,26,55
149,40,0.00,Bot4,1,26,button,9835835013417038537,26,55
150,40,0.00,Bot1,1,21,button,2506847866334645435,21,4
150,40,0.00,Bot2,1,21,button,2506847866334645435,21,4
150,40,0.00,Bot3,1,21,button,2506847866334645435,21,4
150,40,0.00,Bot4,1,21,button,2506847866334645435,21,4
151,40,0.00,Bot1,1,8,button,15726736149304391957,8,50
151,40,0.00,Bot2,1,8,button,15726736149304391957,8,50
151,40,0.00,Bot3,1,8,button,15726736149304391957,8,50
151,40,0.00,Bot4,1,8,button,15726736149304391957,8,50
152,40,0.00,Bot1,1,26,button,14952781792395203184,26,13
152,40,0.00,Bot2,1,26,button,14952781792395203184,26,13
152,40,0.00,Bot3,1,26,button,14952781792395203184,26,13
152,40,0.00,Bot4,1,26,button,14952781792395203184,26,13
153,40,0.00,Bot1,1,43,button,1389646404772593640,43,33
153,40,0.00,Bot2,1,43,button,1389646404772593640,43,33
153,40,0.00,Bot3,1,43,button,1389646404772593640,43,33
153,40,0.00,Bot4,1,43,button,1389646404772593640,43,33
154,40,0.00,Bot1,1,21,button,5953217604388177448,21,37
154,40,0.00,Bot2,1,21,button,5953217604388177448,21,37
154,40,0.00,Bot3,1,21,button,5953217604388177448,21,37
154,40,0.00,Bot4,1,21,button,5953217604388177448,21,37
155,40,0.00,Bot1,1,60,button,10302207509996406573,60,58
155,40,0.00,Bot2,1,60,button,10302207509996406573,60,58
155,40,0.00,Bot3,1,60,button,10302207509996406573,60,58
155,40,0.00,Bot4,1,60,button,10302207509996406573,60,58
156,40,0.00,Bot1,1,26,button,9683975292959496452,26,40
156,40,0.00,Bot2,1,26,button,9683975292959496452,26,40
156,40,0.00,Bot3,1,26,button,9683975292959496452,26,40
156,40,0.00,Bot4,1,26,button,9683975292959496452,26,40
157,40,0.00,Bot1,1,33,button,7122685762262660107,33,51
157,40,0.00,Bot2,1,33,button,7122685762262660107,33,51
157,40,0.00,Bot3,1,33,button,7122685762262660107,33,51
157,40,0.00,Bot4,1,33,button,7122685762262660107,33,51
158,40,0.00,Bot1,1,31,button,17156771365725037835,31,55
158,40,0.00,Bot2,1,31,button,17156771365725037835,31,55
158,40,0.00,Bot3,1,31,button,17156771365725037835,31,55
158,40,0.00,Bot4,1,31,button,17156771365725037835,31,55
159,40,0.00,Bot1,1,58,button,12483826461050678573,58,42
159,40,0.00,Bot2,1,58,button,12483826461050678573,58,42
159,40,0.00,Bot3,1,58,button,12483826461050678573,58,42
159,40,0.00,Bot4,1,58,button,12483826461050678573,58,42
160,40,0.00,Bot1,1,42,button,8976784856399098613,42,27
160,40,0.00,Bot2,1,42,button,8976784856399098613,42,27
160,40,0.00,Bot3,1,42,button,8976784856399098613,42,27
160,40,0.00,Bot4,1,42,button,8976784856399098613,42,27
161,40,0.00,Bot1,1,18,button,15374236584724002604,18,47
161,40,0.00,Bot2,1,18,button,15374236584724002604,18,47
161,40,0.00,Bot3,1,18,button,15374236584724002604,18,47
161,40,0.00,Bot4,1,18,button,15374236584724002604,18,47
162,40,0.00,Bot1,1,24,button,5325636866484007578,24,26
162,40,0.00,Bot2,1,24,button,5325636866484007578,24,26
162,40,0.00,Bot3,1,24,button,5325636866484007578,24,26
162,40,0.00,Bot4,1,24,button,5325636866484007578,24,26
163,40,0.00,Bot1,1,4,button,17010396322192498096,4,55
163,40,0.00,Bot2,1,4,button,17010396322192498096,4,55
163,40,0.00,Bot3,1,4,button,17010396322192498096,4,55
163,40,0.00,Bot4,1,4,button,17010396322192498096,4,55
164,40,0.00,Bot1,1,31,button,5950298030196794531,31,26
164,40,0.00,Bot2,1,31,button,5950298030196794531,31,26
164,40,0.00,Bot3,1,31,button,5950298030196794531,31,26
164,40,0.00,Bot4,1,31,button,5950298030196794531,31,26
165,40,0.00,Bot1,1,28,button,660517598602431925,28,29
165,40,0.00,Bot2,1,28,button,660517598602431925,28,29
165,40,0.00,Bot3,1,28,button,660517598602431925,28,29
165,40,0.00,Bot4,1,28,button,660517598602431925,28,29
166,40,0.00,Bot1,1,38,button,15742528869489077498,38,18
166,40,0.00,Bot2,1,38,button,15742528869489077498,38,18
166,40,0.00,Bot3,1,38,button,15742528869489077498,38,18
166,40,0.00,Bot4,1,38,button,15742528869489077498,38,18
167,40,0.00,Bot1,1,43,button,6493614499301807519,43,43
167,40,0.00,Bot2,1,43,button,6493614499301807519,43,43
167,40,0.00,Bot3,1,43,button,6493614499301807519,43,43
167,40,0.00,Bot4,1,43,button,6493614499301807519,43,43
168,40,0.00,Bot1,1,37,button,13615884089789166041,37,67
168,40,0.00,Bot2,1,37,button,13615884089789166041,37,67
168,40,0.00,Bot3,1,37,button,13615884089789166041,37,67
168,40,0.00,Bot4,1,37,button,13615884089789166041,37,67
169,40,0.00,Bot1,1,51,button,5348269358224210243,51,32
169,40,0.00,Bot2,1,51,button,5348269358224210243,51,32
169,40,0.00,Bot3,1,51,button,5348269358224210243,51,32
169,40,0.00,Bot4,1,51,button,5348269358224210243,51,32
170,40,0.00,Bot1,1,30,button,7082556805460333852,30,23
170,40,0.00,Bot2,1,30,button,7082556805460333852,30,23
170,40,0.00,Bot3,1,30,button,7082556805460333852,30,23
170,40,0.00,Bot4,1,30,button,7082556805460333852,30,23
171,40,0.00,Bot1,1,25,button,14426058424530372818,25,53
171,40,0.00,Bot2,1,25,button,14426058424530372818,25,53
171,40,0.00,Bot3,1,25,button,14426058424530372818,25,53
171,40,0.00,Bot4,1,25,button,14426058424530372818,25,53
172,40,0.00,Bot1,1,17,button,13910398502913107116,17,28
172,40,0.00,Bot2,1,17,button,13910398502913107116,17,28
172,40,0.00,Bot3,1,17,button,13910398502913107116,17,28
172,40,0.00,Bot4,1,17,button,13910398502913107116,17,28
173,40,0.00,Bot1,1,19,button,3772743582914465700,19,28
173,40,0.00,Bot2,1,19,button,3772743582914465700,19,28
173,40,0.00,Bot3,1,19,button,3772743582914465700,19,28
173,40,0.00,Bot4,1,19,button,3772743582914465700,19,28
174,40,0.00,Bot1,1,40,button,16947661369230653058,40,42
174,40,0.00,Bot2,1,40,button,16947661369230653058,40,42
174,40,0.00,Bot3,1,40,button,16947661369230653058,40,42
174,40,0.00,Bot4,1,40,button,16947661369230653058,40,42
175,40,0.00,Bot1,1,60,button,6433177909214748559,60,23
175,40,0.00,Bot2,1,60,button,6433177909214748559,60,23
175,40,0.00,Bot3,1,60,button,6433177909214748559,60,23
175,40,0.00,Bot4,1,60,button,6433177909214748559,60,23
176,40,0.00,Bot1,1,22,button,17997179063993667761,22,22
176,40,0.00,Bot2,1,22,button,17997179063993667761,22,22
176,40,0.00,Bot3,1,22,button,17997179063993667761,22,22
176,40,0.00,Bot4,1,22,button,17997179063993667761,22,22
177,40,0.00,Bot1,1,32,button,17413961923113181795,32,51
177,40,0.00,Bot2,1,32,button,17413961923113181795,32,51
177,40,0.00,Bot3,1,32,button,17413961923113181795,32,51
177,40,0.00,Bot4,1,32,button,17413961923113181795,32,51
178,40,0.00,Bot1,1,51,button,9138719130553601632,51,27
178,40,0.00,Bot2,1,51,button,9138719130553601632,51,27
178,40,0.00,Bot3,1,51,button,9138719130553601632,51,27
178,40,0.00,Bot4,1,51,button,9138719130553601632,51,27
179,40,0.00,Bot1,1,42,button,14350267331196444044,42,16
179,40,0.00,Bot2,1,42,button,14350267331196444044,42,16
179,40,0.00,Bot3,1,46,button,14350267331196444044,42,16
179,40,0.00,Bot4,1,42,button,14350267331196444044,42,16
180,40,0.00,Bot1,1,59,button,12866884720174969634,59,32
180,40,0.00,Bot2,1,59,button,12866884720174969634,59,32
180,40,0.00,Bot3,1,59,button,12866884720174969634,59,32
180,40,0.00,Bot4,1,59,button,12866884720174969634,59,32
181,40,0.00,Bot1,1,42,button,7396215952319667991,42,9
181,40,0.00,Bot2,1,42,button,7396215952319667991,42,9
181,40,0.00,Bot3,1,42,button,7396215952319667991,42,9
181,40,0.00,Bot4,1,42,button,7396215952319667991,42,9
182,40,0.00,Bot1,1,23,button,8107907124754982367,23,32
182,40,0.00,Bot2,1,23,button,8107907124754982367,23,32
182,40,0.00,Bot3,1,23,button,8107907124754982367,23,32
182,40,0.00,Bot4,1,23,button,8107907124754982367,23,32
183,40,0.00,Bot1,1,30,button,514891962088146360,30,20
183,40,0.00,Bot2,1,30,button,514891962088146360,30,20
183,40,0.00,Bot3,1,30,button,514891962088146360,30,20
183,40,0.00,Bot4,1,30,button,514891962088146360,30,20
184,40,0.00,Bot1,1,24,button,765251807824773636,24,25
184,40,0.00,Bot2,1,24,button,765251807824773636,24,25
184,40,0.00,Bot3,1,24,button,765251807824773636,24,25
184,40,0.00,Bot4,1,24,button,765251807824773636,24,25
185,40,0.00,Bot1,1,18,button,14244685851454662823,18,45
185,40,0.00,Bot2,1,18,button,14244685851454662823,18,45
185,40,0.00,Bot3,1,18,button,14244685851454662823,18,45
185,40,0.00,Bot4,1,18,button,14244685851454662823,18,45
186,40,0.00,Bot1,1,15,button,11267855122830506166,15,49
186,40,0.00,Bot2,1,15,button,11267855122830506166,15,49
186,40,0.00,Bot3,1,15,button,11267855122830506166,15,49
186,40,0.00,Bot4,1,15,button,11267855122830506166,15,49
187,40,0.00,Bot1,1,54,button,12021912105398552925,54,60
187,40,0.00,Bot2,1,54,button,12021912105398552925,54,60
187,40,0.00,Bot3,1,54,button,12021912105398552925,54,60
187,40,0.00,Bot4,1,54,button,12021912105398552925,54,60
188,40,0.00,Bot1,1,33,button,14985845390038126017,33,63
188,40,0.00,Bot2,1,33,button,14985845390038126017,33,63
188,40,0.00,Bot3,1,33,button,14985845390038126017,33,63
188,40,0.00,Bot4,1,33,button,14985845390038126017,33,63
189,40,0.00,Bot1,1,31,button,12170875302731626690,31,38
189,40,0.00,Bot2,1,31,button,12170875302731626690,31,38
189,40,0.00,Bot3,1,31,button,12170875302731626690,31,38
189,40,0.00,Bot4,1,31,button,12170875302731626690,31,38
190,40,0.00,Bot1,1,10,button,17679218576880495143,10,16
190,40,0.00,Bot2,1,10,button,17679218576880495143,10,16
190,40,0.00,Bot3,1,10,button,17679218576880495143,10,16
190,40,0.00,Bot4,1,10,button,17679218576880495143,10,16
191,40,0.00,Bot1,1,34,button,53940728148684344,34,43
191,40,0.00,Bot2,1,34,button,53940728148684344,34,43
191,40,0.00,Bot3,1,34,button,53940728148684344,34,43
191,40,0.00,Bot4,1,34,button,53940728148684344,34,43
192,40,0.00,Bot1,1,20,button,18387346651856472546,20,8
192,40,0.00,Bot2,1,20,button,18387346651856472546,20,8
192,40,0.00,Bot3,1,20,button,18387346651856472546,20,8
192,40,0.00,Bot4,1,20,button,18387346651856472546,20,8
193,40,0.00,Bot1,1,32,button,16426918077782751386,32,18
193,40,0.00,Bot2,1,32,button,16426918077782751386,32,18
193,40,0.00,Bot3,1,32,button,16426918077782751386,32,18
193,40,0.00,Bot4,1,32,button,16426918077782751386,32,18
194,40,0.00,Bot1,1,40,button,14267259310976810992,40,49
194,40,0.00,Bot2,1,40,button,14267259310976810992,40,49
194,40,0.00,Bot3,1,40,button,14267259310976810992,40,49
194,40,0.00,Bot4,1,40,button,14267259310976810992,40,49
195,40,0.00,Bot1,1,29,button,2156714885852138676,29,21
195,40,0.00,Bot2,1,29,button,2156714885852138676,29,21
195,40,0.00,Bot3,1,29,button,2156714885852138676,29,21
195,40,0.00,Bot4,1,29,button,2156714885852138676,29,21
196,40,0.00,Bot1,1,23,button,14608088982366078430,23,22
196,40,0.00,Bot2,1,23,button,14608088982366078430,23,22
196,40,0.00,Bot3,1,23,button,14608088982366078430,23,22
196,40,0.00,Bot4,1,23,button,14608088982366078430,23,22
197,40,0.00,Bot1,1,41,button,15363720919909049641,41,45
197,40,0.00,Bot2,1,41,button,15363720919909049641,41,45
197,40,0.00,Bot3,1,41,button,15363720919909049641,41,45
197,40,0.00,Bot4,1,41,button,15363720919909049641,41,45
198,40,0.00,Bot1,1,21,button,7952213332947743121,21,13
198,40,0.00,Bot2,1,21,button,7952213332947743121,21,13
198,40,0.00,Bot3,1,21,button,7952213332947743121,21,13
198,40,0.00,Bot4,1,21,button,7952213332947743121,21,13
199,40,0.00,Bot1,1,28,button,4610462190162560412,28,35
199,40,0.00,Bot2,1,28,button,4610462190162560412,28,35
199,40,0.00,Bot3,1,28,button,4610462190162560412,28,35
199,40,0.00,Bot4,1,28,button,4610462190162560412,28,35
200,40,0.05,Bot1,1,21,button,2700063124648512434,21,27
200,40,0.05,Bot2,1,21,button,2700063124648512434,21,27
200,40,0.05,Bot3,1,21,button,2700063124648512434,21,27
200,40,0.05,Bot4,1,21,button,2700063124648512434,21,27
201,40,0.05,Bot1,1,4,button,16669545969588942259,4,14
201,40,0.05,Bot2,1,4,button,16669545969588942259,4,14
201,40,0.05,Bot3,1,4,button,16669545969588942259,4,14
201,40,0.05,Bot4,1,4,button,16669545969588942259,4,14
202,40,0.05,Bot1,1,17,button,701446427785379768,17,17
202,40,0.05,Bot2,1,17,button,701446427785379768,17,17
202,40,0.05,Bot3,1,17,button,701446427785379768,17,17
202,40,0.05,Bot4,1,17,button,701446427785379768,17,17
203,40,0.05,Bot1,1,51,button,12131641992274697695,51,58
203,40,0.05,Bot2,1,51,button,12131641992274697695,51,58
203,40,0.05,Bot3,1,51,button,12131641992274697695,51,58
203,40,0.05,Bot4,1,51,button,12131641992274697695,51,58
204,40,0.05,Bot1,1,33,button,14661569897105566674,33,15
204,40,0.05,Bot2,1,33,button,14661569897105566674,33,15
204,40,0.05,Bot3,1,33,button,14661569897105566674,33,15
204,40,0.05,Bot4,1,33,button,14661569897105566674,33,15
205,40,0.05,Bot1,1,63,button,2759219588235028571,63,55
205,40,0.05,Bot2,1,63,button,2759219588235028571,63,55
205,40,0.05,Bot3,1,63,button,2759219588235028571,63,55
205,40,0.05,Bot4,1,63,button,2759219588235028571,63,55
206,40,0.05,Bot1,1,3,button,9575039676123788688,3,40
206,40,0.05,Bot2,1,3,button,9575039676123788688,3,40
206,40,0.05,Bot3,1,3,button,9575039676123788688,3,40
206,40,0.05,Bot4,1,3,button,9575039676123788688,3,40
207,40,0.05,Bot1,1,33,button,4908850744847402848,33,30
207,40,0.05,Bot2,1,33,button,4908850744847402848,33,30
207,40,0.05,Bot3,1,33,button,4908850744847402848,33,30
207,40,0.05,Bot4,1,33,button,4908850744847402848,33,30
208,40,0.05,Bot1,1,21,button,5187604068400450642,21,19
208,40,0.05,Bot2,1,21,button,5187604068400450642,21,19
208,40,0.05,Bot3,1,21,button,5187604068400450642,21,19
208,40,0.05,Bot4,1,21,button,5187604068400450642,21,19
209,40,0.05,Bot1,1,21,button,4921889755313062275,21,7
209,40,0.05,Bot2,1,21,button,4921889755313062275,21,7
209,40,0.05,Bot3,1,21,button,4921889755313062275,21,7
209,40,0.05,Bot4,1,21,button,4921889755313062275,21,7
210,40,0.05,Bot1,1,37,button,4661587563630968121,37,18
210,40,0.05,Bot2,1,37,button,4661587563630968121,37,18
210,40,0.05,Bot3,1,37,button,4661587563630968121,37,18
210,40,0.05,Bot4,1,37,button,4661587563630968121,37,18
211,40,0.05,Bot1,1,39,button,105354234032906381,39,26
211,40,0.05,Bot2,1,39,button,105354234032906381,39,26
211,40,0.05,Bot3,1,39,button,105354234032906381,39,26
211,40,0.05,Bot4,1,39,button,105354234032906381,39,26
212,40,0.05,Bot1,1,42,button,8363478830701978544,42,43
212,40,0.05,Bot2,1,42,button,8363478830701978544,42,43
212,40,0.05,Bot3,1,42,button,8363478830701978544,42,43
212,40,0.05,Bot4,1,42,button,8363478830701978544,42,43
213,40,0.05,Bot1,1,25,button,1775661097855178339,25,17
213,40,0.05,Bot2,1,25,button,1775661097855178339,25,17
213,40,0.05,Bot3,1,25,button,1775661097855178339,25,17
213,40,0.05,Bot4,1,25,button,1775661097855178339,25,17
214,40,0.05,Bot1,1,52,button,10815150212822691899,52,45
214,40,0.05,Bot2,1,52,button,10815150212822691899,52,45
214,40,0.05,Bot3,1,52,button,10815150212822691899,52,45
214,40,0.05,Bot4,1,52,button,10815150212822691899,52,45
215,40,0.05,Bot1,1,14,button,4324607842043097058,14,44
215,40,0.05,Bot2,1,14,button,4324607842043097058,14,44
215,40,0.05,Bot3,1,14,button,4324607842043097058,14,44
215,40,0.05,Bot4,1,14,button,4324607842043097058,14,44
216,40,0.05,Bot1,1,11,button,6709252329582998345,11,2
216,40,0.05,Bot2,1,11,button,6709252329582998345,11,2
216,40,0.05,Bot3,1,11,button,6709252329582998345,11,2
216,40,0.05,Bot4,1,11,button,6709252329582998345,11,2
217,40,0.05,Bot1,1,44,button,6817249907812265850,44,34
217,40,0.05,Bot2,1,44,button,6817249907812265850,44,34
217,40,0.05,Bot3,1,44,button,6817249907812265850,44,34
217,40,0.05,Bot4,1,44,button,6817249907812265850,44,34
218,40,0.05,Bot1,1,19,button,130944077267036638,19,35
218,40,0.05,Bot2,1,19,button,130944077267036638,19,35
218,40,0.05,Bot3,1,19,button,130944077267036638,19,35
218,40,0.05,Bot4,1,19,button,130944077267036638,19,35
219,40,0.05,Bot1,1,62,button,6800257356314574863,62,36
219,40,0.05,Bot2,1,62,button,6800257356314574863,62,36
219,40,0.05,Bot3,1,62,button,6800257356314574863,62,36
219,40,0.05,Bot4,1,62,button,6800257356314574863,62,36
220,40,0.05,Bot1,1,48,button,500533403506792815,48,11
220,40,0.05,Bot2,1,48,button,500533403506792815,48,11
220,40,0.05,Bot3,1,48,button,500533403506792815,48,11
220,40,0.05,Bot4,1,48,button,500533403506792815,48,11
221,40,0.05,Bot1,1,28,button,15121723249596301146,28,48
221,40,0.05,Bot2,1,28,button,15121723249596301146,28,48
221,40,0.05,Bot3,1,28,button,15121723249596301146,28,48
221,40,0.05,Bot4,1,28,button,15121723249596301146,28,48
222,40,0.05,Bot1,1,31,button,15153303358132705040,31,43
222,40,0.05,Bot2,1,31,button,15153303358132705040,31,43
222,40,0.05,Bot3,1,31,button,15153303358132705040,31,43
222,40,0.05,Bot4,1,31,button,15153303358132705040,31,43
223,40,0.05,Bot1,1,34,button,160883642165006791,34,49
223,40,0.05,Bot2,1,34,button,160883642165006791,34,49
223,40,0.05,Bot3,1,34,button,160883642165006791,34,49
223,40,0.05,Bot4,1,34,button,160883642165006791,34,49
224,40,0.05,Bot1,1,38,button,15171533099400649200,38,21
224,40,0.05,Bot2,1,38,button,15171533099400649200,38,21
224,40,0.05,Bot3,1,38,button,15171533099400649200,38,21
224,40,0.05,Bot4,1,38,button,15171533099400649200,38,21
225,40,0.05,Bot1,1,61,button,5549481152913259725,61,49
225,40,0.05,Bot2,1,61,button,5549481152913259725,61,49
225,40,0.05,Bot3,1,61,button,5549481152913259725,61,49
225,40,0.05,Bot4,1,61,button,5549481152913259725,61,49
226,40,0.05,Bot1,0,45,walked_into_fire,10681500375385534160,48,2
226,40,0.05,Bot2,1,50,button,10681500375385534160,48,2
226,40,0.05,Bot3,1,50,button,10681500375385534160,48,2
226,40,0.05,Bot4,1,50,button,10681500375385534160,48,2
227,40,0.05,Bot1,1,45,button,6216576659863532678,45,42
227,40,0.05,Bot2,1,45,button,6216576659863532678,45,42
227,40,0.05,Bot3,1,47,button,6216576659863532678,45,42
227,40,0.05,Bot4,1,45,button,6216576659863532678,45,42
228,40,0.05,Bot1,1,43,button,6601242735430568485,43,53
228,40,0.05,Bot2,1,43,button,6601242735430568485,43,53
228,40,0.05,Bot3,1,43,button,6601242735430568485,43,53
228,40,0.05,Bot4,1,43,button,6601242735430568485,43,53
229,40,0.05,Bot1,1,63,button,2003441763161512468,63,35
229,40,0.05,Bot2,1,63,button,2003441763161512468,63,35
229,40,0.05,Bot3,1,63,button,2003441763161512468,63,35
229,40,0.05,Bot4,1,63,button,2003441763161512468,63,35
230,40,0.05,Bot1,1,12,button,9943431375449555832,12,28
230,40,0.05,Bot2,1,12,button,9943431375449555832,12,28
230,40,0.05,Bot3,1,12,button,9943431375449555832,12,28
230,40,0.05,Bot4,1,12,button,9943431375449555832,12,28
231,40,0.05,Bot1,1,39,button,16662895345805251440,39,23
231,40,0.05,Bot2,1,39,button,16662895345805251440,39,23
231,40,0.05,Bot3,1,39,button,16662895345805251440,39,23
231,40,0.05,Bot4,1,39,button,16662895345805251440,39,23
232,40,0.05,Bot1,1,35,button,3718144269217097888,35,42
232,40,0.05,Bot2,1,35,button,3718144269217097888,35,42
232,40,0.05,Bot3,1,35,button,3718144269217097888,35,42
232,40,0.05,Bot4,1,35,button,3718144269217097888,35,42
233,40,0.05,Bot1,1,36,button,7850517127809050504,36,42
233,40,0.05,Bot2,1,36,button,7850517127809050504,36,42
233,40,0.05,Bot3,1,36,button,7850517127809050504,36,42
233,40,0.05,Bot4,1,36,button,7850517127809050504,36,42
234,40,0.05,Bot1,1,23,button,5761516464135300058,23,14
234,40,0.05,Bot2,1,23,button,5761516464135300058,23,14
234,40,0.05,Bot3,1,23,button,5761516464135300058,23,14
234,40,0.05,Bot4,1,23,button,5761516464135300058,23,14
235,40,0.05,Bot1,1,52,button,1921798583495740511,52,30
235,40,0.05,Bot2,1,52,button,1921798583495740511,52,30
235,40,0.05,Bot3,1,52,button,1921798583495740511,52,30
235,40,0.05,Bot4,1,52,button,1921798583495740511,52,30
236,40,0.05,Bot1,1,22,button,12744450385140130822,22,11
236,40,0.05,Bot2,1,22,button,12744450385140130822,22,11
236,40,0.05,Bot3,1,22,button,12744450385140130822,22,11
236,40,0.05,Bot4,1,22,button,12744450385140130822,22,11
237,40,0.05,Bot1,1,16,button,11238527450160410123,16,49
237,40,0.05,Bot2,1,16,button,11238527450160410123,16,49
237,40,0.05,Bot3,1,16,button,11238527450160410123,16,49
237,40,0.05,Bot4,1,16,button,11238527450160410123,16,49
238,40,0.05,Bot1,1,20,button,485388990955963560,20,9
238,40,0.05,Bot2,1,20,button,485388990955963560,20,9
238,40,0.05,Bot3,1,20,button,485388990955963560,20,9
238,40,0.05,Bot4,1,20,button,485388990955963560,20,9
239,40,0.05,Bot1,1,26,button,5097388579577432171,26,35
239,40,0.05,Bot2,1,26,button,5097388579577432171,26,35
239,40,0.05,Bot3,1,26,button,5097388579577432171,26,35
239,40,0.05,Bot4,1,26,button,5097388579577432171,26,35
240,40,0.05,Bot1,1,36,button,4558563389155007269,36,37
240,40,0.05,Bot2,1,36,button,4558563389155007269,36,37
240,40,0.05,Bot3,1,36,button,4558563389155007269,36,37
240,40,0.05,Bot4,1,36,button,4558563389155007269,36,37
241,40,0.05,Bot1,1,4,button,11668399981979686350,4,32
241,40,0.05,Bot2,1,4,button,11668399981979686350,4,32
241,40,0.05,Bot3,1,4,button,11668399981979686350,4,32
241,40,0.05,Bot4,1,4,button,11668399981979686350,4,32
242,40,0.05,Bot1,0,53,walked_into_fire,13505919670400753051,69,10
242,40,0.05,Bot2,0,281,caught_by_fire,13505919670400753051,69,10
242,40,0.05,Bot3,0,236,caught_by_fire,13505919670400753051,69,10
242,40,0.05,Bot4,0,281,caught_by_fire,13505919670400753051,69,10
243,40,0.05,Bot1,1,32,button,7924002709742871905,32,31
243,40,0.05,Bot2,1,32,button,7924002709742871905,32,31
243,40,0.05,Bot3,1,32,button,7924002709742871905,32,31
243,40,0.05,Bot4,1,32,button,7924002709742871905,32,31
244,40,0.05,Bot1,1,44,button,5862387296784465352,44,11
244,40,0.05,Bot2,1,44,button,5862387296784465352,44,11
244,40,0.05,Bot3,1,44,button,5862387296784465352,44,11
244,40,0.05,Bot4,1,44,button,5862387296784465352,44,11
245,40,0.05,Bot1,1,33,button,12763410047581885186,33,28
245,40,0.05,Bot2,1,33,button,12763410047581885186,33,28
245,40,0.05,Bot3,1,33,button,12763410047581885186,33,28
245,40,0.05,Bot4,1,33,button,12763410047581885186,33,28
246,40,0.05,Bot1,1,11,button,15166890139575738020,11,32
246,40,0.05,Bot2,1,11,button,15166890139575738020,11,32
246,40,0.05,Bot3,1,11,button,15166890139575738020,11,32
246,40,0.05,Bot4,1,11,button,15166890139575738020,11,32
247,40,0.05,Bot1,1,20,button,17711218678990504385,20,55
247,40,0.05,Bot2,1,20,button,17711218678990504385,20,55
247,40,0.05,Bot3,1,20,button,17711218678990504385,20,55
247,40,0.05,Bot4,1,20,button,17711218678990504385,20,55
248,40,0.05,Bot1,1,26,button,424897885184673296,26,25
248,40,0.05,Bot2,1,26,button,424897885184673296,26,25
248,40,0.05,Bot3,1,26,button,424897885184673296,26,25
248,40,0.05,Bot4,1,26,button,424897885184673296,26,25
249,40,0.05,Bot1,0,20,walked_into_fire,3988453415293544210,35,16
249,40,0.05,Bot2,1,51,button,3988453415293544210,35,16
249,40,0.05,Bot3,1,41,button,3988453415293544210,35,16
249,40,0.05,Bot4,1,49,button,3988453415293544210,35,16
250,40,0.05,Bot1,1,28,button,12897490199822392135,28,46
250,40,0.05,Bot2,1,28,button,12897490199822392135,28,46
250,40,0.05,Bot3,1,28,button,12897490199822392135,28,46
250,40,0.05,Bot4,1,28,button,12897490199822392135,28,46
251,40,0.05,Bot1,1,21,button,7478669511298082373,21,44
251,40,0.05,Bot2,1,21,button,7478669511298082373,21,44
251,40,0.05,Bot3,1,21,button,7478669511298082373,21,44
251,40,0.05,Bot4,1,21,button,7478669511298082373,21,44
252,40,0.05,Bot1,1,2,button,15328518285706256683,2,30
252,40,0.05,Bot2,1,2,button,15328518285706256683,2,30
252,40,0.05,Bot3,1,2,button,15328518285706256683,2,30
252,40,0.05,Bot4,1,2,button,15328518285706256683,2,30
253,40,0.05,Bot1,0,12,walked_into_fire,14617004357350129298,59,46
253,40,0.05,Bot2,1,63,button,14617004357350129298,59,46
253,40,0.05,Bot3,1,63,button,14617004357350129298,59,46
253,40,0.05,Bot4,1,63,button,14617004357350129298,59,46
254,40,0.05,Bot1,1,36,button,17553687369781382326,36,47
254,40,0.05,Bot2,1,36,button,17553687369781382326,36,47
254,40,0.05,Bot3,1,36,button,17553687369781382326,36,47
254,40,0.05,Bot4,1,36,button,17553687369781382326,36,47
255,40,0.05,Bot1,1,77,button,524770552846546424,77,23
255,40,0.05,Bot2,1,77,button,524770552846546424,77,23
255,40,0.05,Bot3,1,77,button,524770552846546424,77,23
255,40,0.05,Bot4,1,77,button,524770552846546424,77,23
256,40,0.05,Bot1,1,31,button,2251937811706689883,31,26
256,40,0.05,Bot2,1,31,button,2251937811706689883,31,26
256,40,0.05,Bot3,1,31,button,2251937811706689883,31,26
256,40,0.05,Bot4,1,31,button,2251937811706689883,31,26
257,40,0.05,Bot1,1,5,button,11387730517962422484,5,43
257,40,0.05,Bot2,1,5,button,11387730517962422484,5,43
257,40,0.05,Bot3,1,5,button,11387730517962422484,5,43
257,40,0.05,Bot4,1,5,button,11387730517962422484,5,43
258,40,0.05,Bot1,1,27,button,10968344971828481558,27,54
258,40,0.05,Bot2,1,27,button,10968344971828481558,27,54
258,40,0.05,Bot3,1,27,button,10968344971828481558,27,54
258,40,0.05,Bot4,1,27,button,10968344971828481558,27,54
259,40,0.05,Bot1,1,36,button,1348955958955809083,36,16
259,40,0.05,Bot2,1,36,button,1348955958955809083,36,16
259,40,0.05,Bot3,1,36,button,1348955958955809083,36,16
259,40,0.05,Bot4,1,36,button,1348955958955809083,36,16
260,40,0.05,Bot1,1,23,button,3833169255683042256,23,36
260,40,0.05,Bot2,1,23,button,3833169255683042256,23,36
260,40,0.05,Bot3,1,23,button,3833169255683042256,23,36
260,40,0.05,Bot4,1,23,button,3833169255683042256,23,36
261,40,0.05,Bot1,1,14,button,4169393215962970840,14,21
261,40,0.05,Bot2,1,14,button,4169393215962970840,14,21
261,40,0.05,Bot3,1,14,button,4169393215962970840,14,21
261,40,0.05,Bot4,1,14,button,4169393215962970840,14,21
262,40,0.05,Bot1,1,35,button,14454176810802819313,35,20
262,40,0.05,Bot2,1,35,button,14454176810802819313,35,20
262,40,0.05,Bot3,1,35,button,14454176810802819313,35,20
262,40,0.05,Bot4,1,35,button,14454176810802819313,35,20
263,40,0.05,Bot1,1,22,button,6038347587732220313,22,38
263,40,0.05,Bot2,1,22,button,6038347587732220313,22,38
263,40,0.05,Bot3,1,22,button,6038347587732220313,22,38
263,40,0.05,Bot4,1,22,button,6038347587732220313,22,38
264,40,0.05,Bot1,1,63,button,5143593226886273210,63,56
264,40,0.05,Bot2,1,63,button,5143593226886273210,63,56
264,40,0.05,Bot3,1,63,button,5143593226886273210,63,56
264,40,0.05,Bot4,1,63,button,5143593226886273210,63,56
265,40,0.05,Bot1,1,36,button,5149241032739483141,36,32
265,40,0.05,Bot2,1,36,button,5149241032739483141,36,32
265,40,0.05,Bot3,1,36,button,5149241032739483141,36,32
265,40,0.05,Bot4,1,36,button,5149241032739483141,36,32
266,40,0.05,Bot1,0,17,walked_into_fire,5567561493055871713,18,1
266,40,0.05,Bot2,0,64,caught_by_fire,5567561493055871713,18,1
266,40,0.05,Bot3,0,64,caught_by_fire,5567561493055871713,18,1
266,40,0.05,Bot4,0,30,caught_by_fire,5567561493055871713,18,1
267,40,0.05,Bot1,1,22,button,3160338817878561300,22,19
267,40,0.05,Bot2,1,22,button,3160338817878561300,22,19
267,40,0.05,Bot3,1,22,button,3160338817878561300,22,19
267,40,0.05,Bot4,1,22,button,3160338817878561300,22,19
268,40,0.05,Bot1,1,44,button,16443510266045478190,44,50
268,40,0.05,Bot2,1,44,button,16443510266045478190,44,50
268,40,0.05,Bot3,1,44,button,16443510266045478190,44,50
268,40,0.05,Bot4,1,44,button,16443510266045478190,44,50
269,40,0.05,Bot1,1,12,button,4548144934826217364,12,49
269,40,0.05,Bot2,1,12,button,4548144934826217364,12,49
269,40,0.05,Bot3,1,12,button,4548144934826217364,12,49
269,40,0.05,Bot4,1,12,button,4548144934826217364,12,49
270,40,0.05,Bot1,1,44,button,4666894912881779953,44,33
270,40,0.05,Bot2,1,44,button,4666894912881779953,44,33
270,40,0.05,Bot3,1,44,button,4666894912881779953,44,33
270,40,0.05,Bot4,1,44,button,4666894912881779953,44,33
271,40,0.05,Bot1,1,43,button,10189228685841802754,43,4
271,40,0.05,Bot2,1,43,button,10189228685841802754,43,4
271,40,0.05,Bot3,1,43,button,10189228685841802754,43,4
271,40,0.05,Bot4,1,43,button,10189228685841802754,43,4
272,40,0.05,Bot1,1,18,button,17927741761634295400,18,43
272,40,0.05,Bot2,1,18,button,17927741761634295400,18,43
272,40,0.05,Bot3,1,18,button,17927741761634295400,18,43
272,40,0.05,Bot4,1,18,button,17927741761634295400,18,43
273,40,0.05,Bot1,1,35,button,15680361507265436847,31,18
273,40,0.05,Bot2,1,35,button,15680361507265436847,31,18
273,40,0.05,Bot3,1,35,button,15680361507265436847,31,18
273,40,0.05,Bot4,1,35,button,15680361507265436847,31,18
274,40,0.05,Bot1,1,18,button,16277180267008360317,18,45
274,40,0.05,Bot2,1,18,button,16277180267008360317,18,45
274,40,0.05,Bot3,1,18,button,16277180267008360317,18,45
274,40,0.05,Bot4,1,18,button,16277180267008360317,18,45
275,40,0.05,Bot1,1,21,button,1590904549616869054,21,22
275,40,0.05,Bot2,1,21,button,1590904549616869054,21,22
275,40,0.05,Bot3,1,21,button,1590904549616869054,21,22
275,40,0.05,Bot4,1,21,button,1590904549616869054,21,22
276,40,0.05,Bot1,1,17,button,6228171617224430324,17,73
276,40,0.05,Bot2,1,17,button,6228171617224430324,17,73
276,40,0.05,Bot3,1,17,button,6228171617224430324,17,73
276,40,0.05,Bot4,1,17,button,6228171617224430324,17,73
277,40,0.05,Bot1,1,39,button,6177752094529968895,39,17
277,40,0.05,Bot2,1,39,button,6177752094529968895,39,17
277,40,0.05,Bot3,1,39,button,6177752094529968895,39,17
277,40,0.05,Bot4,1,39,button,6177752094529968895,39,17
278,40,0.05,Bot1,1,43,button,16484198821013359473,43,23
278,40,0.05,Bot2,1,43,button,16484198821013359473,43,23
278,40,0.05,Bot3,1,43,button,16484198821013359473,43,23
278,40,0.05,Bot4,1,43,button,16484198821013359473,43,23
279,40,0.05,Bot1,1,27,button,9260289074589988049,27,52
279,40,0.05,Bot2,1,27,button,9260289074589988049,27,52
279,40,0.05,Bot3,1,27,button,9260289074589988049,27,52
279,40,0.05,Bot4,1,27,button,9260289074589988049,27,52
280,40,0.05,Bot1,1,27,button,4844189176823119401,27,40
280,40,0.05,Bot2,1,27,button,4844189176823119401,27,40
280,40,0.05,Bot3,1,27,button,4844189176823119401,27,40
280,40,0.05,Bot4,1,27,button,4844189176823119401,27,40
281,40,0.05,Bot1,1,18,button,1004425589671209775,18,27
281,40,0.05,Bot2,1,18,button,1004425589671209775,18,27
281,40,0.05,Bot3,1,18,button,1004425589671209775,18,27
281,40,0.05,Bot4,1,18,button,1004425589671209775,18,27
282,40,0.05,Bot1,1,29,button,4795206278542776720,29,33
282,40,0.05,Bot2,1,29,button,4795206278542776720,29,33
282,40,0.05,Bot3,1,29,button,4795206278542776720,29,33
282,40,0.05,Bot4,1,29,button,4795206278542776720,29,33
283,40,0.05,Bot1,1,25,button,9176761790826018184,25,50
283,40,0.05,Bot2,1,25,button,9176761790826018184,25,50
283,40,0.05,Bot3,1,25,button,9176761790826018184,25,50
283,40,0.05,Bot4,1,25,button,9176761790826018184,25,50
284,40,0.05,Bot1,1,54,button,12031492096439012013,54,21
284,40,0.05,Bot2,1,54,button,12031492096439012013,54,21
284,40,0.05,Bot3,1,54,button,12031492096439012013,54,21
284,40,0.05,Bot4,1,54,button,12031492096439012013,54,21
285,40,0.05,Bot1,1,43,button,3241676228027249992,43,32
285,40,0.05,Bot2,1,43,button,3241676228027249992,43,32
285,40,0.05,Bot3,1,43,button,3241676228027249992,43,32
285,40,0.05,Bot4,1,43,button,3241676228027249992,43,32
286,40,0.05,Bot1,1,22,button,1271189661607731160,22,35
286,40,0.05,Bot2,1,22,button,1271189661607731160,22,35
286,40,0.05,Bot3,1,22,button,1271189661607731160,22,35
286,40,0.05,Bot4,1,22,button,1271189661607731160,22,35
287,40,0.05,Bot1,1,16,button,17433502961177449251,16,33
287,40,0.05,Bot2,1,16,button,17433502961177449251,16,33
287,40,0.05,Bot3,1,16,button,17433502961177449251,16,33
287,40,0.05,Bot4,1,16,button,17433502961177449251,16,33
288,40,0.05,Bot1,1,34,button,14219948402356811045,34,31
288,40,0.05,Bot2,1,34,button,14219948402356811045,34,31
288,40,0.05,Bot3,1,34,button,14219948402356811045,34,31
288,40,0.05,Bot4,1,34,button,14219948402356811045,34,31
289,40,0.05,Bot1,1,36,button,12947992211949703424,36,30
289,40,0.05,Bot2,1,36,button,12947992211949703424,36,30
289,40,0.05,Bot3,1,36,button,12947992211949703424,36,30
289,40,0.05,Bot4,1,36,button,12947992211949703424,36,30
290,40,0.05,Bot1,1,9,button,16728948471099152541,9,17
290,40,0.05,Bot2,1,9,button,16728948471099152541,9,17
290,40,0.05,Bot3,1,9,button,16728948471099152541,9,17
290,40,0.05,Bot4,1,9,button,16728948471099152541,9,17
291,40,0.05,Bot1,1,46,button,14254419948392325251,46,15
291,40,0.05,Bot2,1,46,button,14254419948392325251,46,15
291,40,0.05,Bot3,1,46,button,14254419948392325251,46,15
291,40,0.05,Bot4,1,46,button,14254419948392325251,46,15
292,40,0.05,Bot1,1,22,button,17381401375542975424,22,12
292,40,0.05,Bot2,1,22,button,17381401375542975424,22,12
292,40,0.05,Bot3,1,22,button,17381401375542975424,22,12
292,40,0.05,Bot4,1,22,button,17381401375542975424,22,12
293,40,0.05,Bot1,1,43,button,16127915339843403137,43,31
293,40,0.05,Bot2,1,43,button,16127915339843403137,43,31
293,40,0.05,Bot3,1,43,button,16127915339843403137,43,31
293,40,0.05,Bot4,1,43,button,16127915339843403137,43,31
294,40,0.05,Bot1,1,57,button,1756387544984311228,57,52
294,40,0.05,Bot2,1,57,button,1756387544984311228,57,52
294,40,0.05,Bot3,1,57,button,1756387544984311228,57,52
294,40,0.05,Bot4,1,57,button,1756387544984311228,57,52
295,40,0.05,Bot1,1,24,button,18443217435335992977,24,39
295,40,0.05,Bot2,1,24,button,18443217435335992977,24,39
295,40,0.05,Bot3,1,24,button,18443217435335992977,24,39
295,40,0.05,Bot4,1,24,button,18443217435335992977,24,39
296,40,0.05,Bot1,1,33,button,15556294641966734220,33,23
296,40,0.05,Bot2,1,33,button,15556294641966734220,33,23
296,40,0.05,Bot3,1,33,button,15556294641966734220,33,23
296,40,0.05,Bot4,1,33,button,15556294641966734220,33,23
297,40,0.05,Bot1,1,28,button,7325087554063256397,28,36
297,40,0.05,Bot2,1,28,button,7325087554063256397,28,36
297,40,0.05,Bot3,1,28,button,7325087554063256397,28,36
297,40,0.05,Bot4,1,28,button,7325087554063256397,28,36
298,40,0.05,Bot1,1,36,button,3986057131336770967,36,34
298,40,0.05,Bot2,1,36,button,3986057131336770967,36,34
298,40,0.05,Bot3,1,36,button,3986057131336770967,36,34
298,40,0.05,Bot4,1,36,button,3986057131336770967,36,34
299,40,0.05,Bot1,1,36,button,8826297240498292412,36,46
299,40,0.05,Bot2,1,36,button,8826297240498292412,36,46
299,40,0.05,Bot3,1,36,button,8826297240498292412,36,46
299,40,0.05,Bot4,1,36,button,8826297240498292412,36,46
300,40,0.05,Bot1,1,16,button,2938436340363933905,16,9
300,40,0.05,Bot2,1,16,button,2938436340363933905,16,9
300,40,0.05,Bot3,1,16,button,2938436340363933905,16,9
300,40,0.05,Bot4,1,16,button,2938436340363933905,16,9
301,40,0.05,Bot1,1,29,button,16750131749799390577,29,6
301,40,0.05,Bot2,1,29,button,16750131749799390577,29,6
301,40,0.05,Bot3,1,29,button,16750131749799390577,29,6
301,40,0.05,Bot4,1,29,button,16750131749799390577,29,6
302,40,0.05,Bot1,1,36,button,8369416554145344543,36,37
302,40,0.05,Bot2,1,36,button,8369416554145344543,36,37
302,40,0.05,Bot3,1,36,button,8369416554145344543,36,37
302,40,0.05,Bot4,1,36,button,8369416554145344543,36,37
303,40,0.05,Bot1,0,20,walked_into_fire,5853413847975724631,18,6
303,40,0.05,Bot2,0,85,caught_by_fire,5853413847975724631,18,6
303,40,0.05,Bot3,0,85,caught_by_fire,5853413847975724631,18,6
303,40,0.05,Bot4,0,85,caught_by_fire,5853413847975724631,18,6
304,40,0.05,Bot1,1,43,button,17033624305392769269,43,65
304,40,0.05,Bot2,1,43,button,17033624305392769269,43,65
304,40,0.05,Bot3,1,43,button,17033624305392769269,43,65
304,40,0.05,Bot4,1,43,button,17033624305392769269,43,65
305,40,0.05,Bot1,1,36,button,9282994564849286779,36,39
305,40,0.05,Bot2,1,36,button,9282994564849286779,36,39
305,40,0.05,Bot3,1,36,button,9282994564849286779,36,39
305,40,0.05,Bot4,1,36,button,9282994564849286779,36,39
306,40,0.05,Bot1,1,20,button,6797827883364597382,20,35
306,40,0.05,Bot2,1,20,button,6797827883364597382,20,35
306,40,0.05,Bot3,1,20,button,6797827883364597382,20,35
306,40,0.05,Bot4,1,20,button,6797827883364597382,20,35
307,40,0.05,Bot1,1,33,button,6731994443440251129,33,27
307,40,0.05,Bot2,1,33,button,6731994443440251129,33,27
307,40,0.05,Bot3,1,33,button,6731994443440251129,33,27
307,40,0.05,Bot4,1,33,button,6731994443440251129,33,27
308,40,0.05,Bot1,1,5,button,7315313798586824998,5,52
308,40,0.05,Bot2,1,5,button,7315313798586824998,5,52
308,40,0.05,Bot3,1,5,button,7315313798586824998,5,52
308,40,0.05,Bot4,1,5,button,7315313798586824998,5,52
309,40,0.05,Bot1,1,53,button,12958851213933380788,53,34
309,40,0.05,Bot2,1,53,button,12958851213933380788,53,34
309,40,0.05,Bot3,1,53,button,12958851213933380788,53,34
309,40,0.05,Bot4,1,53,button,12958851213933380788,53,34
310,40,0.05,Bot1,1,35,button,447762406211180166,35,31
310,40,0.05,Bot2,1,35,button,447762406211180166,35,31
310,40,0.05,Bot3,1,35,button,447762406211180166,35,31
310,40,0.05,Bot4,1,35,button,447762406211180166,35,31
311,40,0.05,Bot1,1,55,button,4001875801227529499,55,63
311,40,0.05,Bot2,1,55,button,4001875801227529499,55,63
311,40,0.05,Bot3,1,55,button,4001875801227529499,55,63
311,40,0.05,Bot4,1,55,button,4001875801227529499,55,63
312,40,0.05,Bot1,1,2,button,5030148942266251865,2,40
312,40,0.05,Bot2,1,2,button,5030148942266251865,2,40
312,40,0.05,Bot3,1,2,button,5030148942266251865,2,40
312,40,0.05,Bot4,1,2,button,5030148942266251865,2,40
313,40,0.05,Bot1,1,28,button,11661667506192950557,28,55
313,40,0.05,Bot2,1,28,button,11661667506192950557,28,55
313,40,0.05,Bot3,1,28,button,11661667506192950557,28,55
313,40,0.05,Bot4,1,28,button,11661667506192950557,28,55
314,40,0.05,Bot1,1,22,button,13596113875408604282,22,51
314,40,0.05,Bot2,1,22,button,13596113875408604282,22,51
314,40,0.05,Bot3,1,22,button,13596113875408604282,22,51
314,40,0.05,Bot4,1,22,button,13596113875408604282,22,51
315,40,0.05,Bot1,1,44,button,8719326134425359439,44,62
315,40,0.05,Bot2,1,44,button,8719326134425359439,44,62
315,40,0.05,Bot3,1,44,button,8719326134425359439,44,62
315,40,0.05,Bot4,1,44,button,8719326134425359439,44,62
316,40,0.05,Bot1,1,32,button,10444230198341386827,32,17
316,40,0.05,Bot2,1,32,button,10444230198341386827,32,17
316,40,0.05,Bot3,1,32,button,10444230198341386827,32,17
316,40,0.05,Bot4,1,32,button,10444230198341386827,32,17
317,40,0.05,Bot1,1,12,button,3152400484533817259,12,37
317,40,0.05,Bot2,1,12,button,3152400484533817259,12,37
317,40,0.05,Bot3,1,12,button,3152400484533817259,12,37
317,40,0.05,Bot4,1,12,button,3152400484533817259,12,37
318,40,0.05,Bot1,1,43,button,12591583054444083164,43,45
318,40,0.05,Bot2,1,43,button,12591583054444083164,43,45
318,40,0.05,Bot3,1,43,button,12591583054444083164,43,45
318,40,0.05,Bot4,1,43,button,12591583054444083164,43,45
319,40,0.05,Bot1,1,38,button,13316955202813024163,38,27
319,40,0.05,Bot2,1,38,button,13316955202813024163,38,27
319,40,0.05,Bot3,1,38,button,13316955202813024163,38,27
319,40,0.05,Bot4,1,38,button,13316955202813024163,38,27
320,40,0.05,Bot1,1,78,button,2404210628377702732,78,32
320,40,0.05,Bot2,1,78,button,2404210628377702732,78,32
320,40,0.05,Bot3,1,78,button,2404210628377702732,78,32
320,40,0.05,Bot4,1,78,button,2404210628377702732,78,32
321,40,0.05,Bot1,1,48,button,4200437970502880418,48,28
321,40,0.05,Bot2,1,48,button,4200437970502880418,48,28
321,40,0.05,Bot3,1,48,button,4200437970502880418,48,28
321,40,0.05,Bot4,1,48,button,4200437970502880418,48,28
322,40,0.05,Bot1,1,36,button,5757174982322854426,36,48
322,40,0.05,Bot2,1,36,button,5757174982322854426,36,48
322,40,0.05,Bot3,1,36,button,5757174982322854426,36,48
322,40,0.05,Bot4,1,36,button,5757174982322854426,36,48
323,40,0.05,Bot1,1,32,button,6614101336723464628,32,20
323,40,0.05,Bot2,1,32,button,6614101336723464628,32,20
323,40,0.05,Bot3,1,32,button,6614101336723464628,32,20
323,40,0.05,Bot4,1,32,button,6614101336723464628,32,20
324,40,0.05,Bot1,1,34,button,6694252303678109174,34,45
324,40,0.05,Bot2,1,34,button,6694252303678109174,34,45
324,40,0.05,Bot3,1,34,button,6694252303678109174,34,45
324,40,0.05,Bot4,1,34,button,6694252303678109174,34,45
325,40,0.05,Bot1,1,20,button,8970801603590754946,20,29
325,40,0.05,Bot2,1,20,button,8970801603590754946,20,29
325,40,0.05,Bot3,1,20,button,8970801603590754946,20,29
325,40,0.05,Bot4,1,20,button,8970801603590754946,20,29
326,40,0.05,Bot1,1,28,button,14908737788777636978,28,21
326,40,0.05,Bot2,1,28,button,14908737788777636978,28,21
326,40,0.05,Bot3,1,28,button,14908737788777636978,28,21
326,40,0.05,Bot4,1,28,button,14908737788777636978,28,21
327,40,0.05,Bot1,1,51,button,7244220356831702026,51,18
327,40,0.05,Bot2,1,51,button,7244220356831702026,51,18
327,40,0.05,Bot3,1,51,button,7244220356831702026,51,18
327,40,0.05,Bot4,1,51,button,7244220356831702026,51,18
328,40,0.05,Bot1,1,48,button,8849988240596147453,48,49
328,40,0.05,Bot2,1,48,button,8849988240596147453,48,49
328,40,0.05,Bot3,1,48,button,8849988240596147453,48,49
328,40,0.05,Bot4,1,48,button,8849988240596147453,48,49
329,40,0.05,Bot1,1,49,button,14796693902562874345,49,41
329,40,0.05,Bot2,1,49,button,14796693902562874345,49,41
329,40,0.05,Bot3,1,49,button,14796693902562874345,49,41
329,40,0.05,Bot4,1,49,button,14796693902562874345,49,41
330,40,0.05,Bot1,1,48,button,18153151231604094618,48,39
330,40,0.05,Bot2,1,48,button,18153151231604094618,48,39
330,40,0.05,Bot3,1,48,button,18153151231604094618,48,39
330,40,0.05,Bot4,1,48,button,18153151231604094618,48,39
331,40,0.05,Bot1,1,44,button,279512266968899312,44,40
331,40,0.05,Bot2,1,44,button,279512266968899312,44,40
331,40,0.05,Bot3,1,44,button,279512266968899312,44,40
331,40,0.05,Bot4,1,44,button,279512266968899312,44,40
332,40,0.05,Bot1,1,18,button,9547223021092368626,18,59
332,40,0.05,Bot2,1,18,button,9547223021092368626,18,59
332,40,0.05,Bot3,1,18,button,9547223021092368626,18,59
332,40,0.05,Bot4,1,18,button,9547223021092368626,18,59
333,40,0.05,Bot1,1,60,button,5347095400480890106,60,68
333,40,0.05,Bot2,1,60,button,5347095400480890106,60,68
333,40,0.05,Bot3,1,60,button,5347095400480890106,60,68
333,40,0.05,Bot4,1,60,button,5347095400480890106,60,68
334,40,0.05,Bot1,1,23,button,9818779753965551015,23,44
334,40,0.05,Bot2,1,23,button,9818779753965551015,23,44
334,40,0.05,Bot3,1,23,button,9818779753965551015,23,44
334,40,0.05,Bot4,1,23,button,9818779753965551015,23,44
335,40,0.05,Bot1,1,19,button,9222172559582838516,19,39
335,40,0.05,Bot2,1,19,button,9222172559582838516,19,39
335,40,0.05,Bot3,1,19,button,9222172559582838516,19,39
335,40,0.05,Bot4,1,19,button,9222172559582838516,19,39
336,40,0.05,Bot1,1,30,button,4225858525441877904,30,42
336,40,0.05,Bot2,1,30,button,4225858525441877904,30,42
336,40,0.05,Bot3,1,30,button,4225858525441877904,30,42
336,40,0.05,Bot4,1,30,button,4225858525441877904,30,42
337,40,0.05,Bot1,1,36,button,2170968223536217976,36,71
337,40,0.05,Bot2,1,36,button,2170968223536217976,36,71
337,40,0.05,Bot3,1,36,button,2170968223536217976,36,71
337,40,0.05,Bot4,1,36,button,2170968223536217976,36,71
338,40,0.05,Bot1,1,13,button,2750170302171723905,13,33
338,40,0.05,Bot2,1,13,button,2750170302171723905,13,33
338,40,0.05,Bot3,1,13,button,2750170302171723905,13,33
338,40,0.05,Bot4,1,13,button,2750170302171723905,13,33
339,40,0.05,Bot1,1,3,button,6501803268246767976,3,39
339,40,0.05,Bot2,1,3,button,6501803268246767976,3,39
339,40,0.05,Bot3,1,3,button,6501803268246767976,3,39
339,40,0.05,Bot4,1,3,button,6501803268246767976,3,39
340,40,0.05,Bot1,1,34,button,13571287595371261081,34,34
340,40,0.05,Bot2,1,34,button,13571287595371261081,34,34
340,40,0.05,Bot3,1,34,button,13571287595371261081,34,34
340,40,0.05,Bot4,1,34,button,13571287595371261081,34,34
341,40,0.05,Bot1,1,32,button,3743214624483852115,26,4
341,40,0.05,Bot2,1,32,button,3743214624483852115,26,4
341,40,0.05,Bot3,1,32,button,3743214624483852115,26,4
341,40,0.05,Bot4,1,32,button,3743214624483852115,26,4
342,40,0.05,Bot1,0,31,walked_into_fire,17866292828033338911,47,13
342,40,0.05,Bot2,1,47,button,17866292828033338911,47,13
342,40,0.05,Bot3,1,47,button,17866292828033338911,47,13
342,40,0.05,Bot4,1,47,button,17866292828033338911,47,13
343,40,0.05,Bot1,1,30,button,7776845239962312328,30,38
343,40,0.05,Bot2,1,30,button,7776845239962312328,30,38
343,40,0.05,Bot3,1,30,button,7776845239962312328,30,38
343,40,0.05,Bot4,1,30,button,7776845239962312328,30,38
344,40,0.05,Bot1,1,12,button,8622991917176881817,12,13
344,40,0.05,Bot2,1,12,button,8622991917176881817,12,13
344,40,0.05,Bot3,1,12,button,8622991917176881817,12,13
344,40,0.05,Bot4,1,12,button,8622991917176881817,12,13
345,40,0.05,Bot1,1,50,button,5917215238063326645,50,12
345,40,0.05,Bot2,1,50,button,5917215238063326645,50,12
345,40,0.05,Bot3,1,50,button,5917215238063326645,50,12
345,40,0.05,Bot4,1,50,button,5917215238063326645,50,12
346,40,0.05,Bot1,1,31,button,8535193395690427121,31,22
346,40,0.05,Bot2,1,31,button,8535193395690427121,31,22
346,40,0.05,Bot3,1,31,button,8535193395690427121,31,22
346,40,0.05,Bot4,1,31,button,8535193395690427121,31,22
347,40,0.05,Bot1,0,16,walked_into_fire,2711552307320262528,25,11
347,40,0.05,Bot2,1,27,button,2711552307320262528,25,11
347,40,0.05,Bot3,1,27,button,2711552307320262528,25,11
347,40,0.05,Bot4,1,27,button,2711552307320262528,25,11
348,40,0.05,Bot1,1,24,button,4181970391627288670,24,20
348,40,0.05,Bot2,1,24,button,4181970391627288670,24,20
348,40,0.05,Bot3,1,34,button,4181970391627288670,24,20
348,40,0.05,Bot4,1,24,button,4181970391627288670,24,20
349,40,0.05,Bot1,1,35,button,10336491548029957696,35,25
349,40,0.05,Bot2,1,35,button,10336491548029957696,35,25
349,40,0.05,Bot3,1,35,button,10336491548029957696,35,25
349,40,0.05,Bot4,1,35,button,10336491548029957696,35,25
350,40,0.05,Bot1,1,32,button,3434130321105103627,32,37
350,40,0.05,Bot2,1,32,button,3434130321105103627,32,37
350,40,0.05,Bot3,1,32,button,3434130321105103627,32,37
350,40,0.05,Bot4,1,32,button,3434130321105103627,32,37
351,40,0.05,Bot1,1,63,button,1834986062725179766,63,54
351,40,0.05,Bot2,1,63,button,1834986062725179766,63,54
351,40,0.05,Bot3,1,67,button,1834986062725179766,63,54
351,40,0.05,Bot4,1,63,button,1834986062725179766,63,54
352,40,0.05,Bot1,1,38,button,16484002589524904514,38,38
352,40,0.05,Bot2,1,38,button,16484002589524904514,38,38
352,40,0.05,Bot3,1,38,button,16484002589524904514,38,38
352,40,0.05,Bot4,1,38,button,16484002589524904514,38,38
353,40,0.05,Bot1,1,34,button,11998907012572263804,34,22
353,40,0.05,Bot2,1,34,button,11998907012572263804,34,22
353,40,0.05,Bot3,1,34,button,11998907012572263804,34,22
353,40,0.05,Bot4,1,34,button,11998907012572263804,34,22
354,40,0.05,Bot1,1,22,button,2768660740123680166,22,15
354,40,0.05,Bot2,1,22,button,2768660740123680166,22,15
354,40,0.05,Bot3,1,22,button,2768660740123680166,22,15
354,40,0.05,Bot4,1,22,button,2768660740123680166,22,15
355,40,0.05,Bot1,1,41,button,6054808280649440855,41,41
355,40,0.05,Bot2,1,41,button,6054808280649440855,41,41
355,40,0.05,Bot3,1,41,button,6054808280649440855,41,41
355,40,0.05,Bot4,1,41,button,6054808280649440855,41,41
356,40,0.05,Bot1,1,47,button,12242879114113339927,47,51
356,40,0.05,Bot2,1,47,button,12242879114113339927,47,51
356,40,0.05,Bot3,1,47,button,12242879114113339927,47,51
356,40,0.05,Bot4,1,47,button,12242879114113339927,47,51
357,40,0.05,Bot1,1,34,button,10724982944311784165,34,39
357,40,0.05,Bot2,1,34,button,10724982944311784165,34,39
357,40,0.05,Bot3,1,34,button,10724982944311784165,34,39
357,40,0.05,Bot4,1,34,button,10724982944311784165,34,39
358,40,0.05,Bot1,1,13,button,1536534562002893718,13,26
358,40,0.05,Bot2,1,13,button,1536534562002893718,13,26
358,40,0.05,Bot3,1,13,button,1536534562002893718,13,26
358,40,0.05,Bot4,1,13,button,1536534562002893718,13,26
359,40,0.05,Bot1,0,33,walked_into_fire,18163564222986692669,39,10
359,40,0.05,Bot2,1,43,button,18163564222986692669,39,10
359,40,0.05,Bot3,1,43,button,18163564222986692669,39,10
359,40,0.05,Bot4,1,43,button,18163564222986692669,39,10
360,40,0.05,Bot1,1,42,button,6808687927497209852,42,33
360,40,0.05,Bot2,1,42,button,6808687927497209852,42,33
360,40,0.05,Bot3,1,42,button,6808687927497209852,42,33
360,40,0.05,Bot4,1,42,button,6808687927497209852,42,33
361,40,0.05,Bot1,1,45,button,13270612171263435313,45,16
361,40,0.05,Bot2,1,45,button,13270612171263435313,45,16
361,40,0.05,Bot3,1,45,button,13270612171263435313,45,16
361,40,0.05,Bot4,1,45,button,13270612171263435313,45,16
362,40,0.05,Bot1,1,40,button,13617608828334344107,40,23
362,40,0.05,Bot2,1,40,button,13617608828334344107,40,23
362,40,0.05,Bot3,1,40,button,13617608828334344107,40,23
362,40,0.05,Bot4,1,40,button,13617608828334344107,40,23
363,40,0.05,Bot1,1,32,button,15191797489073508661,32,38
363,40,0.05,Bot2,1,32,button,15191797489073508661,32,38
363,40,0.05,Bot3,1,32,button,15191797489073508661,32,38
363,40,0.05,Bot4,1,32,button,15191797489073508661,32,38
364,40,0.05,Bot1,1,31,button,339774191542924516,31,14
364,40,0.05,Bot2,1,31,button,339774191542924516,31,14
364,40,0.05,Bot3,1,31,button,339774191542924516,31,14
364,40,0.05,Bot4,1,31,button,339774191542924516,31,14
365,40,0.05,Bot1,1,72,button,15801776743311473628,72,11
365,40,0.05,Bot2,1,72,button,15801776743311473628,72,11
365,40,0.05,Bot3,1,72,button,15801776743311473628,72,11
365,40,0.05,Bot4,1,72,button,15801776743311473628,72,11
366,40,0.05,Bot1,1,42,button,2732920912298070420,42,45
366,40,0.05,Bot2,1,42,button,2732920912298070420,42,45
366,40,0.05,Bot3,1,42,button,2732920912298070420,42,45
366,40,0.05,Bot4,1,42,button,2732920912298070420,42,45
367,40,0.05,Bot1,1,4,button,10272939033121131252,4,39
367,40,0.05,Bot2,1,4,button,10272939033121131252,4,39
367,40,0.05,Bot3,1,4,button,10272939033121131252,4,39
367,40,0.05,Bot4,1,4,button,10272939033121131252,4,39
368,40,0.05,Bot1,1,9,button,7301701731908968292,9,25
368,40,0.05,Bot2,1,9,button,7301701731908968292,9,25
368,40,0.05,Bot3,1,9,button,7301701731908968292,9,25
368,40,0.05,Bot4,1,9,button,7301701731908968292,9,25
369,40,0.05,Bot1,1,11,button,5893656059654183506,11,41
369,40,0.05,Bot2,1,11,button,5893656059654183506,11,41
369,40,0.05,Bot3,1,11,button,5893656059654183506,11,41
369,40,0.05,Bot4,1,11,button,5893656059654183506,11,41
370,40,0.05,Bot1,1,46,button,6000179914317221669,46,30
370,40,0.05,Bot2,1,46,button,6000179914317221669,46,30
370,40,0.05,Bot3,1,46,button,6000179914317221669,46,30
370,40,0.05,Bot4,1,46,button,6000179914317221669,46,30
371,40,0.05,Bot1,1,21,button,8559763425401146972,21,28
371,40,0.05,Bot2,1,21,button,8559763425401146972,21,28
371,40,0.05,Bot3,1,21,button,8559763425401146972,21,28
371,40,0.05,Bot4,1,21,button,8559763425401146972,21,28
372,40,0.05,Bot1,1,19,button,2547334322869095424,19,36
372,40,0.05,Bot2,1,19,button,2547334322869095424,19,36
372,40,0.05,Bot3,1,19,button,2547334322869095424,19,36
372,40,0.05,Bot4,1,19,button,2547334322869095424,19,36
373,40,0.05,Bot1,1,4,button,3093296868571410429,4,33
373,40,0.05,Bot2,1,4,button,3093296868571410429,4,33
373,40,0.05,Bot3,1,4,button,3093296868571410429,4,33
373,40,0.05,Bot4,1,4,button,3093296868571410429,4,33
374,40,0.05,Bot1,1,41,button,10087834151351121218,41,14
374,40,0.05,Bot2,1,41,button,10087834151351121218,41,14
374,40,0.05,Bot3,1,41,button,10087834151351121218,41,14
374,40,0.05,Bot4,1,41,button,10087834151351121218,41,14
375,40,0.05,Bot1,1,15,button,11342056668821880705,15,31
375,40,0.05,Bot2,1,15,button,11342056668821880705,15,31
375,40,0.05,Bot3,1,15,button,11342056668821880705,15,31
375,40,0.05,Bot4,1,15,button,11342056668821880705,15,31
376,40,0.05,Bot1,1,45,button,12788810990206579620,45,51
376,40,0.05,Bot2,1,45,button,12788810990206579620,45,51
376,40,0.05,Bot3,1,45,button,12788810990206579620,45,51
376,40,0.05,Bot4,1,45,button,12788810990206579620,45,51
377,40,0.05,Bot1,1,62,button,17754451082277394452,62,58
377,40,0.05,Bot2,1,62,button,17754451082277394452,62,58
377,40,0.05,Bot3,1,62,button,17754451082277394452,62,58
377,40,0.05,Bot4,1,62,button,17754451082277394452,62,58
378,40,0.05,Bot1,1,49,button,9904839668842107268,49,61
378,40,0.05,Bot2,1,49,button,9904839668842107268,49,61
378,40,0.05,Bot3,1,49,button,9904839668842107268,49,61
378,40,0.05,Bot4,1,49,button,9904839668842107268,49,61
379,40,0.05,Bot1,1,7,button,3068123926567586088,7,49
379,40,0.05,Bot2,1,7,button,3068123926567586088,7,49
379,40,0.05,Bot3,1,7,button,3068123926567586088,7,49
379,40,0.05,Bot4,1,7,button,3068123926567586088,7,49
380,40,0.05,Bot1,1,26,button,18316231113023293502,26,15
380,40,0.05,Bot2,1,26,button,18316231113023293502,26,15
380,40,0.05,Bot3,1,26,button,18316231113023293502,26,15
380,40,0.05,Bot4,1,26,button,18316231113023293502,26,15
381,40,0.05,Bot1,1,22,button,10968034845603026498,22,31
381,40,0.05,Bot2,1,22,button,10968034845603026498,22,31
381,40,0.05,Bot3,1,22,button,10968034845603026498,22,31
381,40,0.05,Bot4,1,22,button,10968034845603026498,22,31
382,40,0.05,Bot1,1,19,button,14435492640806577521,19,29
382,40,0.05,Bot2,1,19,button,14435492640806577521,19,29
382,40,0.05,Bot3,1,19,button,14435492640806577521,19,29
382,40,0.05,Bot4,1,19,button,14435492640806577521,19,29
383,40,0.05,Bot1,1,31,button,16451846247718566948,31,64
383,40,0.05,Bot2,1,31,button,16451846247718566948,31,64
383,40,0.05,Bot3,1,31,button,16451846247718566948,31,64
383,40,0.05,Bot4,1,31,button,16451846247718566948,31,64
384,40,0.05,Bot1,1,33,button,13933697479413859538,33,47
384,40,0.05,Bot2,1,33,button,13933697479413859538,33,47
384,40,0.05,Bot3,1,33,button,13933697479413859538,33,47
384,40,0.05,Bot4,1,33,button,13933697479413859538,33,47
385,40,0.05,Bot1,1,42,button,7897782454485128446,42,53
385,40,0.05,Bot2,1,42,button,7897782454485128446,42,53
385,40,0.05,Bot3,1,42,button,7897782454485128446,42,53
385,40,0.05,Bot4,1,42,button,7897782454485128446,42,53
386,40,0.05,Bot1,1,21,button,11327950733659676863,21,35
386,40,0.05,Bot2,1,21,button,11327950733659676863,21,35
386,40,0.05,Bot3,1,21,button,11327950733659676863,21,35
386,40,0.05,Bot4,1,21,button,11327950733659676863,21,35
387,40,0.05,Bot1,1,62,button,4253653935878877336,62,45
387,40,0.05,Bot2,1,62,button,4253653935878877336,62,45
387,40,0.05,Bot3,1,62,button,4253653935878877336,62,45
387,40,0.05,Bot4,1,62,button,4253653935878877336,62,45
388,40,0.05,Bot1,1,28,button,12347647261388892945,28,26
388,40,0.05,Bot2,1,28,button,12347647261388892945,28,26
388,40,0.05,Bot3,1,28,button,12347647261388892945,28,26
388,40,0.05,Bot4,1,28,button,12347647261388892945,28,26
389,40,0.05,Bot1,1,52,button,16623596476903258677,52,48
389,40,0.05,Bot2,1,52,button,16623596476903258677,52,48
389,40,0.05,Bot3,1,52,button,16623596476903258677,52,48
389,40,0.05,Bot4,1,52,button,16623596476903258677,52,48
390,40,0.05,Bot1,1,43,button,5448353429649732332,43,27
390,40,0.05,Bot2,1,43,button,5448353429649732332,43,27
390,40,0.05,Bot3,1,43,button,5448353429649732332,43,27
390,40,0.05,Bot4,1,43,button,5448353429649732332,43,27
391,40,0.05,Bot1,1,36,button,17729860267665446712,36,7
391,40,0.05,Bot2,1,36,button,17729860267665446712,36,7
391,40,0.05,Bot3,1,46,button,17729860267665446712,36,7
391,40,0.05,Bot4,1,36,button,17729860267665446712,36,7
392,40,0.05,Bot1,1,14,button,8642280445458217592,14,6
392,40,0.05,Bot2,1,14,button,8642280445458217592,14,6
392,40,0.05,Bot3,1,14,button,8642280445458217592,14,6
392,40,0.05,Bot4,1,14,button,8642280445458217592,14,6
393,40,0.05,Bot1,1,20,button,16078693748430439366,20,36
393,40,0.05,Bot2,1,20,button,16078693748430439366,20,36
393,40,0.05,Bot3,1,20,button,16078693748430439366,20,36
393,40,0.05,Bot4,1,20,button,16078693748430439366,20,36
394,40,0.05,Bot1,1,7,button,12183583006386535868,7,34
394,40,0.05,Bot2,1,7,button,12183583006386535868,7,34
394,40,0.05,Bot3,1,7,button,12183583006386535868,7,34
394,40,0.05,Bot4,1,7,button,12183583006386535868,7,34
395,40,0.05,Bot1,1,34,button,4010790651684295202,34,35
395,40,0.05,Bot2,1,34,button,4010790651684295202,34,35
395,40,0.05,Bot3,1,34,button,4010790651684295202,34,35
395,40,0.05,Bot4,1,34,button,4010790651684295202,34,35
396,40,0.05,Bot1,1,22,button,16331009465661145278,22,40
396,40,0.05,Bot2,1,22,button,16331009465661145278,22,40
396,40,0.05,Bot3,1,22,button,16331009465661145278,22,40
396,40,0.05,Bot4,1,22,button,16331009465661145278,22,40
397,40,0.05,Bot1,1,36,button,9432532603782817237,36,41
397,40,0.05,Bot2,1,36,button,9432532603782817237,36,41
397,40,0.05,Bot3,1,36,button,9432532603782817237,36,41
397,40,0.05,Bot4,1,36,button,9432532603782817237,36,41
398,40,0.05,Bot1,1,49,button,2633189216180292132,49,50
398,40,0.05,Bot2,1,49,button,2633189216180292132,49,50
398,40,0.05,Bot3,1,49,button,2633189216180292132,49,50
398,40,0.05,Bot4,1,49,button,2633189216180292132,49,50
399,40,0.05,Bot1,1,22,button,8688034255438040359,22,28
399,40,0.05,Bot2,1,22,button,8688034255438040359,22,28
399,40,0.05,Bot3,1,22,button,8688034255438040359,22,28
399,40,0.05,Bot4,1,22,button,8688034255438040359,22,28
400,40,0.10,Bot1,1,33,button,6240992674368538989,33,41
400,40,0.10,Bot2,1,33,button,6240992674368538989,33,41
400,40,0.10,Bot3,1,33,button,6240992674368538989,33,41
400,40,0.10,Bot4,1,33,button,6240992674368538989,33,41
401,40,0.10,Bot1,0,49,caught_by_fire,3808525751490412997,61,7
401,40,0.10,Bot2,0,172,caught_by_fire,3808525751490412997,61,7
401,40,0.10,Bot3,0,167,caught_by_fire,3808525751490412997,61,7
401,40,0.10,Bot4,0,139,caught_by_fire,3808525751490412997,61,7
402,40,0.10,Bot1,1,16,button,12251303652781976873,16,38
402,40,0.10,Bot2,1,16,button,12251303652781976873,16,38
402,40,0.10,Bot3,1,16,button,12251303652781976873,16,38
402,40,0.10,Bot4,1,16,button,12251303652781976873,16,38
403,40,0.10,Bot1,1,12,button,4339032670218117843,12,42
403,40,0.10,Bot2,1,12,button,4339032670218117843,12,42
403,40,0.10,Bot3,1,12,button,4339032670218117843,12,42
403,40,0.10,Bot4,1,12,button,4339032670218117843,12,42
404,40,0.10,Bot1,1,44,button,7290672234395270252,44,36
404,40,0.10,Bot2,1,44,button,7290672234395270252,44,36
404,40,0.10,Bot3,1,44,button,7290672234395270252,44,36
404,40,0.10,Bot4,1,44,button,7290672234395270252,44,36
405,40,0.10,Bot1,1,50,button,3366555292135223056,50,37
405,40,0.10,Bot2,1,50,button,3366555292135223056,50,37
405,40,0.10,Bot3,1,50,button,3366555292135223056,50,37
405,40,0.10,Bot4,1,50,button,3366555292135223056,50,37
406,40,0.10,Bot1,1,58,button,8444830819044759155,58,46
406,40,0.10,Bot2,1,58,button,8444830819044759155,58,46
406,40,0.10,Bot3,1,58,button,8444830819044759155,58,46
406,40,0.10,Bot4,1,58,button,8444830819044759155,58,46
407,40,0.10,Bot1,1,13,button,18012464136668171604,13,43
407,40,0.10,Bot2,1,13,button,18012464136668171604,13,43
407,40,0.10,Bot3,1,13,button,18012464136668171604,13,43
407,40,0.10,Bot4,1,13,button,18012464136668171604,13,43
408,40,0.10,Bot1,0,29,walked_into_fire,309768681412757358,40,14
408,40,0.10,Bot2,1,44,button,309768681412757358,40,14
408,40,0.10,Bot3,1,42,button,309768681412757358,40,14
408,40,0.10,Bot4,1,44,button,309768681412757358,40,14
409,40,0.10,Bot1,1,38,button,8088663930219364331,38,30
409,40,0.10,Bot2,1,38,button,8088663930219364331,38,30
409,40,0.10,Bot3,1,38,button,8088663930219364331,38,30
409,40,0.10,Bot4,1,38,button,8088663930219364331,38,30
410,40,0.10,Bot1,1,31,button,2838452442423925800,31,17
410,40,0.10,Bot2,1,31,button,2838452442423925800,31,17
410,40,0.10,Bot3,1,31,button,2838452442423925800,31,17
410,40,0.10,Bot4,1,31,button,2838452442423925800,31,17
411,40,0.10,Bot1,1,23,button,2258840725533864992,23,28
411,40,0.10,Bot2,1,23,button,2258840725533864992,23,28
411,40,0.10,Bot3,1,23,button,2258840725533864992,23,28
411,40,0.10,Bot4,1,23,button,2258840725533864992,23,28
412,40,0.10,Bot1,1,37,button,2481334836960092496,37,17
412,40,0.10,Bot2,1,37,button,2481334836960092496,37,17
412,40,0.10,Bot3,1,37,button,2481334836960092496,37,17
412,40,0.10,Bot4,1,37,button,2481334836960092496,37,17
413,40,0.10,Bot1,1,16,button,10888523731316163401,16,32
413,40,0.10,Bot2,1,16,button,10888523731316163401,16,32
413,40,0.10,Bot3,1,16,button,10888523731316163401,16,32
413,40,0.10,Bot4,1,16,button,10888523731316163401,16,32
414,40,0.10,Bot1,1,21,button,9767532433771226726,21,46
414,40,0.10,Bot2,1,21,button,9767532433771226726,21,46
414,40,0.10,Bot3,1,21,button,9767532433771226726,21,46
414,40,0.10,Bot4,1,21,button,9767532433771226726,21,46
415,40,0.10,Bot1,1,41,button,5387965434922619753,41,57
415,40,0.10,Bot2,1,41,button,5387965434922619753,41,57
415,40,0.10,Bot3,1,41,button,5387965434922619753,41,57
415,40,0.10,Bot4,1,41,button,5387965434922619753,41,57
416,40,0.10,Bot1,1,42,button,7564132717942053145,42,15
416,40,0.10,Bot2,1,42,button,7564132717942053145,42,15
416,40,0.10,Bot3,1,42,button,7564132717942053145,42,15
416,40,0.10,Bot4,1,42,button,7564132717942053145,42,15
417,40,0.10,Bot1,1,16,button,7436097368308367650,16,33
417,40,0.10,Bot2,1,16,button,7436097368308367650,16,33
417,40,0.10,Bot3,1,16,button,7436097368308367650,16,33
417,40,0.10,Bot4,1,16,button,7436097368308367650,16,33
418,40,0.10,Bot1,1,63,button,1960765918208495065,63,38
418,40,0.10,Bot2,1,63,button,1960765918208495065,63,38
418,40,0.10,Bot3,1,63,button,1960765918208495065,63,38
418,40,0.10,Bot4,1,63,button,1960765918208495065,63,38
419,40,0.10,Bot1,0,9,walked_into_fire,2721838579141534243,27,16
419,40,0.10,Bot2,1,29,button,2721838579141534243,27,16
419,40,0.10,Bot3,1,31,button,2721838579141534243,27,16
419,40,0.10,Bot4,1,29,button,2721838579141534243,27,16
420,40,0.10,Bot1,1,39,button,13067021115211010009,39,44
420,40,0.10,Bot2,1,39,button,13067021115211010009,39,44
420,40,0.10,Bot3,1,39,button,13067021115211010009,39,44
420,40,0.10,Bot4,1,39,button,13067021115211010009,39,44
421,40,0.10,Bot1,1,53,button,13923343617900054019,53,47
421,40,0.10,Bot2,1,53,button,13923343617900054019,53,47
421,40,0.10,Bot3,1,53,button,13923343617900054019,53,47
421,40,0.10,Bot4,1,53,button,13923343617900054019,53,47
422,40,0.10,Bot1,1,49,button,15637422163401085968,49,21
422,40,0.10,Bot2,1,49,button,15637422163401085968,49,21
422,40,0.10,Bot3,1,49,button,15637422163401085968,49,21
422,40,0.10,Bot4,1,49,button,15637422163401085968,49,21
423,40,0.10,Bot1,1,46,button,480055496364720981,46,56
423,40,0.10,Bot2,1,46,button,480055496364720981,46,56
423,40,0.10,Bot3,1,46,button,480055496364720981,46,56
423,40,0.10,Bot4,1,46,button,480055496364720981,46,56
424,40,0.10,Bot1,0,44,walked_into_fire,11084814678033421278,49,6
424,40,0.10,Bot2,0,86,caught_by_fire,11084814678033421278,49,6
424,40,0.10,Bot3,0,86,caught_by_fire,11084814678033421278,49,6
424,40,0.10,Bot4,1,55,button,11084814678033421278,49,6
425,40,0.10,Bot1,1,34,button,5767129097365153859,34,14
425,40,0.10,Bot2,1,34,button,5767129097365153859,34,14
425,40,0.10,Bot3,1,34,button,5767129097365153859,34,14
425,40,0.10,Bot4,1,34,button,5767129097365153859,34,14
426,40,0.10,Bot1,1,54,button,3885633968246316841,54,25
426,40,0.10,Bot2,1,54,button,3885633968246316841,54,25
426,40,0.10,Bot3,1,60,button,3885633968246316841,54,25
426,40,0.10,Bot4,1,54,button,3885633968246316841,54,25
427,40,0.10,Bot1,1,15,button,9029543451698383924,15,49
427,40,0.10,Bot2,1,15,button,9029543451698383924,15,49
427,40,0.10,Bot3,1,15,button,9029543451698383924,15,49
427,40,0.10,Bot4,1,15,button,9029543451698383924,15,49
428,40,0.10,Bot1,1,15,button,14334800206756743358,15,22
428,40,0.10,Bot2,1,15,button,14334800206756743358,15,22
428,40,0.10,Bot3,1,15,button,14334800206756743358,15,22
428,40,0.10,Bot4,1,15,button,14334800206756743358,15,22
429,40,0.10,Bot1,1,15,button,4216748507679439026,15,30
429,40,0.10,Bot2,1,15,button,4216748507679439026,15,30
429,40,0.10,Bot3,1,15,button,4216748507679439026,15,30
429,40,0.10,Bot4,1,15,button,4216748507679439026,15,30
430,40,0.10,Bot1,1,9,button,13735238629178054288,9,53
430,40,0.10,Bot2,1,9,button,13735238629178054288,9,53
430,40,0.10,Bot3,1,9,button,13735238629178054288,9,53
430,40,0.10,Bot4,1,9,button,13735238629178054288,9,53
431,40,0.10,Bot1,1,33,button,8856887573143095788,33,23
431,40,0.10,Bot2,1,33,button,8856887573143095788,33,23
431,40,0.10,Bot3,1,33,button,8856887573143095788,33,23
431,40,0.10,Bot4,1,33,button,8856887573143095788,33,23
432,40,0.10,Bot1,1,38,button,1476239403481843620,38,38
432,40,0.10,Bot2,1,38,button,1476239403481843620,38,38
432,40,0.10,Bot3,1,38,button,1476239403481843620,38,38
432,40,0.10,Bot4,1,38,button,1476239403481843620,38,38
433,40,0.10,Bot1,1,24,button,1666858298850465540,24,40
433,40,0.10,Bot2,1,24,button,1666858298850465540,24,40
433,40,0.10,Bot3,1,24,button,1666858298850465540,24,40
433,40,0.10,Bot4,1,24,button,1666858298850465540,24,40
434,40,0.10,Bot1,1,41,button,13123368741483459460,41,68
434,40,0.10,Bot2,1,41,button,13123368741483459460,41,68
434,40,0.10,Bot3,1,41,button,13123368741483459460,41,68
434,40,0.10,Bot4,1,41,button,13123368741483459460,41,68
435,40,0.10,Bot1,1,3,button,17647785489269204229,3,13
435,40,0.10,Bot2,1,3,button,17647785489269204229,3,13
435,40,0.10,Bot3,1,3,button,17647785489269204229,3,13
435,40,0.10,Bot4,1,3,button,17647785489269204229,3,13
436,40,0.10,Bot1,1,18,button,8327979906191441644,18,31
436,40,0.10,Bot2,1,18,button,8327979906191441644,18,31
436,40,0.10,Bot3,1,18,button,8327979906191441644,18,31
436,40,0.10,Bot4,1,18,button,8327979906191441644,18,31
437,40,0.10,Bot1,1,31,button,7401698915670731697,31,26
437,40,0.10,Bot2,1,31,button,7401698915670731697,31,26
437,40,0.10,Bot3,1,31,button,7401698915670731697,31,26
437,40,0.10,Bot4,1,31,button,7401698915670731697,31,26
438,40,0.10,Bot1,1,20,button,13057045046340274814,20,12
438,40,0.10,Bot2,1,20,button,13057045046340274814,20,12
438,40,0.10,Bot3,1,20,button,13057045046340274814,20,12
438,40,0.10,Bot4,1,20,button,13057045046340274814,20,12
439,40,0.10,Bot1,1,18,button,9974035396106508778,18,27
439,40,0.10,Bot2,1,18,button,9974035396106508778,18,27
439,40,0.10,Bot3,1,18,button,9974035396106508778,18,27
439,40,0.10,Bot4,1,18,button,9974035396106508778,18,27
440,40,0.10,Bot1,1,35,button,16584928076866057739,35,37
440,40,0.10,Bot2,1,35,button,16584928076866057739,35,37
440,40,0.10,Bot3,1,35,button,16584928076866057739,35,37
440,40,0.10,Bot4,1,35,button,16584928076866057739,35,37
441,40,0.10,Bot1,1,46,button,11734042156693322432,46,34
441,40,0.10,Bot2,1,46,button,11734042156693322432,46,34
441,40,0.10,Bot3,1,46,button,11734042156693322432,46,34
441,40,0.10,Bot4,1,46,button,11734042156693322432,46,34
442,40,0.10,Bot1,1,35,button,16382505256829313081,35,43
442,40,0.10,Bot2,1,35,button,16382505256829313081,35,43
442,40,0.10,Bot3,1,35,button,16382505256829313081,35,43
442,40,0.10,Bot4,1,35,button,16382505256829313081,35,43
443,40,0.10,Bot1,1,31,button,7773778966203463732,31,14
443,40,0.10,Bot2,1,31,button,7773778966203463732,31,14
443,40,0.10,Bot3,1,31,button,7773778966203463732,31,14
443,40,0.10,Bot4,1,31,button,7773778966203463732,31,14
444,40,0.10,Bot1,1,21,button,18056481067500592353,21,50
444,40,0.10,Bot2,1,21,button,18056481067500592353,21,50
444,40,0.10,Bot3,1,21,button,18056481067500592353,21,50
444,40,0.10,Bot4,1,21,button,18056481067500592353,21,50
445,40,0.10,Bot1,1,15,button,11657850837526599574,15,42
445,40,0.10,Bot2,1,15,button,11657850837526599574,15,42
445,40,0.10,Bot3,1,15,button,11657850837526599574,15,42
445,40,0.10,Bot4,1,15,button,11657850837526599574,15,42
446,40,0.10,Bot1,1,23,button,13425368716228774977,23,66
446,40,0.10,Bot2,1,23,button,13425368716228774977,23,66
446,40,0.10,Bot3,1,23,button,13425368716228774977,23,66
446,40,0.10,Bot4,1,23,button,13425368716228774977,23,66
447,40,0.10,Bot1,1,19,button,2412395395664042504,19,27
447,40,0.10,Bot2,1,19,button,2412395395664042504,19,27
447,40,0.10,Bot3,1,19,button,2412395395664042504,19,27
447,40,0.10,Bot4,1,19,button,2412395395664042504,19,27
448,40,0.10,Bot1,1,40,button,17000770057438824883,40,51
448,40,0.10,Bot2,1,40,button,17000770057438824883,40,51
448,40,0.10,Bot3,1,40,button,17000770057438824883,40,51
448,40,0.10,Bot4,1,40,button,17000770057438824883,40,51
449,40,0.10,Bot1,1,19,button,7930590123395615107,19,11
449,40,0.10,Bot2,1,19,button,7930590123395615107,19,11
449,40,0.10,Bot3,1,21,button,7930590123395615107,19,11
449,40,0.10,Bot4,1,19,button,7930590123395615107,19,11
450,40,0.10,Bot1,1,42,button,162192004653833856,42,26
450,40,0.10,Bot2,1,42,button,162192004653833856,42,26
450,40,0.10,Bot3,1,42,button,162192004653833856,42,26
450,40,0.10,Bot4,1,42,button,162192004653833856,42,26
451,40,0.10,Bot1,1,26,button,11959280446044650423,26,37
451,40,0.10,Bot2,1,26,button,11959280446044650423,26,37
451,40,0.10,Bot3,1,26,button,11959280446044650423,26,37
451,40,0.10,Bot4,1,26,button,11959280446044650423,26,37
452,40,0.10,Bot1,1,38,button,16227806613940444293,38,31
452,40,0.10,Bot2,1,38,button,16227806613940444293,38,31
452,40,0.10,Bot3,1,38,button,16227806613940444293,38,31
452,40,0.10,Bot4,1,38,button,16227806613940444293,38,31
453,40,0.10,Bot1,1,25,button,5847881552803743354,25,45
453,40,0.10,Bot2,1,25,button,5847881552803743354,25,45
453,40,0.10,Bot3,1,25,button,5847881552803743354,25,45
453,40,0.10,Bot4,1,25,button,5847881552803743354,25,45
454,40,0.10,Bot1,1,61,button,12852323866178993890,61,30
454,40,0.10,Bot2,1,61,button,12852323866178993890,61,30
454,40,0.10,Bot3,1,61,button,12852323866178993890,61,30
454,40,0.10,Bot4,1,61,button,12852323866178993890,61,30
455,40,0.10,Bot1,1,53,button,11796540804586697938,53,23
455,40,0.10,Bot2,1,53,button,11796540804586697938,53,23
455,40,0.10,Bot3,1,53,button,11796540804586697938,53,23
455,40,0.10,Bot4,1,53,button,11796540804586697938,53,23
456,40,0.10,Bot1,1,23,button,15552593753078933438,23,61
456,40,0.10,Bot2,1,23,button,15552593753078933438,23,61
456,40,0.10,Bot3,1,23,button,15552593753078933438,23,61
456,40,0.10,Bot4,1,23,button,15552593753078933438,23,61
457,40,0.10,Bot1,1,52,button,15601375873730397586,52,48
457,40,0.10,Bot2,1,52,button,15601375873730397586,52,48
457,40,0.10,Bot3,1,52,button,15601375873730397586,52,48
457,40,0.10,Bot4,1,52,button,15601375873730397586,52,48
458,40,0.10,Bot1,1,28,button,12815795058523135824,28,51
458,40,0.10,Bot2,1,28,button,12815795058523135824,28,51
458,40,0.10,Bot3,1,28,button,12815795058523135824,28,51
458,40,0.10,Bot4,1,28,button,12815795058523135824,28,51
459,40,0.10,Bot1,1,39,button,5230117250297211520,39,29
459,40,0.10,Bot2,1,39,button,5230117250297211520,39,29
459,40,0.10,Bot3,1,39,button,5230117250297211520,39,29
459,40,0.10,Bot4,1,39,button,5230117250297211520,39,29
460,40,0.10,Bot1,1,65,button,9811643175706332276,65,22
460,40,0.10,Bot2,1,65,button,9811643175706332276,65,22
460,40,0.10,Bot3,1,65,button,9811643175706332276,65,22
460,40,0.10,Bot4,1,65,button,9811643175706332276,65,22
461,40,0.10,Bot1,1,42,button,8652957532484879982,42,55
461,40,0.10,Bot2,1,42,button,8652957532484879982,42,55
461,40,0.10,Bot3,1,42,button,8652957532484879982,42,55
461,40,0.10,Bot4,1,42,button,8652957532484879982,42,55
462,40,0.10,Bot1,1,35,button,875119279249047171,35,58
462,40,0.10,Bot2,1,35,button,875119279249047171,35,58
462,40,0.10,Bot3,1,35,button,875119279249047171,35,58
462,40,0.10,Bot4,1,35,button,875119279249047171,35,58
463,40,0.10,Bot1,1,9,button,2980655352161651675,9,17
463,40,0.10,Bot2,1,9,button,2980655352161651675,9,17
463,40,0.10,Bot3,1,9,button,2980655352161651675,9,17
463,40,0.10,Bot4,1,9,button,2980655352161651675,9,17
464,40,0.10,Bot1,1,39,button,17346824521948967268,39,40
464,40,0.10,Bot2,1,39,button,17346824521948967268,39,40
464,40,0.10,Bot3,1,39,button,17346824521948967268,39,40
464,40,0.10,Bot4,1,39,button,17346824521948967268,39,40
465,40,0.10,Bot1,0,28,walked_into_fire,4553191462780354243,34,9
465,40,0.10,Bot2,1,34,button,4553191462780354243,34,9
465,40,0.10,Bot3,1,34,button,4553191462780354243,34,9
465,40,0.10,Bot4,1,34,button,4553191462780354243,34,9
466,40,0.10,Bot1,1,27,button,10412952393468411903,27,10
466,40,0.10,Bot2,1,27,button,10412952393468411903,27,10
466,40,0.10,Bot3,1,27,button,10412952393468411903,27,10
466,40,0.10,Bot4,1,27,button,10412952393468411903,27,10
467,40,0.10,Bot1,1,41,button,7638810542322573413,41,46
467,40,0.10,Bot2,1,41,button,7638810542322573413,41,46
467,40,0.10,Bot3,1,41,button,7638810542322573413,41,46
467,40,0.10,Bot4,1,41,button,7638810542322573413,41,46
468,40,0.10,Bot1,1,28,button,17125245624285499121,28,27
468,40,0.10,Bot2,1,28,button,17125245624285499121,28,27
468,40,0.10,Bot3,1,28,button,17125245624285499121,28,27
468,40,0.10,Bot4,1,28,button,17125245624285499121,28,27
469,40,0.10,Bot1,1,41,button,1005592570333058465,41,21
469,40,0.10,Bot2,1,41,button,1005592570333058465,41,21
469,40,0.10,Bot3,1,41,button,1005592570333058465,41,21
469,40,0.10,Bot4,1,41,button,1005592570333058465,41,21
470,40,0.10,Bot1,1,32,button,5258042361715083306,32,53
470,40,0.10,Bot2,1,32,button,5258042361715083306,32,53
470,40,0.10,Bot3,1,32,button,5258042361715083306,32,53
470,40,0.10,Bot4,1,32,button,5258042361715083306,32,53
471,40,0.10,Bot1,1,33,button,10624816958807855700,33,23
471,40,0.10,Bot2,1,33,button,10624816958807855700,33,23
471,40,0.10,Bot3,1,33,button,10624816958807855700,33,23
471,40,0.10,Bot4,1,33,button,10624816958807855700,33,23
472,40,0.10,Bot1,1,44,button,16273353353223925612,44,13
472,40,0.10,Bot2,1,44,button,16273353353223925612,44,13
472,40,0.10,Bot3,1,44,button,16273353353223925612,44,13
472,40,0.10,Bot4,1,44,button,16273353353223925612,44,13
473,40,0.10,Bot1,1,20,button,10876784298676932379,20,48
473,40,0.10,Bot2,1,20,button,10876784298676932379,20,48
473,40,0.10,Bot3,1,20,button,10876784298676932379,20,48
473,40,0.10,Bot4,1,20,button,10876784298676932379,20,48
474,40,0.10,Bot1,1,38,button,11299275287842499194,38,51
474,40,0.10,Bot2,1,38,button,11299275287842499194,38,51
474,40,0.10,Bot3,1,38,button,11299275287842499194,38,51
474,40,0.10,Bot4,1,38,button,11299275287842499194,38,51
475,40,0.10,Bot1,0,17,walked_into_fire,16118569558308308274,25,23
475,40,0.10,Bot2,1,39,button,16118569558308308274,25,23
475,40,0.10,Bot3,1,55,button,16118569558308308274,25,23
475,40,0.10,Bot4,1,39,button,16118569558308308274,25,23
476,40,0.10,Bot1,1,47,button,2109826316539150674,47,45
476,40,0.10,Bot2,1,47,button,2109826316539150674,47,45
476,40,0.10,Bot3,1,47,button,2109826316539150674,47,45
476,40,0.10,Bot4,1,47,button,2109826316539150674,47,45
477,40,0.10,Bot1,1,42,button,5508160760067912935,42,42
477,40,0.10,Bot2,1,42,button,5508160760067912935,42,42
477,40,0.10,Bot3,1,42,button,5508160760067912935,42,42
477,40,0.10,Bot4,1,42,button,5508160760067912935,42,42
478,40,0.10,Bot1,1,33,button,10515011891948200060,33,4
478,40,0.10,Bot2,1,33,button,10515011891948200060,33,4
478,40,0.10,Bot3,1,35,button,10515011891948200060,33,4
478,40,0.10,Bot4,1,33,button,10515011891948200060,33,4
479,40,0.10,Bot1,1,43,button,3325186151460622359,43,37
479,40,0.10,Bot2,1,43,button,3325186151460622359,43,37
479,40,0.10,Bot3,1,43,button,3325186151460622359,43,37
479,40,0.10,Bot4,1,43,button,3325186151460622359,43,37
480,40,0.10,Bot1,1,61,button,13008839069295864219,61,40
480,40,0.10,Bot2,1,61,button,13008839069295864219,61,40
480,40,0.10,Bot3,1,61,button,13008839069295864219,61,40
480,40,0.10,Bot4,1,61,button,13008839069295864219,61,40
481,40,0.10,Bot1,1,44,button,14107991688162856437,44,49
481,40,0.10,Bot2,1,44,button,14107991688162856437,44,49
481,40,0.10,Bot3,1,44,button,14107991688162856437,44,49
481,40,0.10,Bot4,1,44,button,14107991688162856437,44,49
482,40,0.10,Bot1,1,28,button,14511233678628481375,28,35
482,40,0.10,Bot2,1,28,button,14511233678628481375,28,35
482,40,0.10,Bot3,1,28,button,14511233678628481375,28,35
482,40,0.10,Bot4,1,28,button,14511233678628481375,28,35
483,40,0.10,Bot1,1,22,button,7879472054087446095,22,36
483,40,0.10,Bot2,1,22,button,7879472054087446095,22,36
483,40,0.10,Bot3,1,22,button,7879472054087446095,22,36
483,40,0.10,Bot4,1,22,button,7879472054087446095,22,36
484,40,0.10,Bot1,1,14,button,3559964052397494651,14,20
484,40,0.10,Bot2,1,14,button,3559964052397494651,14,20
484,40,0.10,Bot3,1,14,button,3559964052397494651,14,20
484,40,0.10,Bot4,1,14,button,3559964052397494651,14,20
485,40,0.10,Bot1,1,29,button,18025115911885716918,29,21
485,40,0.10,Bot2,1,29,button,18025115911885716918,29,21
485,40,0.10,Bot3,1,29,button,18025115911885716918,29,21
485,40,0.10,Bot4,1,29,button,18025115911885716918,29,21
486,40,0.10,Bot1,1,19,button,11807342257619920676,19,53
486,40,0.10,Bot2,1,19,button,11807342257619920676,19,53
486,40,0.10,Bot3,1,19,button,11807342257619920676,19,53
486,40,0.10,Bot4,1,19,button,11807342257619920676,19,53
487,40,0.10,Bot1,1,36,button,614739054114177068,36,21
487,40,0.10,Bot2,1,36,button,614739054114177068,36,21
487,40,0.10,Bot3,1,36,button,614739054114177068,36,21
487,40,0.10,Bot4,1,36,button,614739054114177068,36,21
488,40,0.10,Bot1,1,37,button,836767803461964449,37,27
488,40,0.10,Bot2,1,37,button,836767803461964449,37,27
488,40,0.10,Bot3,1,37,button,836767803461964449,37,27
488,40,0.10,Bot4,1,37,button,836767803461964449,37,27
489,40,0.10,Bot1,1,32,button,2927709441422210160,32,49
489,40,0.10,Bot2,1,32,button,2927709441422210160,32,49
489,40,0.10,Bot3,1,32,button,2927709441422210160,32,49
489,40,0.10,Bot4,1,32,button,2927709441422210160,32,49
490,40,0.10,Bot1,1,55,button,18369125708129241266,55,31
490,40,0.10,Bot2,1,55,button,18369125708129241266,55,31
490,40,0.10,Bot3,1,55,button,18369125708129241266,55,31
490,40,0.10,Bot4,1,55,button,18369125708129241266,55,31
491,40,0.10,Bot1,1,1,button,17296022354692030705,1,29
491,40,0.10,Bot2,1,1,button,17296022354692030705,1,29
491,40,0.10,Bot3,1,1,button,17296022354692030705,1,29
491,40,0.10,Bot4,1,1,button,17296022354692030705,1,29
492,40,0.10,Bot1,1,22,button,11188482071965099626,22,19
492,40,0.10,Bot2,1,22,button,11188482071965099626,22,19
492,40,0.10,Bot3,1,22,button,11188482071965099626,22,19
492,40,0.10,Bot4,1,22,button,11188482071965099626,22,19
493,40,0.10,Bot1,1,46,button,15078692300418156960,46,52
493,40,0.10,Bot2,1,46,button,15078692300418156960,46,52
493,40,0.10,Bot3,1,46,button,15078692300418156960,46,52
493,40,0.10,Bot4,1,46,button,15078692300418156960,46,52
494,40,0.10,Bot1,1,49,button,2375643779574281899,49,45
494,40,0.10,Bot2,1,49,button,2375643779574281899,49,45
494,40,0.10,Bot3,1,49,button,2375643779574281899,49,45
494,40,0.10,Bot4,1,49,button,2375643779574281899,49,45
495,40,0.10,Bot1,1,7,button,13520908152499515088,7,21
495,40,0.10,Bot2,1,7,button,13520908152499515088,7,21
495,40,0.10,Bot3,1,7,button,13520908152499515088,7,21
495,40,0.10,Bot4,1,7,button,13520908152499515088,7,21
496,40,0.10,Bot1,0,54,walked_into_fire,1518100911669646894,67,4
496,40,0.10,Bot2,0,391,caught_by_fire,1518100911669646894,67,4
496,40,0.10,Bot3,0,391,caught_by_fire,1518100911669646894,67,4
496,40,0.10,Bot4,0,314,caught_by_fire,1518100911669646894,67,4
497,40,0.10,Bot1,1,47,button,1393340154155039036,47,19
497,40,0.10,Bot2,1,47,button,1393340154155039036,47,19
497,40,0.10,Bot3,1,47,button,1393340154155039036,47,19
497,40,0.10,Bot4,1,47,button,1393340154155039036,47,19
498,40,0.10,Bot1,1,49,button,8033373238202376361,49,26
498,40,0.10,Bot2,1,49,button,8033373238202376361,49,26
498,40,0.10,Bot3,1,49,button,8033373238202376361,49,26
498,40,0.10,Bot4,1,49,button,8033373238202376361,49,26
499,40,0.10,Bot1,1,40,button,2128637603667192175,40,40
499,40,0.10,Bot2,1,40,button,2128637603667192175,40,40
499,40,0.10,Bot3,1,40,button,2128637603667192175,40,40
499,40,0.10,Bot4,1,40,button,2128637603667192175,40,40
500,40,0.10,Bot1,1,6,button,7124000622751146057,6,17
500,40,0.10,Bot2,1,6,button,7124000622751146057,6,17
500,40,0.10,Bot3,1,6,button,7124000622751146057,6,17
500,40,0.10,Bot4,1,6,button,7124000622751146057,6,17
501,40,0.10,Bot1,1,29,button,9591152519544163019,29,47
501,40,0.10,Bot2,1,29,button,9591152519544163019,29,47
501,40,0.10,Bot3,1,29,button,9591152519544163019,29,47
501,40,0.10,Bot4,1,29,button,9591152519544163019,29,47
502,40,0.10,Bot1,1,37,button,15734594692822509299,37,39
502,40,0.10,Bot2,1,37,button,15734594692822509299,37,39
502,40,0.10,Bot3,1,37,button,15734594692822509299,37,39
502,40,0.10,Bot4,1,37,button,15734594692822509299,37,39
503,40,0.10,Bot1,1,55,button,8477101533052756034,55,42
503,40,0.10,Bot2,1,55,button,8477101533052756034,55,42
503,40,0.10,Bot3,1,55,button,8477101533052756034,55,42
503,40,0.10,Bot4,1,55,button,8477101533052756034,55,42
504,40,0.10,Bot1,1,61,button,8571302461617245268,61,61
504,40,0.10,Bot2,1,61,button,8571302461617245268,61,61
504,40,0.10,Bot3,1,61,button,8571302461617245268,61,61
504,40,0.10,Bot4,1,61,button,8571302461617245268,61,61
505,40,0.10,Bot1,1,37,button,13489453587497617847,37,28
505,40,0.10,Bot2,1,37,button,13489453587497617847,37,28
505,40,0.10,Bot3,1,37,button,13489453587497617847,37,28
505,40,0.10,Bot4,1,37,button,13489453587497617847,37,28
506,40,0.10,Bot1,1,21,button,12450785484083886921,19,13
506,40,0.10,Bot2,1,21,button,12450785484083886921,19,13
506,40,0.10,Bot3,1,21,button,12450785484083886921,19,13
506,40,0.10,Bot4,1,21,button,12450785484083886921,19,13
507,40,0.10,Bot1,0,55,walked_into_fire,16913608751013686766,61,7
507,40,0.10,Bot2,0,126,caught_by_fire,16913608751013686766,61,7
507,40,0.10,Bot3,0,160,caught_by_fire,16913608751013686766,61,7
507,40,0.10,Bot4,0,126,caught_by_fire,16913608751013686766,61,7
508,40,0.10,Bot1,1,18,button,16013083108988084598,18,46
508,40,0.10,Bot2,1,18,button,16013083108988084598,18,46
508,40,0.10,Bot3,1,18,button,16013083108988084598,18,46
508,40,0.10,Bot4,1,18,button,16013083108988084598,18,46
509,40,0.10,Bot1,1,42,button,7377815656662581383,42,52
509,40,0.10,Bot2,1,42,button,7377815656662581383,42,52
509,40,0.10,Bot3,1,42,button,7377815656662581383,42,52
509,40,0.10,Bot4,1,42,button,7377815656662581383,42,52
510,40,0.10,Bot1,1,12,button,14804994556205556826,12,25
510,40,0.10,Bot2,1,12,button,14804994556205556826,12,25
510,40,0.10,Bot3,1,12,button,14804994556205556826,12,25
510,40,0.10,Bot4,1,12,button,14804994556205556826,12,25
511,40,0.10,Bot1,0,9,caught_by_fire,12670757011245965881,25,20
511,40,0.10,Bot2,0,9,caught_by_fire,12670757011245965881,25,20
511,40,0.10,Bot3,1,29,button,12670757011245965881,25,20
511,40,0.10,Bot4,0,9,caught_by_fire,12670757011245965881,25,20
512,40,0.10,Bot1,1,56,button,17575384406106430653,56,38
512,40,0.10,Bot2,1,56,button,17575384406106430653,56,38
512,40,0.10,Bot3,1,56,button,17575384406106430653,56,38
512,40,0.10,Bot4,1,56,button,17575384406106430653,56,38
513,40,0.10,Bot1,1,37,button,4150993572939958715,37,62
513,40,0.10,Bot2,1,37,button,4150993572939958715,37,62
513,40,0.10,Bot3,1,37,button,4150993572939958715,37,62
513,40,0.10,Bot4,1,37,button,4150993572939958715,37,62
514,40,0.10,Bot1,1,22,button,5919889201407845510,22,38
514,40,0.10,Bot2,1,22,button,5919889201407845510,22,38
514,40,0.10,Bot3,1,22,button,5919889201407845510,22,38
514,40,0.10,Bot4,1,22,button,5919889201407845510,22,38
515,40,0.10,Bot1,1,10,button,8762283337788027939,10,9
515,40,0.10,Bot2,1,10,button,8762283337788027939,10,9
515,40,0.10,Bot3,1,10,button,8762283337788027939,10,9
515,40,0.10,Bot4,1,10,button,8762283337788027939,10,9
516,40,0.10,Bot1,1,19,button,17126080224066156902,19,39
516,40,0.10,Bot2,1,19,button,17126080224066156902,19,39
516,40,0.10,Bot3,1,19,button,17126080224066156902,19,39
516,40,0.10,Bot4,1,19,button,17126080224066156902,19,39
517,40,0.10,Bot1,1,31,button,6965839900933771787,31,34
517,40,0.10,Bot2,1,31,button,6965839900933771787,31,34
517,40,0.10,Bot3,1,31,button,6965839900933771787,31,34
517,40,0.10,Bot4,1,31,button,6965839900933771787,31,34
518,40,0.10,Bot1,1,14,button,4481798146913160698,14,30
518,40,0.10,Bot2,1,14,button,4481798146913160698,14,30
518,40,0.10,Bot3,1,14,button,4481798146913160698,14,30
518,40,0.10,Bot4,1,14,button,4481798146913160698,14,30
519,40,0.10,Bot1,1,17,button,1950380839291226617,17,31
519,40,0.10,Bot2,1,17,button,1950380839291226617,17,31
519,40,0.10,Bot3,1,17,button,1950380839291226617,17,31
519,40,0.10,Bot4,1,17,button,1950380839291226617,17,31
520,40,0.10,Bot1,1,44,button,568089403703966263,44,56
520,40,0.10,Bot2,1,44,button,568089403703966263,44,56
520,40,0.10,Bot3,1,44,button,568089403703966263,44,56
520,40,0.10,Bot4,1,44,button,568089403703966263,44,56
521,40,0.10,Bot1,1,21,button,11380649993251997869,21,33
521,40,0.10,Bot2,1,21,button,11380649993251997869,21,33
521,40,0.10,Bot3,1,21,button,11380649993251997869,21,33
521,40,0.10,Bot4,1,21,button,11380649993251997869,21,33
522,40,0.10,Bot1,1,10,button,11966357675406408522,10,27
522,40,0.10,Bot2,1,10,button,11966357675406408522,10,27
522,40,0.10,Bot3,1,10,button,11966357675406408522,10,27
522,40,0.10,Bot4,1,10,button,11966357675406408522,10,27
523,40,0.10,Bot1,1,53,button,6604791490255119460,53,47
523,40,0.10,Bot2,1,53,button,6604791490255119460,53,47
523,40,0.10,Bot3,1,53,button,6604791490255119460,53,47
523,40,0.10,Bot4,1,53,button,6604791490255119460,53,47
524,40,0.10,Bot1,1,34,button,9836381914639643851,34,32
524,40,0.10,Bot2,1,34,button,9836381914639643851,34,32
524,40,0.10,Bot3,1,34,button,9836381914639643851,34,32
524,40,0.10,Bot4,1,34,button,9836381914639643851,34,32
525,40,0.10,Bot1,1,37,button,2618022339576452249,37,30
525,40,0.10,Bot2,1,37,button,2618022339576452249,37,30
525,40,0.10,Bot3,1,37,button,2618022339576452249,37,30
525,40,0.10,Bot4,1,37,button,2618022339576452249,37,30
526,40,0.10,Bot1,1,23,button,7560644482912724359,17,4
526,40,0.10,Bot2,1,23,button,7560644482912724359,17,4
526,40,0.10,Bot3,1,29,button,7560644482912724359,17,4
526,40,0.10,Bot4,1,23,button,7560644482912724359,17,4
527,40,0.10,Bot1,1,19,button,5153274657865509299,19,22
527,40,0.10,Bot2,1,19,button,5153274657865509299,19,22
527,40,0.10,Bot3,1,19,button,5153274657865509299,19,22
527,40,0.10,Bot4,1,19,button,5153274657865509299,19,22
528,40,0.10,Bot1,1,22,button,6175582910190885383,22,20
528,40,0.10,Bot2,1,22,button,6175582910190885383,22,20
528,40,0.10,Bot3,1,22,button,6175582910190885383,22,20
528,40,0.10,Bot4,1,22,button,6175582910190885383,22,20
529,40,0.10,Bot1,1,44,button,7236617611077042901,44,12
529,40,0.10,Bot2,1,44,button,7236617611077042901,44,12
529,40,0.10,Bot3,1,44,button,7236617611077042901,44,12
529,40,0.10,Bot4,1,44,button,7236617611077042901,44,12
530,40,0.10,Bot1,1,40,button,5512900433336227649,40,37
530,40,0.10,Bot2,1,40,button,5512900433336227649,40,37
530,40,0.10,Bot3,1,40,button,5512900433336227649,40,37
530,40,0.10,Bot4,1,40,button,5512900433336227649,40,37
531,40,0.10,Bot1,1,25,button,15790228988978728790,25,34
531,40,0.10,Bot2,1,25,button,15790228988978728790,25,34
531,40,0.10,Bot3,1,25,button,15790228988978728790,25,34
531,40,0.10,Bot4,1,25,button,15790228988978728790,25,34
532,40,0.10,Bot1,1,45,button,16908169853163107933,45,19
532,40,0.10,Bot2,1,45,button,16908169853163107933,45,19
532,40,0.10,Bot3,1,45,button,16908169853163107933,45,19
532,40,0.10,Bot4,1,45,button,16908169853163107933,45,19
533,40,0.10,Bot1,1,57,button,12003776777181880423,57,34
533,40,0.10,Bot2,1,57,button,12003776777181880423,57,34
533,40,0.10,Bot3,1,57,button,12003776777181880423,57,34
533,40,0.10,Bot4,1,57,button,12003776777181880423,57,34
534,40,0.10,Bot1,1,48,button,2529519078996142502,48,21
534,40,0.10,Bot2,1,48,button,2529519078996142502,48,21
534,40,0.10,Bot3,1,48,button,2529519078996142502,48,21
534,40,0.10,Bot4,1,48,button,2529519078996142502,48,21
535,40,0.10,Bot1,1,41,button,4405855725831437218,41,29
535,40,0.10,Bot2,1,41,button,4405855725831437218,41,29
535,40,0.10,Bot3,1,41,button,4405855725831437218,41,29
535,40,0.10,Bot4,1,41,button,4405855725831437218,41,29
536,40,0.10,Bot1,1,23,button,8470882798318193284,23,28
536,40,0.10,Bot2,1,23,button,8470882798318193284,23,28
536,40,0.10,Bot3,1,23,button,8470882798318193284,23,28
536,40,0.10,Bot4,1,23,button,8470882798318193284,23,28
537,40,0.10,Bot1,1,37,button,8537505168354437051,37,14
537,40,0.10,Bot2,1,37,button,8537505168354437051,37,14
537,40,0.10,Bot3,1,37,button,8537505168354437051,37,14
537,40,0.10,Bot4,1,37,button,8537505168354437051,37,14
538,40,0.10,Bot1,1,56,button,1389684290339260786,56,34
538,40,0.10,Bot2,1,56,button,1389684290339260786,56,34
538,40,0.10,Bot3,1,56,button,1389684290339260786,56,34
538,40,0.10,Bot4,1,56,button,1389684290339260786,56,34
539,40,0.10,Bot1,1,43,button,4723681894471849863,43,26
539,40,0.10,Bot2,1,43,button,4723681894471849863,43,26
539,40,0.10,Bot3,1,43,button,4723681894471849863,43,26
539,40,0.10,Bot4,1,43,button,4723681894471849863,43,26
540,40,0.10,Bot1,1,36,button,2185443825789263415,36,28
540,40,0.10,Bot2,1,36,button,2185443825789263415,36,28
540,40,0.10,Bot3,1,36,button,2185443825789263415,36,28
540,40,0.10,Bot4,1,36,button,2185443825789263415,36,28
541,40,0.10,Bot1,1,51,button,14032918862377262522,51,29
541,40,0.10,Bot2,1,51,button,14032918862377262522,51,29
541,40,0.10,Bot3,1,51,button,14032918862377262522,51,29
541,40,0.10,Bot4,1,51,button,14032918862377262522,51,29
542,40,0.10,Bot1,1,49,button,1546669683685207960,49,54
542,40,0.10,Bot2,1,49,button,1546669683685207960,49,54
542,40,0.10,Bot3,1,49,button,1546669683685207960,49,54
542,40,0.10,Bot4,1,49,button,1546669683685207960,49,54
543,40,0.10,Bot1,1,53,button,1500605969251565913,53,41
543,40,0.10,Bot2,1,53,button,1500605969251565913,53,41
543,40,0.10,Bot3,1,53,button,1500605969251565913,53,41
543,40,0.10,Bot4,1,53,button,1500605969251565913,53,41
544,40,0.10,Bot1,1,56,button,4424919384612422984,56,47
544,40,0.10,Bot2,1,56,button,4424919384612422984,56,47
544,40,0.10,Bot3,1,56,button,4424919384612422984,56,47
544,40,0.10,Bot4,1,56,button,4424919384612422984,56,47
545,40,0.10,Bot1,1,24,button,4430474249985596411,24,26
545,40,0.10,Bot2,1,24,button,4430474249985596411,24,26
545,40,0.10,Bot3,1,24,button,4430474249985596411,24,26
545,40,0.10,Bot4,1,24,button,4430474249985596411,24,26
546,40,0.10,Bot1,1,28,button,2537376271201745124,28,8
546,40,0.10,Bot2,1,28,button,2537376271201745124,28,8
546,40,0.10,Bot3,1,28,button,2537376271201745124,28,8
546,40,0.10,Bot4,1,28,button,2537376271201745124,28,8
547,40,0.10,Bot1,0,36,walked_into_fire,195859727646247866,60,22
547,40,0.10,Bot2,1,90,button,195859727646247866,60,22
547,40,0.10,Bot3,1,82,button,195859727646247866,60,22
547,40,0.10,Bot4,1,90,button,195859727646247866,60,22
548,40,0.10,Bot1,1,37,button,8972199987411231675,37,58
548,40,0.10,Bot2,1,37,button,8972199987411231675,37,58
548,40,0.10,Bot3,1,37,button,8972199987411231675,37,58
548,40,0.10,Bot4,1,37,button,8972199987411231675,37,58
549,40,0.10,Bot1,1,24,button,11874501454248955948,24,23
549,40,0.10,Bot2,1,24,button,11874501454248955948,24,23
549,40,0.10,Bot3,1,24,button,11874501454248955948,24,23
549,40,0.10,Bot4,1,24,button,11874501454248955948,24,23
550,40,0.10,Bot1,1,29,button,16750366631253337100,29,44
550,40,0.10,Bot2,1,29,button,16750366631253337100,29,44
550,40,0.10,Bot3,1,29,button,16750366631253337100,29,44
550,40,0.10,Bot4,1,29,button,16750366631253337100,29,44
551,40,0.10,Bot1,1,16,button,3604384183139764242,16,53
551,40,0.10,Bot2,1,16,button,3604384183139764242,16,53
551,40,0.10,Bot3,1,16,button,3604384183139764242,16,53
551,40,0.10,Bot4,1,16,button,3604384183139764242,16,53
552,40,0.10,Bot1,1,6,button,15336566961260638194,6,25
552,40,0.10,Bot2,1,6,button,15336566961260638194,6,25
552,40,0.10,Bot3,1,6,button,15336566961260638194,6,25
552,40,0.10,Bot4,1,6,button,15336566961260638194,6,25
553,40,0.10,Bot1,1,28,button,8528248541496689779,28,18
553,40,0.10,Bot2,1,28,button,8528248541496689779,28,18
553,40,0.10,Bot3,1,28,button,8528248541496689779,28,18
553,40,0.10,Bot4,1,28,button,8528248541496689779,28,18
554,40,0.10,Bot1,1,46,button,11048577742511670880,46,50
554,40,0.10,Bot2,1,46,button,11048577742511670880,46,50
554,40,0.10,Bot3,1,46,button,11048577742511670880,46,50
554,40,0.10,Bot4,1,46,button,11048577742511670880,46,50
555,40,0.10,Bot1,1,35,button,5934713449442051566,35,21
555,40,0.10,Bot2,1,35,button,5934713449442051566,35,21
555,40,0.10,Bot3,1,35,button,5934713449442051566,35,21
555,40,0.10,Bot4,1,35,button,5934713449442051566,35,21
556,40,0.10,Bot1,1,17,button,3947477399799731148,17,17
556,40,0.10,Bot2,1,17,button,3947477399799731148,17,17
556,40,0.10,Bot3,1,17,button,3947477399799731148,17,17
556,40,0.10,Bot4,1,17,button,3947477399799731148,17,17
557,40,0.10,Bot1,1,45,button,13897605307642399296,45,45
557,40,0.10,Bot2,1,45,button,13897605307642399296,45,45
557,40,0.10,Bot3,1,45,button,13897605307642399296,45,45
557,40,0.10,Bot4,1,45,button,13897605307642399296,45,45
558,40,0.10,Bot1,1,14,button,7652166784522183794,14,35
558,40,0.10,Bot2,1,14,button,7652166784522183794,14,35
558,40,0.10,Bot3,1,14,button,7652166784522183794,14,35
558,40,0.10,Bot4,1,14,button,7652166784522183794,14,35
559,40,0.10,Bot1,1,21,button,17485610947899525457,21,23
559,40,0.10,Bot2,1,21,button,17485610947899525457,21,23
559,40,0.10,Bot3,1,21,button,17485610947899525457,21,23
559,40,0.10,Bot4,1,21,button,17485610947899525457,21,23
560,40,0.10,Bot1,1,45,button,5494502658990693627,45,42
560,40,0.10,Bot2,1,45,button,5494502658990693627,45,42
560,40,0.10,Bot3,1,45,button,5494502658990693627,45,42
560,40,0.10,Bot4,1,45,button,5494502658990693627,45,42
561,40,0.10,Bot1,1,53,button,5918017850599234310,53,52
561,40,0.10,Bot2,1,53,button,5918017850599234310,53,52
561,40,0.10,Bot3,1,53,button,5918017850599234310,53,52
561,40,0.10,Bot4,1,53,button,5918017850599234310,53,52
562,40,0.10,Bot1,1,20,button,13932510717900214126,20,32
562,40,0.10,Bot2,1,20,button,13932510717900214126,20,32
562,40,0.10,Bot3,1,20,button,13932510717900214126,20,32
562,40,0.10,Bot4,1,20,button,13932510717900214126,20,32
563,40,0.10,Bot1,1,31,button,11123197874498545715,31,21
563,40,0.10,Bot2,1,31,button,11123197874498545715,31,21
563,40,0.10,Bot3,1,31,button,11123197874498545715,31,21
563,40,0.10,Bot4,1,31,button,11123197874498545715,31,21
564,40,0.10,Bot1,1,36,button,8815856112650794444,36,26
564,40,0.10,Bot2,1,36,button,8815856112650794444,36,26
564,40,0.10,Bot3,1,36,button,8815856112650794444,36,26
564,40,0.10,Bot4,1,36,button,8815856112650794444,36,26
565,40,0.10,Bot1,1,11,button,6213716534295195723,11,27
565,40,0.10,Bot2,1,11,button,6213716534295195723,11,27
565,40,0.10,Bot3,1,11,button,6213716534295195723,11,27
565,40,0.10,Bot4,1,11,button,6213716534295195723,11,27
566,40,0.10,Bot1,1,27,button,12295015063260340181,27,23
566,40,0.10,Bot2,1,27,button,12295015063260340181,27,23
566,40,0.10,Bot3,1,27,button,12295015063260340181,27,23
566,40,0.10,Bot4,1,27,button,12295015063260340181,27,23
567,40,0.10,Bot1,1,20,button,3064482624332140751,20,30
567,40,0.10,Bot2,1,20,button,3064482624332140751,20,30
567,40,0.10,Bot3,1,20,button,3064482624332140751,20,30
567,40,0.10,Bot4,1,20,button,3064482624332140751,20,30
568,40,0.10,Bot1,1,19,button,16804607616201090868,19,40
568,40,0.10,Bot2,1,19,button,16804607616201090868,19,40
568,40,0.10,Bot3,1,19,button,16804607616201090868,19,40
568,40,0.10,Bot4,1,19,button,16804607616201090868,19,40
569,40,0.10,Bot1,1,33,button,4665279229718258052,33,17
569,40,0.10,Bot2,1,33,button,4665279229718258052,33,17
569,40,0.10,Bot3,1,33,button,4665279229718258052,33,17
569,40,0.10,Bot4,1,33,button,4665279229718258052,33,17
570,40,0.10,Bot1,1,46,button,1027234593245580239,46,41
570,40,0.10,Bot2,1,46,button,1027234593245580239,46,41
570,40,0.10,Bot3,1,46,button,1027234593245580239,46,41
570,40,0.10,Bot4,1,46,button,1027234593245580239,46,41
571,40,0.10,Bot1,1,26,button,13435146109528739062,26,21
571,40,0.10,Bot2,1,26,button,13435146109528739062,26,21
571,40,0.10,Bot3,1,26,button,13435146109528739062,26,21
571,40,0.10,Bot4,1,26,button,13435146109528739062,26,21
572,40,0.10,Bot1,1,38,button,14973014725079675691,38,38
572,40,0.10,Bot2,1,38,button,14973014725079675691,38,38
572,40,0.10,Bot3,1,38,button,14973014725079675691,38,38
572,40,0.10,Bot4,1,38,button,14973014725079675691,38,38
573,40,0.10,Bot1,1,12,button,4217855408534591149,12,13
573,40,0.10,Bot2,1,12,button,4217855408534591149,12,13
573,40,0.10,Bot3,1,12,button,4217855408534591149,12,13
573,40,0.10,Bot4,1,12,button,4217855408534591149,12,13
574,40,0.10,Bot1,1,21,button,16575018421531402959,21,53
574,40,0.10,Bot2,1,21,button,16575018421531402959,21,53
574,40,0.10,Bot3,1,21,button,16575018421531402959,21,53
574,40,0.10,Bot4,1,21,button,16575018421531402959,21,53
575,40,0.10,Bot1,1,44,button,8505532576300949052,44,48
575,40,0.10,Bot2,1,44,button,8505532576300949052,44,48
575,40,0.10,Bot3,1,44,button,8505532576300949052,44,48
575,40,0.10,Bot4,1,44,button,8505532576300949052,44,48
576,40,0.10,Bot1,1,38,button,11981135088310676273,38,38
576,40,0.10,Bot2,1,38,button,11981135088310676273,38,38
576,40,0.10,Bot3,1,38,button,11981135088310676273,38,38
576,40,0.10,Bot4,1,38,button,11981135088310676273,38,38
577,40,0.10,Bot1,1,31,button,18286034924164396779,31,39
577,40,0.10,Bot2,1,31,button,18286034924164396779,31,39
577,40,0.10,Bot3,1,31,button,18286034924164396779,31,39
577,40,0.10,Bot4,1,31,button,18286034924164396779,31,39
578,40,0.10,Bot1,1,39,button,5038749096668344947,39,58
578,40,0.10,Bot2,1,39,button,5038749096668344947,39,58
578,40,0.10,Bot3,1,39,button,5038749096668344947,39,58
578,40,0.10,Bot4,1,39,button,5038749096668344947,39,58
579,40,0.10,Bot1,1,8,button,8472110248966741749,8,29
579,40,0.10,Bot2,1,8,button,8472110248966741749,8,29
579,40,0.10,Bot3,1,8,button,8472110248966741749,8,29
579,40,0.10,Bot4,1,8,button,8472110248966741749,8,29
580,40,0.10,Bot1,1,45,button,6889862037758181189,45,62
580,40,0.10,Bot2,1,45,button,6889862037758181189,45,62
580,40,0.10,Bot3,1,45,button,6889862037758181189,45,62
580,40,0.10,Bot4,1,45,button,6889862037758181189,45,62
581,40,0.10,Bot1,1,25,button,17888323830070819904,25,29
581,40,0.10,Bot2,1,25,button,17888323830070819904,25,29
581,40,0.10,Bot3,1,25,button,17888323830070819904,25,29
581,40,0.10,Bot4,1,25,button,17888323830070819904,25,29
582,40,0.10,Bot1,1,20,button,12309990266570582923,20,29
582,40,0.10,Bot2,1,20,button,12309990266570582923,20,29
582,40,0.10,Bot3,1,20,button,12309990266570582923,20,29
582,40,0.10,Bot4,1,20,button,12309990266570582923,20,29
583,40,0.10,Bot1,1,22,button,2359300946505167876,22,37
583,40,0.10,Bot2,1,22,button,2359300946505167876,22,37
583,40,0.10,Bot3,1,22,button,2359300946505167876,22,37
583,40,0.10,Bot4,1,22,button,2359300946505167876,22,37
584,40,0.10,Bot1,1,25,button,4517543609589844030,25,25
584,40,0.10,Bot2,1,25,button,4517543609589844030,25,25
584,40,0.10,Bot3,1,25,button,4517543609589844030,25,25
584,40,0.10,Bot4,1,25,button,4517543609589844030,25,25
585,40,0.10,Bot1,1,48,button,1028542443782486145,48,38
585,40,0.10,Bot2,1,48,button,1028542443782486145,48,38
585,40,0.10,Bot3,1,48,button,1028542443782486145,48,38
585,40,0.10,Bot4,1,48,button,1028542443782486145,48,38
586,40,0.10,Bot1,1,20,button,3680138686597868696,20,10
586,40,0.10,Bot2,1,20,button,3680138686597868696,20,10
586,40,0.10,Bot3,1,20,button,3680138686597868696,20,10
586,40,0.10,Bot4,1,20,button,3680138686597868696,20,10
587,40,0.10,Bot1,0,14,walked_into_fire,5228346888857995665,64,52
587,40,0.10,Bot2,1,80,button,5228346888857995665,64,52
587,40,0.10,Bot3,1,76,button,5228346888857995665,64,52
587,40,0.10,Bot4,1,80,button,5228346888857995665,64,52
588,40,0.10,Bot1,1,37,button,12058429928898043036,37,45
588,40,0.10,Bot2,1,37,button,12058429928898043036,37,45
588,40,0.10,Bot3,1,37,button,12058429928898043036,37,45
588,40,0.10,Bot4,1,37,button,12058429928898043036,37,45
589,40,0.10,Bot1,1,35,button,17344806057476561705,35,10
589,40,0.10,Bot2,1,35,button,17344806057476561705,35,10
589,40,0.10,Bot3,1,35,button,17344806057476561705,35,10
589,40,0.10,Bot4,1,35,button,17344806057476561705,35,10
590,40,0.10,Bot1,1,20,button,2923716028326835228,20,44
590,40,0.10,Bot2,1,20,button,2923716028326835228,20,44
590,40,0.10,Bot3,1,20,button,2923716028326835228,20,44
590,40,0.10,Bot4,1,20,button,2923716028326835228,20,44
591,40,0.10,Bot1,1,42,button,14082626133984677616,42,44
591,40,0.10,Bot2,1,42,button,14082626133984677616,42,44
591,40,0.10,Bot3,1,42,button,14082626133984677616,42,44
591,40,0.10,Bot4,1,42,button,14082626133984677616,42,44
592,40,0.10,Bot1,1,30,button,5133062921427938590,30,14
592,40,0.10,Bot2,1,30,button,5133062921427938590,30,14
592,40,0.10,Bot3,1,30,button,5133062921427938590,30,14
592,40,0.10,Bot4,1,30,button,5133062921427938590,30,14
593,40,0.10,Bot1,1,46,button,190624955838059412,46,30
593,40,0.10,Bot2,1,46,button,190624955838059412,46,30
593,40,0.10,Bot3,1,46,button,190624955838059412,46,30
593,40,0.10,Bot4,1,46,button,190624955838059412,46,30
594,40,0.10,Bot1,1,14,button,3284741863979135018,14,48
594,40,0.10,Bot2,1,14,button,3284741863979135018,14,48
594,40,0.10,Bot3,1,14,button,3284741863979135018,14,48
594,40,0.10,Bot4,1,14,button,3284741863979135018,14,48
595,40,0.10,Bot1,1,49,button,18437012593535183896,49,44
595,40,0.10,Bot2,1,49,button,18437012593535183896,49,44
595,40,0.10,Bot3,1,49,button,18437012593535183896,49,44
595,40,0.10,Bot4,1,49,button,18437012593535183896,49,44
596,40,0.10,Bot1,0,11,walked_into_fire,3409195506514157256,42,35
596,40,0.10,Bot2,1,48,button,3409195506514157256,42,35
596,40,0.10,Bot3,1,48,button,3409195506514157256,42,35
596,40,0.10,Bot4,1,48,button,3409195506514157256,42,35
597,40,0.10,Bot1,1,58,button,12466279434783225569,58,15
597,40,0.10,Bot2,1,58,button,12466279434783225569,58,15
597,40,0.10,Bot3,1,58,button,12466279434783225569,58,15
597,40,0.10,Bot4,1,58,button,12466279434783225569,58,15
598,40,0.10,Bot1,1,43,button,6055121235619657861,43,33
598,40,0.10,Bot2,1,43,button,6055121235619657861,43,33
598,40,0.10,Bot3,1,43,button,6055121235619657861,43,33
598,40,0.10,Bot4,1,43,button,6055121235619657861,43,33
599,40,0.10,Bot1,1,50,button,14128637139471178331,50,16
599,40,0.10,Bot2,1,50,button,14128637139471178331,50,16
599,40,0.10,Bot3,1,50,button,14128637139471178331,50,16
599,40,0.10,Bot4,1,50,button,14128637139471178331,50,16
600,40,0.15,Bot1,1,50,button,2212968276127802555,50,16
600,40,0.15,Bot2,1,50,button,2212968276127802555,50,16
600,40,0.15,Bot3,1,50,button,2212968276127802555,50,16
600,40,0.15,Bot4,1,50,button,2212968276127802555,50,16
601,40,0.15,Bot1,1,17,button,8090534527773858544,17,28
601,40,0.15,Bot2,1,17,button,8090534527773858544,17,28
601,40,0.15,Bot3,1,17,button,8090534527773858544,17,28
601,40,0.15,Bot4,1,17,button,8090534527773858544,17,28
602,40,0.15,Bot1,0,14,walked_into_fire,1290586811861620827,60,44
602,40,0.15,Bot2,1,62,button,1290586811861620827,60,44
602,40,0.15,Bot3,1,86,button,1290586811861620827,60,44
602,40,0.15,Bot4,1,62,button,1290586811861620827,60,44
603,40,0.15,Bot1,1,31,button,2549999729812283133,31,10
603,40,0.15,Bot2,1,31,button,2549999729812283133,31,10
603,40,0.15,Bot3,1,39,button,2549999729812283133,31,10
603,40,0.15,Bot4,1,31,button,2549999729812283133,31,10
604,40,0.15,Bot1,0,51,walked_into_fire,9266470096772888700,56,14
604,40,0.15,Bot2,0,156,caught_by_fire,9266470096772888700,56,14
604,40,0.15,Bot3,0,170,caught_by_fire,9266470096772888700,56,14
604,40,0.15,Bot4,0,193,caught_by_fire,9266470096772888700,56,14
605,40,0.15,Bot1,0,27,walked_into_fire,14770945448588478790,38,17
605,40,0.15,Bot2,1,84,button,14770945448588478790,38,17
605,40,0.15,Bot3,1,74,button,14770945448588478790,38,17
605,40,0.15,Bot4,1,84,button,14770945448588478790,38,17
606,40,0.15,Bot1,1,20,button,655056035759678718,20,38
606,40,0.15,Bot2,1,20,button,655056035759678718,20,38
606,40,0.15,Bot3,1,20,button,655056035759678718,20,38
606,40,0.15,Bot4,1,20,button,655056035759678718,20,38
607,40,0.15,Bot1,1,32,button,5912673784782151562,32,38
607,40,0.15,Bot2,1,32,button,5912673784782151562,32,38
607,40,0.15,Bot3,1,32,button,5912673784782151562,32,38
607,40,0.15,Bot4,1,32,button,5912673784782151562,32,38
608,40,0.15,Bot1,1,33,button,16444699263268243840,33,17
608,40,0.15,Bot2,1,33,button,16444699263268243840,33,17
608,40,0.15,Bot3,1,33,button,16444699263268243840,33,17
608,40,0.15,Bot4,1,33,button,16444699263268243840,33,17
609,40,0.15,Bot1,0,4,caught_by_fire,5634832301028686871,41,39
609,40,0.15,Bot2,0,4,caught_by_fire,5634832301028686871,41,39
609,40,0.15,Bot3,1,51,button,5634832301028686871,41,39
609,40,0.15,Bot4,0,4,caught_by_fire,5634832301028686871,41,39
610,40,0.15,Bot1,1,37,button,12631514363344221945,37,47
610,40,0.15,Bot2,1,37,button,12631514363344221945,37,47
610,40,0.15,Bot3,1,37,button,12631514363344221945,37,47
610,40,0.15,Bot4,1,37,button,12631514363344221945,37,47
611,40,0.15,Bot1,1,23,button,3162392753292949277,23,37
611,40,0.15,Bot2,1,23,button,3162392753292949277,23,37
611,40,0.15,Bot3,1,23,button,3162392753292949277,23,37
611,40,0.15,Bot4,1,23,button,3162392753292949277,23,37
612,40,0.15,Bot1,1,7,button,9961309165095105882,7,38
612,40,0.15,Bot2,1,7,button,9961309165095105882,7,38
612,40,0.15,Bot3,1,7,button,9961309165095105882,7,38
612,40,0.15,Bot4,1,7,button,9961309165095105882,7,38
613,40,0.15,Bot1,1,49,button,12912744097274503154,49,15
613,40,0.15,Bot2,1,49,button,12912744097274503154,49,15
613,40,0.15,Bot3,1,49,button,12912744097274503154,49,15
613,40,0.15,Bot4,1,49,button,12912744097274503154,49,15
614,40,0.15,Bot1,1,24,button,6771460530807229784,24,21
614,40,0.15,Bot2,1,24,button,6771460530807229784,24,21
614,40,0.15,Bot3,1,24,button,6771460530807229784,24,21
614,40,0.15,Bot4,1,24,button,6771460530807229784,24,21
615,40,0.15,Bot1,1,43,button,10558160228997354249,43,18
615,40,0.15,Bot2,1,43,button,10558160228997354249,43,18
615,40,0.15,Bot3,1,43,button,10558160228997354249,43,18
615,40,0.15,Bot4,1,43,button,10558160228997354249,43,18
616,40,0.15,Bot1,1,26,button,662690772221439105,26,35
616,40,0.15,Bot2,1,26,button,662690772221439105,26,35
616,40,0.15,Bot3,1,26,button,662690772221439105,26,35
616,40,0.15,Bot4,1,26,button,662690772221439105,26,35
617,40,0.15,Bot1,1,21,button,13983978770021324294,21,51
617,40,0.15,Bot2,1,21,button,13983978770021324294,21,51
617,40,0.15,Bot3,1,21,button,13983978770021324294,21,51
617,40,0.15,Bot4,1,21,button,13983978770021324294,21,51
618,40,0.15,Bot1,1,19,button,2154388024884333617,19,52
618,40,0.15,Bot2,1,19,button,2154388024884333617,19,52
618,40,0.15,Bot3,1,19,button,2154388024884333617,19,52
618,40,0.15,Bot4,1,19,button,2154388024884333617,19,52
619,40,0.15,Bot1,1,8,button,10374961506947684727,8,24
619,40,0.15,Bot2,1,8,button,10374961506947684727,8,24
619,40,0.15,Bot3,1,8,button,10374961506947684727,8,24
619,40,0.15,Bot4,1,8,button,10374961506947684727,8,24
620,40,0.15,Bot1,1,13,button,4419492180008994738,13,44
620,40,0.15,Bot2,1,13,button,4419492180008994738,13,44
620,40,0.15,Bot3,1,13,button,4419492180008994738,13,44
620,40,0.15,Bot4,1,13,button,4419492180008994738,13,44
621,40,0.15,Bot1,1,28,button,7760163244875008491,28,27
621,40,0.15,Bot2,1,28,button,7760163244875008491,28,27
621,40,0.15,Bot3,1,28,button,7760163244875008491,28,27
621,40,0.15,Bot4,1,28,button,7760163244875008491,28,27
622,40,0.15,Bot1,1,61,button,3643575865243743180,61,49
622,40,0.15,Bot2,1,61,button,3643575865243743180,61,49
622,40,0.15,Bot3,1,61,button,3643575865243743180,61,49
622,40,0.15,Bot4,1,61,button,3643575865243743180,61,49
623,40,0.15,Bot1,1,22,button,4974864166215213341,22,24
623,40,0.15,Bot2,1,22,button,4974864166215213341,22,24
623,40,0.15,Bot3,1,22,button,4974864166215213341,22,24
623,40,0.15,Bot4,1,22,button,4974864166215213341,22,24
624,40,0.15,Bot1,1,37,button,7643437139349256138,37,41
624,40,0.15,Bot2,1,37,button,7643437139349256138,37,41
624,40,0.15,Bot3,1,37,button,7643437139349256138,37,41
624,40,0.15,Bot4,1,37,button,7643437139349256138,37,41
625,40,0.15,Bot1,1,46,button,5443559788693899024,46,54
625,40,0.15,Bot2,1,46,button,5443559788693899024,46,54
625,40,0.15,Bot3,1,46,button,5443559788693899024,46,54
625,40,0.15,Bot4,1,46,button,5443559788693899024,46,54
626,40,0.15,Bot1,1,28,button,16545135317365871944,28,59
626,40,0.15,Bot2,1,28,button,16545135317365871944,28,59
626,40,0.15,Bot3,1,28,button,16545135317365871944,28,59
626,40,0.15,Bot4,1,28,button,16545135317365871944,28,59
627,40,0.15,Bot1,1,56,button,4387429222642279261,56,15
627,40,0.15,Bot2,1,56,button,4387429222642279261,56,15
627,40,0.15,Bot3,1,56,button,4387429222642279261,56,15
627,40,0.15,Bot4,1,56,button,4387429222642279261,56,15
628,40,0.15,Bot1,1,13,button,2102708883170507656,13,22
628,40,0.15,Bot2,1,13,button,2102708883170507656,13,22
628,40,0.15,Bot3,1,13,button,2102708883170507656,13,22
628,40,0.15,Bot4,1,13,button,2102708883170507656,13,22
629,40,0.15,Bot1,1,38,button,6055643596350814033,38,27
629,40,0.15,Bot2,1,38,button,6055643596350814033,38,27
629,40,0.15,Bot3,1,38,button,6055643596350814033,38,27
629,40,0.15,Bot4,1,38,button,6055643596350814033,38,27
630,40,0.15,Bot1,1,21,button,8131899468382773482,21,10
630,40,0.15,Bot2,1,21,button,8131899468382773482,21,10
630,40,0.15,Bot3,1,21,button,8131899468382773482,21,10
630,40,0.15,Bot4,1,21,button,8131899468382773482,21,10
631,40,0.15,Bot1,1,54,button,12954659940470118990,54,20
631,40,0.15,Bot2,1,54,button,12954659940470118990,54,20
631,40,0.15,Bot3,1,54,button,12954659940470118990,54,20
631,40,0.15,Bot4,1,54,button,12954659940470118990,54,20
632,40,0.15,Bot1,1,35,button,8229049723512839244,35,15
632,40,0.15,Bot2,1,35,button,8229049723512839244,35,15
632,40,0.15,Bot3,1,35,button,8229049723512839244,35,15
632,40,0.15,Bot4,1,35,button,8229049723512839244,35,15
633,40,0.15,Bot1,1,32,button,11879870768488703064,32,20
633,40,0.15,Bot2,1,32,button,11879870768488703064,32,20
633,40,0.15,Bot3,1,32,button,11879870768488703064,32,20
633,40,0.15,Bot4,1,32,button,11879870768488703064,32,20
634,40,0.15,Bot1,1,47,button,249783211430436117,47,43
634,40,0.15,Bot2,1,47,button,249783211430436117,47,43
634,40,0.15,Bot3,1,47,button,249783211430436117,47,43
634,40,0.15,Bot4,1,47,button,249783211430436117,47,43
635,40,0.15,Bot1,1,25,button,9505435958901977012,25,18
635,40,0.15,Bot2,1,25,button,9505435958901977012,25,18
635,40,0.15,Bot3,1,25,button,9505435958901977012,25,18
635,40,0.15,Bot4,1,25,button,9505435958901977012,25,18
636,40,0.15,Bot1,1,7,button,3308364304026476424,7,23
636,40,0.15,Bot2,1,7,button,3308364304026476424,7,23
636,40,0.15,Bot3,1,7,button,3308364304026476424,7,23
636,40,0.15,Bot4,1,7,button,3308364304026476424,7,23
637,40,0.15,Bot1,1,13,button,5565537947753178371,13,28
637,40,0.15,Bot2,1,13,button,5565537947753178371,13,28
637,40,0.15,Bot3,1,13,button,5565537947753178371,13,28
637,40,0.15,Bot4,1,13,button,5565537947753178371,13,28
638,40,0.15,Bot1,1,48,button,14007926876083417751,48,35
638,40,0.15,Bot2,1,48,button,14007926876083417751,48,35
638,40,0.15,Bot3,1,48,button,14007926876083417751,48,35
638,40,0.15,Bot4,1,48,button,14007926876083417751,48,35
639,40,0.15,Bot1,0,42,walked_into_fire,619152332336514345,49,3
639,40,0.15,Bot2,0,208,caught_by_fire,619152332336514345,49,3
639,40,0.15,Bot3,0,208,caught_by_fire,619152332336514345,49,3
639,40,0.15,Bot4,0,199,caught_by_fire,619152332336514345,49,3
640,40,0.15,Bot1,1,32,button,9785670906623270424,32,36
640,40,0.15,Bot2,1,32,button,9785670906623270424,32,36
640,40,0.15,Bot3,1,32,button,9785670906623270424,32,36
640,40,0.15,Bot4,1,32,button,9785670906623270424,32,36
641,40,0.15,Bot1,1,55,button,2128334007821940010,55,35
641,40,0.15,Bot2,1,55,button,2128334007821940010,55,35
641,40,0.15,Bot3,1,55,button,2128334007821940010,55,35
641,40,0.15,Bot4,1,55,button,2128334007821940010,55,35
642,40,0.15,Bot1,1,27,button,9630306275623651775,27,33
642,40,0.15,Bot2,1,27,button,9630306275623651775,27,33
642,40,0.15,Bot3,1,27,button,9630306275623651775,27,33
642,40,0.15,Bot4,1,27,button,9630306275623651775,27,33
643,40,0.15,Bot1,1,16,button,5209651924854445570,16,29
643,40,0.15,Bot2,1,16,button,5209651924854445570,16,29
643,40,0.15,Bot3,1,16,button,5209651924854445570,16,29
643,40,0.15,Bot4,1,16,button,5209651924854445570,16,29
644,40,0.15,Bot1,1,57,button,12156725967513825711,57,45
644,40,0.15,Bot2,1,57,button,12156725967513825711,57,45
644,40,0.15,Bot3,1,57,button,12156725967513825711,57,45
644,40,0.15,Bot4,1,57,button,12156725967513825711,57,45
645,40,0.15,Bot1,1,55,button,4365802436439281476,55,52
645,40,0.15,Bot2,1,55,button,4365802436439281476,55,52
645,40,0.15,Bot3,1,55,button,4365802436439281476,55,52
645,40,0.15,Bot4,1,55,button,4365802436439281476,55,52
646,40,0.15,Bot1,1,9,button,13976754510160520919,9,22
646,40,0.15,Bot2,1,9,button,13976754510160520919,9,22
646,40,0.15,Bot3,1,9,button,13976754510160520919,9,22
646,40,0.15,Bot4,1,9,button,13976754510160520919,9,22
647,40,0.15,Bot1,1,28,button,5113921004515057701,28,16
647,40,0.15,Bot2,1,28,button,5113921004515057701,28,16
647,40,0.15,Bot3,1,28,button,5113921004515057701,28,16
647,40,0.15,Bot4,1,28,button,5113921004515057701,28,16
648,40,0.15,Bot1,1,36,button,14850709097578099288,36,31
648,40,0.15,Bot2,1,36,button,14850709097578099288,36,31
648,40,0.15,Bot3,1,36,button,14850709097578099288,36,31
648,40,0.15,Bot4,1,36,button,14850709097578099288,36,31
649,40,0.15,Bot1,1,32,button,14135243361861066943,32,54
649,40,0.15,Bot2,1,32,button,14135243361861066943,32,54
649,40,0.15,Bot3,1,32,button,14135243361861066943,32,54
649,40,0.15,Bot4,1,32,button,14135243361861066943,32,54
650,40,0.15,Bot1,1,46,button,10509495632906139705,46,29
650,40,0.15,Bot2,1,46,button,10509495632906139705,46,29
650,40,0.15,Bot3,1,46,button,10509495632906139705,46,29
650,40,0.15,Bot4,1,46,button,10509495632906139705,46,29
651,40,0.15,Bot1,0,30,caught_by_fire,12732153627812446201,65,39
651,40,0.15,Bot2,0,30,caught_by_fire,12732153627812446201,65,39
651,40,0.15,Bot3,1,73,button,12732153627812446201,65,39
651,40,0.15,Bot4,1,65,button,12732153627812446201,65,39
652,40,0.15,Bot1,1,24,button,5115865873261579119,24,63
652,40,0.15,Bot2,1,24,button,5115865873261579119,24,63
652,40,0.15,Bot3,1,24,button,5115865873261579119,24,63
652,40,0.15,Bot4,1,24,button,5115865873261579119,24,63
653,40,0.15,Bot1,1,40,button,17033770259994537383,40,37
653,40,0.15,Bot2,1,40,button,17033770259994537383,40,37
653,40,0.15,Bot3,1,40,button,17033770259994537383,40,37
653,40,0.15,Bot4,1,40,button,17033770259994537383,40,37
654,40,0.15,Bot1,1,26,button,9343515760351981437,26,38
654,40,0.15,Bot2,1,26,button,9343515760351981437,26,38
654,40,0.15,Bot3,1,26,button,9343515760351981437,26,38
654,40,0.15,Bot4,1,26,button,9343515760351981437,26,38
655,40,0.15,Bot1,1,19,button,14573009780211973966,19,19
655,40,0.15,Bot2,1,19,button,14573009780211973966,19,19
655,40,0.15,Bot3,1,19,button,14573009780211973966,19,19
655,40,0.15,Bot4,1,19,button,14573009780211973966,19,19
656,40,0.15,Bot1,1,57,button,9455192745437412080,57,66
656,40,0.15,Bot2,1,57,button,9455192745437412080,57,66
656,40,0.15,Bot3,1,57,button,9455192745437412080,57,66
656,40,0.15,Bot4,1,57,button,9455192745437412080,57,66
657,40,0.15,Bot1,1,28,button,12310330065576649163,28,36
657,40,0.15,Bot2,1,28,button,12310330065576649163,28,36
657,40,0.15,Bot3,1,28,button,12310330065576649163,28,36
657,40,0.15,Bot4,1,28,button,12310330065576649163,28,36
658,40,0.15,Bot1,1,43,button,15787197728078534181,43,43
658,40,0.15,Bot2,1,43,button,15787197728078534181,43,43
658,40,0.15,Bot3,1,43,button,15787197728078534181,43,43
658,40,0.15,Bot4,1,43,button,15787197728078534181,43,43
659,40,0.15,Bot1,1,26,button,14207339766860546571,26,37
659,40,0.15,Bot2,1,26,button,14207339766860546571,26,37
659,40,0.15,Bot3,1,26,button,14207339766860546571,26,37
659,40,0.15,Bot4,1,26,button,14207339766860546571,26,37
660,40,0.15,Bot1,1,36,button,640062074579171319,36,58
660,40,0.15,Bot2,1,36,button,640062074579171319,36,58
660,40,0.15,Bot3,1,36,button,640062074579171319,36,58
660,40,0.15,Bot4,1,36,button,640062074579171319,36,58
661,40,0.15,Bot1,0,31,walked_into_fire,5860177560974101963,37,1
661,40,0.15,Bot2,0,166,caught_by_fire,5860177560974101963,37,1
661,40,0.15,Bot3,0,166,caught_by_fire,5860177560974101963,37,1
661,40,0.15,Bot4,0,119,caught_by_fire,5860177560974101963,37,1
662,40,0.15,Bot1,1,30,button,13595311971184003259,30,25
662,40,0.15,Bot2,1,30,button,13595311971184003259,30,25
662,40,0.15,Bot3,1,30,button,13595311971184003259,30,25
662,40,0.15,Bot4,1,30,button,13595311971184003259,30,25
663,40,0.15,Bot1,1,28,button,6207139752761823797,28,17
663,40,0.15,Bot2,1,28,button,6207139752761823797,28,17
663,40,0.15,Bot3,1,28,button,6207139752761823797,28,17
663,40,0.15,Bot4,1,28,button,6207139752761823797,28,17
664,40,0.15,Bot1,1,24,button,9474644523583008062,24,52
664,40,0.15,Bot2,1,24,button,9474644523583008062,24,52
664,40,0.15,Bot3,1,24,button,9474644523583008062,24,52
664,40,0.15,Bot4,1,24,button,9474644523583008062,24,52
665,40,0.15,Bot1,1,37,button,1609412694236056036,37,24
665,40,0.15,Bot2,1,37,button,1609412694236056036,37,24
665,40,0.15,Bot3,1,37,button,1609412694236056036,37,24
665,40,0.15,Bot4,1,37,button,1609412694236056036,37,24
666,40,0.15,Bot1,1,15,button,4596506683716220227,15,12
666,40,0.15,Bot2,1,15,button,4596506683716220227,15,12
666,40,0.15,Bot3,1,15,button,4596506683716220227,15,12
666,40,0.15,Bot4,1,15,button,4596506683716220227,15,12
667,40,0.15,Bot1,1,31,button,13985346580859543901,31,51
667,40,0.15,Bot2,1,31,button,13985346580859543901,31,51
667,40,0.15,Bot3,1,31,button,13985346580859543901,31,51
667,40,0.15,Bot4,1,31,button,13985346580859543901,31,51
668,40,0.15,Bot1,1,11,button,3375345804994858346,11,15
668,40,0.15,Bot2,1,11,button,3375345804994858346,11,15
668,40,0.15,Bot3,1,11,button,3375345804994858346,11,15
668,40,0.15,Bot4,1,11,button,3375345804994858346,11,15
669,40,0.15,Bot1,0,25,walked_into_fire,11705008777173279439,29,3
669,40,0.15,Bot2,0,34,caught_by_fire,11705008777173279439,29,3
669,40,0.15,Bot3,0,34,caught_by_fire,11705008777173279439,29,3
669,40,0.15,Bot4,0,56,caught_by_fire,11705008777173279439,29,3
670,40,0.15,Bot1,1,20,button,8087590106214746825,20,28
670,40,0.15,Bot2,1,20,button,8087590106214746825,20,28
670,40,0.15,Bot3,1,20,button,8087590106214746825,20,28
670,40,0.15,Bot4,1,20,button,8087590106214746825,20,28
671,40,0.15,Bot1,1,10,button,5929383950596264701,10,45
671,40,0.15,Bot2,1,10,button,5929383950596264701,10,45
671,40,0.15,Bot3,1,10,button,5929383950596264701,10,45
671,40,0.15,Bot4,1,10,button,5929383950596264701,10,45
672,40,0.15,Bot1,1,45,button,8741075558038472985,45,23
672,40,0.15,Bot2,1,45,button,8741075558038472985,45,23
672,40,0.15,Bot3,1,71,button,8741075558038472985,45,23
672,40,0.15,Bot4,1,45,button,8741075558038472985,45,23
673,40,0.15,Bot1,1,24,button,4818064572318804031,24,45
673,40,0.15,Bot2,1,24,button,4818064572318804031,24,45
673,40,0.15,Bot3,1,24,button,4818064572318804031,24,45
673,40,0.15,Bot4,1,24,button,4818064572318804031,24,45
674,40,0.15,Bot1,0,21,walked_into_fire,6785101201473761106,51,30
674,40,0.15,Bot2,1,71,button,6785101201473761106,51,30
674,40,0.15,Bot3,1,67,button,6785101201473761106,51,30
674,40,0.15,Bot4,1,71,button,6785101201473761106,51,30
675,40,0.15,Bot1,1,11,button,5014811115584429426,11,35
675,40,0.15,Bot2,1,11,button,5014811115584429426,11,35
675,40,0.15,Bot3,1,11,button,5014811115584429426,11,35
675,40,0.15,Bot4,1,11,button,5014811115584429426,11,35
676,40,0.15,Bot1,1,72,button,15988986321843657607,72,72
676,40,0.15,Bot2,1,72,button,15988986321843657607,72,72
676,40,0.15,Bot3,1,72,button,15988986321843657607,72,72
676,40,0.15,Bot4,1,72,button,15988986321843657607,72,72
677,40,0.15,Bot1,1,24,button,16415836199008077495,24,29
677,40,0.15,Bot2,1,24,button,16415836199008077495,24,29
677,40,0.15,Bot3,1,24,button,16415836199008077495,24,29
677,40,0.15,Bot4,1,24,button,16415836199008077495,24,29
678,40,0.15,Bot1,1,42,button,12921768619926649164,42,24
678,40,0.15,Bot2,1,42,button,12921768619926649164,42,24
678,40,0.15,Bot3,1,42,button,12921768619926649164,42,24
678,40,0.15,Bot4,1,42,button,12921768619926649164,42,24
679,40,0.15,Bot1,1,14,button,11816303587093251297,14,27
679,40,0.15,Bot2,1,14,button,11816303587093251297,14,27
679,40,0.15,Bot3,1,14,button,11816303587093251297,14,27
679,40,0.15,Bot4,1,14,button,11816303587093251297,14,27
680,40,0.15,Bot1,1,27,button,5819018438200442325,27,24
680,40,0.15,Bot2,1,27,button,5819018438200442325,27,24
680,40,0.15,Bot3,1,27,button,5819018438200442325,27,24
680,40,0.15,Bot4,1,27,button,5819018438200442325,27,24
681,40,0.15,Bot1,1,21,button,6524409462724740051,21,50
681,40,0.15,Bot2,1,21,button,6524409462724740051,21,50
681,40,0.15,Bot3,1,21,button,6524409462724740051,21,50
681,40,0.15,Bot4,1,21,button,6524409462724740051,21,50
682,40,0.15,Bot1,1,20,button,2520056906922065707,20,28
682,40,0.15,Bot2,1,20,button,2520056906922065707,20,28
682,40,0.15,Bot3,1,20,button,2520056906922065707,20,28
682,40,0.15,Bot4,1,20,button,2520056906922065707,20,28
683,40,0.15,Bot1,1,35,button,1407304103008331568,35,33
683,40,0.15,Bot2,1,35,button,1407304103008331568,35,33
683,40,0.15,Bot3,1,35,button,1407304103008331568,35,33
683,40,0.15,Bot4,1,35,button,1407304103008331568,35,33
684,40,0.15,Bot1,1,23,button,7975714134675516023,23,44
684,40,0.15,Bot2,1,23,button,7975714134675516023,23,44
684,40,0.15,Bot3,1,23,button,7975714134675516023,23,44
684,40,0.15,Bot4,1,23,button,7975714134675516023,23,44
685,40,0.15,Bot1,1,54,button,3573682493796130203,54,18
685,40,0.15,Bot2,1,54,button,3573682493796130203,54,18
685,40,0.15,Bot3,1,54,button,3573682493796130203,54,18
685,40,0.15,Bot4,1,54,button,3573682493796130203,54,18
686,40,0.15,Bot1,1,39,button,5349556726147250545,39,29
686,40,0.15,Bot2,1,39,button,5349556726147250545,39,29
686,40,0.15,Bot3,1,39,button,5349556726147250545,39,29
686,40,0.15,Bot4,1,39,button,5349556726147250545,39,29
687,40,0.15,Bot1,1,40,button,11326676514314524670,40,47
687,40,0.15,Bot2,1,40,button,11326676514314524670,40,47
687,40,0.15,Bot3,1,40,button,11326676514314524670,40,47
687,40,0.15,Bot4,1,40,button,11326676514314524670,40,47
688,40,0.15,Bot1,0,40,walked_into_fire,15924864924470843669,41,8
688,40,0.15,Bot2,0,71,caught_by_fire,15924864924470843669,41,8
688,40,0.15,Bot3,0,71,caught_by_fire,15924864924470843669,41,8
688,40,0.15,Bot4,0,70,caught_by_fire,15924864924470843669,41,8
689,40,0.15,Bot1,1,17,button,431260415155620250,17,37
689,40,0.15,Bot2,1,17,button,431260415155620250,17,37
689,40,0.15,Bot3,1,17,button,431260415155620250,17,37
689,40,0.15,Bot4,1,17,button,431260415155620250,17,37
690,40,0.15,Bot1,1,23,button,16364511386929722903,23,41
690,40,0.15,Bot2,1,23,button,16364511386929722903,23,41
690,40,0.15,Bot3,1,23,button,16364511386929722903,23,41
690,40,0.15,Bot4,1,23,button,16364511386929722903,23,41
691,40,0.15,Bot1,1,41,button,15575251518544959349,41,37
691,40,0.15,Bot2,1,41,button,15575251518544959349,41,37
691,40,0.15,Bot3,1,41,button,15575251518544959349,41,37
691,40,0.15,Bot4,1,41,button,15575251518544959349,41,37
692,40,0.15,Bot1,0,13,walked_into_fire,14252282568790155745,68,52
692,40,0.15,Bot2,1,74,button,14252282568790155745,68,52
692,40,0.15,Bot3,1,74,button,14252282568790155745,68,52
692,40,0.15,Bot4,1,74,button,14252282568790155745,68,52
693,40,0.15,Bot1,1,38,button,10058914598366221504,38,43
693,40,0.15,Bot2,1,38,button,10058914598366221504,38,43
693,40,0.15,Bot3,1,38,button,10058914598366221504,38,43
693,40,0.15,Bot4,1,38,button,10058914598366221504,38,43
694,40,0.15,Bot1,1,41,button,1335250454310325415,41,24
694,40,0.15,Bot2,1,41,button,1335250454310325415,41,24
694,40,0.15,Bot3,1,41,button,1335250454310325415,41,24
694,40,0.15,Bot4,1,41,button,1335250454310325415,41,24
695,40,0.15,Bot1,1,46,button,1137798678286694454,46,54
695,40,0.15,Bot2,1,46,button,1137798678286694454,46,54
695,40,0.15,Bot3,1,46,button,1137798678286694454,46,54
695,40,0.15,Bot4,1,46,button,1137798678286694454,46,54
696,40,0.15,Bot1,1,22,button,6588629825908702052,22,40
696,40,0.15,Bot2,1,22,button,6588629825908702052,22,40
696,40,0.15,Bot3,1,22,button,6588629825908702052,22,40
696,40,0.15,Bot4,1,22,button,6588629825908702052,22,40
697,40,0.15,Bot1,1,50,button,12767887662454867749,50,41
697,40,0.15,Bot2,1,50,button,12767887662454867749,50,41
697,40,0.15,Bot3,1,50,button,12767887662454867749,50,41
697,40,0.15,Bot4,1,50,button,12767887662454867749,50,41
698,40,0.15,Bot1,1,56,button,4703128723021791218,56,42
698,40,0.15,Bot2,1,56,button,4703128723021791218,56,42
698,40,0.15,Bot3,1,56,button,4703128723021791218,56,42
698,40,0.15,Bot4,1,56,button,4703128723021791218,56,42
699,40,0.15,Bot1,1,28,button,1653449236437300045,28,36
699,40,0.15,Bot2,1,28,button,1653449236437300045,28,36
699,40,0.15,Bot3,1,28,button,1653449236437300045,28,36
699,40,0.15,Bot4,1,28,button,1653449236437300045,28,36
700,40,0.15,Bot1,1,46,button,17962344473638275881,46,32
700,40,0.15,Bot2,1,46,button,17962344473638275881,46,32
700,40,0.15,Bot3,1,46,button,17962344473638275881,46,32
700,40,0.15,Bot4,1,46,button,17962344473638275881,46,32
701,40,0.15,Bot1,1,47,button,6625562730195886337,47,24
701,40,0.15,Bot2,1,47,button,6625562730195886337,47,24
701,40,0.15,Bot3,1,47,button,6625562730195886337,47,24
701,40,0.15,Bot4,1,47,button,6625562730195886337,47,24
702,40,0.15,Bot1,1,22,button,5738101391842504052,22,24
702,40,0.15,Bot2,1,22,button,5738101391842504052,22,24
702,40,0.15,Bot3,1,22,button,5738101391842504052,22,24
702,40,0.15,Bot4,1,22,button,5738101391842504052,22,24
703,40,0.15,Bot1,0,12,walked_into_fire,12201360622961836418,36,22
703,40,0.15,Bot2,1,38,button,12201360622961836418,36,22
703,40,0.15,Bot3,1,38,button,12201360622961836418,36,22
703,40,0.15,Bot4,1,38,button,12201360622961836418,36,22
704,40,0.15,Bot1,0,19,walked_into_fire,10506878109714493683,28,4
704,40,0.15,Bot2,0,84,caught_by_fire,10506878109714493683,28,4
704,40,0.15,Bot3,0,125,caught_by_fire,10506878109714493683,28,4
704,40,0.15,Bot4,0,121,caught_by_fire,10506878109714493683,28,4
705,40,0.15,Bot1,1,2,button,4078854688968077293,2,46
705,40,0.15,Bot2,1,2,button,4078854688968077293,2,46
705,40,0.15,Bot3,1,2,button,4078854688968077293,2,46
705,40,0.15,Bot4,1,2,button,4078854688968077293,2,46
706,40,0.15,Bot1,1,27,button,15325682649093780098,27,32
706,40,0.15,Bot2,1,27,button,15325682649093780098,27,32
706,40,0.15,Bot3,1,27,button,15325682649093780098,27,32
706,40,0.15,Bot4,1,27,button,15325682649093780098,27,32
707,40,0.15,Bot1,0,20,walked_into_fire,9917804554451726376,56,41
707,40,0.15,Bot2,0,102,caught_by_fire,9917804554451726376,56,41
707,40,0.15,Bot3,1,68,button,9917804554451726376,56,41
707,40,0.15,Bot4,0,102,caught_by_fire,9917804554451726376,56,41
708,40,0.15,Bot1,1,31,button,10040514560327476088,31,38
708,40,0.15,Bot2,1,31,button,10040514560327476088,31,38
708,40,0.15,Bot3,1,31,button,10040514560327476088,31,38
708,40,0.15,Bot4,1,31,button,10040514560327476088,31,38
709,40,0.15,Bot1,1,47,button,595047456121750134,47,31
709,40,0.15,Bot2,1,47,button,595047456121750134,47,31
709,40,0.15,Bot3,1,47,button,595047456121750134,47,31
709,40,0.15,Bot4,1,47,button,595047456121750134,47,31
710,40,0.15,Bot1,1,38,button,7394163612444806684,38,30
710,40,0.15,Bot2,1,38,button,7394163612444806684,38,30
710,40,0.15,Bot3,1,38,button,7394163612444806684,38,30
710,40,0.15,Bot4,1,38,button,7394163612444806684,38,30
711,40,0.15,Bot1,1,14,button,7454891285847643645,14,35
711,40,0.15,Bot2,1,14,button,7454891285847643645,14,35
711,40,0.15,Bot3,1,14,button,7454891285847643645,14,35
711,40,0.15,Bot4,1,14,button,7454891285847643645,14,35
712,40,0.15,Bot1,0,16,caught_by_fire,11469880615419468922,63,44
712,40,0.15,Bot2,1,85,button,11469880615419468922,63,44
712,40,0.15,Bot3,1,83,button,11469880615419468922,63,44
712,40,0.15,Bot4,1,85,button,11469880615419468922,63,44
713,40,0.15,Bot1,1,7,button,2211668140307357409,7,14
713,40,0.15,Bot2,1,7,button,2211668140307357409,7,14
713,40,0.15,Bot3,1,7,button,2211668140307357409,7,14
713,40,0.15,Bot4,1,7,button,2211668140307357409,7,14
714,40,0.15,Bot1,1,10,button,4280315967707054003,10,46
714,40,0.15,Bot2,1,10,button,4280315967707054003,10,46
714,40,0.15,Bot3,1,10,button,4280315967707054003,10,46
714,40,0.15,Bot4,1,10,button,4280315967707054003,10,46
715,40,0.15,Bot1,1,46,button,2518706553759795404,46,27
715,40,0.15,Bot2,1,46,button,2518706553759795404,46,27
715,40,0.15,Bot3,1,46,button,2518706553759795404,46,27
715,40,0.15,Bot4,1,46,button,2518706553759795404,46,27
716,40,0.15,Bot1,1,32,button,14283889735551445759,32,29
716,40,0.15,Bot2,1,32,button,14283889735551445759,32,29
716,40,0.15,Bot3,1,32,button,14283889735551445759,32,29
716,40,0.15,Bot4,1,32,button,14283889735551445759,32,29
717,40,0.15,Bot1,1,32,button,3626671936049674260,32,29
717,40,0.15,Bot2,1,32,button,3626671936049674260,32,29
717,40,0.15,Bot3,1,32,button,3626671936049674260,32,29
717,40,0.15,Bot4,1,32,button,3626671936049674260,32,29
718,40,0.15,Bot1,1,39,button,15495878847887847934,39,6
718,40,0.15,Bot2,1,39,button,15495878847887847934,39,6
718,40,0.15,Bot3,1,39,button,15495878847887847934,39,6
718,40,0.15,Bot4,1,39,button,15495878847887847934,39,6
719,40,0.15,Bot1,1,52,button,4769295199464413304,52,44
719,40,0.15,Bot2,1,52,button,4769295199464413304,52,44
719,40,0.15,Bot3,1,52,button,4769295199464413304,52,44
719,40,0.15,Bot4,1,52,button,4769295199464413304,52,44
720,40,0.15,Bot1,1,30,button,14181886222429106625,30,43
720,40,0.15,Bot2,1,30,button,14181886222429106625,30,43
720,40,0.15,Bot3,1,30,button,14181886222429106625,30,43
720,40,0.15,Bot4,1,30,button,14181886222429106625,30,43
721,40,0.15,Bot1,1,41,button,16334052441173489243,41,54
721,40,0.15,Bot2,1,41,button,16334052441173489243,41,54
721,40,0.15,Bot3,1,41,button,16334052441173489243,41,54
721,40,0.15,Bot4,1,41,button,16334052441173489243,41,54
722,40,0.15,Bot1,1,41,button,195416635013114512,41,32
722,40,0.15,Bot2,1,41,button,195416635013114512,41,32
722,40,0.15,Bot3,1,41,button,195416635013114512,41,32
722,40,0.15,Bot4,1,41,button,195416635013114512,41,32
723,40,0.15,Bot1,1,54,button,718502411078185879,54,56
723,40,0.15,Bot2,1,54,button,718502411078185879,54,56
723,40,0.15,Bot3,1,54,button,718502411078185879,54,56
723,40,0.15,Bot4,1,54,button,718502411078185879,54,56
724,40,0.15,Bot1,1,6,button,16017844128357384619,6,43
724,40,0.15,Bot2,1,6,button,16017844128357384619,6,43
724,40,0.15,Bot3,1,6,button,16017844128357384619,6,43
724,40,0.15,Bot4,1,6,button,16017844128357384619,6,43
725,40,0.15,Bot1,1,75,button,16834523821592834377,75,64
725,40,0.15,Bot2,1,75,button,16834523821592834377,75,64
725,40,0.15,Bot3,1,75,button,16834523821592834377,75,64
725,40,0.15,Bot4,1,75,button,16834523821592834377,75,64
726,40,0.15,Bot1,0,48,walked_into_fire,6443577803030890569,62,10
726,40,0.15,Bot2,0,217,caught_by_fire,6443577803030890569,62,10
726,40,0.15,Bot3,0,217,caught_by_fire,6443577803030890569,62,10
726,40,0.15,Bot4,0,217,caught_by_fire,6443577803030890569,62,10
727,40,0.15,Bot1,1,22,button,8753994473062326080,22,51
727,40,0.15,Bot2,1,22,button,8753994473062326080,22,51
727,40,0.15,Bot3,1,22,button,8753994473062326080,22,51
727,40,0.15,Bot4,1,22,button,8753994473062326080,22,51
728,40,0.15,Bot1,1,27,button,9810375507019453372,27,41
728,40,0.15,Bot2,1,27,button,9810375507019453372,27,41
728,40,0.15,Bot3,1,27,button,9810375507019453372,27,41
728,40,0.15,Bot4,1,27,button,9810375507019453372,27,41
729,40,0.15,Bot1,1,40,button,15782955280328865253,40,31
729,40,0.15,Bot2,1,40,button,15782955280328865253,40,31
729,40,0.15,Bot3,1,40,button,15782955280328865253,40,31
729,40,0.15,Bot4,1,40,button,15782955280328865253,40,31
730,40,0.15,Bot1,1,30,button,5783997427213866680,30,9
730,40,0.15,Bot2,1,30,button,5783997427213866680,30,9
730,40,0.15,Bot3,0,85,caught_by_fire,5783997427213866680,30,9
730,40,0.15,Bot4,1,30,button,5783997427213866680,30,9
731,40,0.15,Bot1,1,36,button,3142731914980132296,36,24
731,40,0.15,Bot2,1,36,button,3142731914980132296,36,24
731,40,0.15,Bot3,1,36,button,3142731914980132296,36,24
731,40,0.15,Bot4,1,36,button,3142731914980132296,36,24
732,40,0.15,Bot1,1,31,button,2767460138765465894,31,40
732,40,0.15,Bot2,1,31,button,2767460138765465894,31,40
732,40,0.15,Bot3,1,31,button,2767460138765465894,31,40
732,40,0.15,Bot4,1,31,button,2767460138765465894,31,40
733,40,0.15,Bot1,1,49,button,12644403372588383229,49,42
733,40,0.15,Bot2,1,49,button,12644403372588383229,49,42
733,40,0.15,Bot3,1,49,button,12644403372588383229,49,42
733,40,0.15,Bot4,1,49,button,12644403372588383229,49,42
734,40,0.15,Bot1,1,36,button,10598371047478389353,36,52
734,40,0.15,Bot2,1,36,button,10598371047478389353,36,52
734,40,0.15,Bot3,1,36,button,10598371047478389353,36,52
734,40,0.15,Bot4,1,36,button,10598371047478389353,36,52
735,40,0.15,Bot1,1,9,button,5422060245100056736,9,19
735,40,0.15,Bot2,1,9,button,5422060245100056736,9,19
735,40,0.15,Bot3,1,9,button,5422060245100056736,9,19
735,40,0.15,Bot4,1,9,button,5422060245100056736,9,19
736,40,0.15,Bot1,1,64,button,6937675838358022114,64,63
736,40,0.15,Bot2,1,64,button,6937675838358022114,64,63
736,40,0.15,Bot3,1,64,button,6937675838358022114,64,63
736,40,0.15,Bot4,1,64,button,6937675838358022114,64,63
737,40,0.15,Bot1,1,31,button,5165442637457259063,31,47
737,40,0.15,Bot2,1,31,button,5165442637457259063,31,47
737,40,0.15,Bot3,1,31,button,5165442637457259063,31,47
737,40,0.15,Bot4,1,31,button,5165442637457259063,31,47
738,40,0.15,Bot1,1,11,button,5346617412366186545,11,28
738,40,0.15,Bot2,1,11,button,5346617412366186545,11,28
738,40,0.15,Bot3,1,11,button,5346617412366186545,11,28
738,40,0.15,Bot4,1,11,button,5346617412366186545,11,28
739,40,0.15,Bot1,1,41,button,17052531764432521200,41,43
739,40,0.15,Bot2,1,41,button,17052531764432521200,41,43
739,40,0.15,Bot3,1,41,button,17052531764432521200,41,43
739,40,0.15,Bot4,1,41,button,17052531764432521200,41,43
740,40,0.15,Bot1,1,41,button,1608365361942582712,41,22
740,40,0.15,Bot2,1,41,button,1608365361942582712,41,22
740,40,0.15,Bot3,1,41,button,1608365361942582712,41,22
740,40,0.15,Bot4,1,41,button,1608365361942582712,41,22
741,40,0.15,Bot1,1,11,button,3097793836789942262,11,42
741,40,0.15,Bot2,1,11,button,3097793836789942262,11,42
741,40,0.15,Bot3,1,11,button,3097793836789942262,11,42
741,40,0.15,Bot4,1,11,button,3097793836789942262,11,42
742,40,0.15,Bot1,1,47,button,388070237322044328,47,39
742,40,0.15,Bot2,1,47,button,388070237322044328,47,39
742,40,0.15,Bot3,1,47,button,388070237322044328,47,39
742,40,0.15,Bot4,1,47,button,388070237322044328,47,39
743,40,0.15,Bot1,1,28,button,2501264204333352521,28,47
743,40,0.15,Bot2,1,28,button,2501264204333352521,28,47
743,40,0.15,Bot3,1,28,button,2501264204333352521,28,47
743,40,0.15,Bot4,1,28,button,2501264204333352521,28,47
744,40,0.15,Bot1,1,24,button,17423539538910025950,24,50
744,40,0.15,Bot2,1,24,button,17423539538910025950,24,50
744,40,0.15,Bot3,1,24,button,17423539538910025950,24,50
744,40,0.15,Bot4,1,24,button,17423539538910025950,24,50
745,40,0.15,Bot1,0,39,walked_into_fire,7950893945775426671,72,28
745,40,0.15,Bot2,1,78,button,7950893945775426671,72,28
745,40,0.15,Bot3,0,109,caught_by_fire,7950893945775426671,72,28
745,40,0.15,Bot4,1,78,button,7950893945775426671,72,28
746,40,0.15,Bot1,1,53,button,18009076530820249420,53,68
746,40,0.15,Bot2,1,53,button,18009076530820249420,53,68
746,40,0.15,Bot3,1,53,button,18009076530820249420,53,68
746,40,0.15,Bot4,1,53,button,18009076530820249420,53,68
747,40,0.15,Bot1,1,34,button,16949132384633121631,34,28
747,40,0.15,Bot2,1,34,button,16949132384633121631,34,28
747,40,0.15,Bot3,1,34,button,16949132384633121631,34,28
747,40,0.15,Bot4,1,34,button,16949132384633121631,34,28
748,40,0.15,Bot1,1,11,button,11986366496535299107,11,22
748,40,0.15,Bot2,1,11,button,11986366496535299107,11,22
748,40,0.15,Bot3,1,11,button,11986366496535299107,11,22
748,40,0.15,Bot4,1,11,button,11986366496535299107,11,22
749,40,0.15,Bot1,0,27,walked_into_fire,2258436402934931492,31,3
749,40,0.15,Bot2,0,121,caught_by_fire,2258436402934931492,31,3
749,40,0.15,Bot3,0,121,caught_by_fire,2258436402934931492,31,3
749,40,0.15,Bot4,0,47,caught_by_fire,2258436402934931492,31,3
750,40,0.15,Bot1,1,16,button,7952397029941260821,16,19
750,40,0.15,Bot2,1,16,button,7952397029941260821,16,19
750,40,0.15,Bot3,1,16,button,7952397029941260821,16,19
750,40,0.15,Bot4,1,16,button,7952397029941260821,16,19
751,40,0.15,Bot1,0,16,walked_into_fire,8214641632632111028,49,33
751,40,0.15,Bot2,1,85,button,8214641632632111028,49,33
751,40,0.15,Bot3,1,77,button,8214641632632111028,49,33
751,40,0.15,Bot4,1,85,button,8214641632632111028,49,33
752,40,0.15,Bot1,1,54,button,17051708120898992319,50,32
752,40,0.15,Bot2,1,54,button,17051708120898992319,50,32
752,40,0.15,Bot3,1,54,button,17051708120898992319,50,32
752,40,0.15,Bot4,1,54,button,17051708120898992319,50,32
753,40,0.15,Bot1,1,21,button,17175264585749007353,21,54
753,40,0.15,Bot2,1,21,button,17175264585749007353,21,54
753,40,0.15,Bot3,1,21,button,17175264585749007353,21,54
753,40,0.15,Bot4,1,21,button,17175264585749007353,21,54
754,40,0.15,Bot1,1,33,button,11296007814064509117,33,42
754,40,0.15,Bot2,1,33,button,11296007814064509117,33,42
754,40,0.15,Bot3,1,33,button,11296007814064509117,33,42
754,40,0.15,Bot4,1,33,button,11296007814064509117,33,42
755,40,0.15,Bot1,1,14,button,5257800611255713935,14,42
755,40,0.15,Bot2,1,14,button,5257800611255713935,14,42
755,40,0.15,Bot3,1,14,button,5257800611255713935,14,42
755,40,0.15,Bot4,1,14,button,5257800611255713935,14,42
756,40,0.15,Bot1,1,7,button,8831355141198906235,7,49
756,40,0.15,Bot2,1,7,button,8831355141198906235,7,49
756,40,0.15,Bot3,1,7,button,8831355141198906235,7,49
756,40,0.15,Bot4,1,7,button,8831355141198906235,7,49
757,40,0.15,Bot1,1,8,button,18149157468082589649,8,15
757,40,0.15,Bot2,1,8,button,18149157468082589649,8,15
757,40,0.15,Bot3,1,8,button,18149157468082589649,8,15
757,40,0.15,Bot4,1,8,button,18149157468082589649,8,15
758,40,0.15,Bot1,1,19,button,9075107856459636362,19,35
758,40,0.15,Bot2,1,19,button,9075107856459636362,19,35
758,40,0.15,Bot3,1,19,button,9075107856459636362,19,35
758,40,0.15,Bot4,1,19,button,9075107856459636362,19,35
759,40,0.15,Bot1,1,43,button,6451503190344102348,43,40
759,40,0.15,Bot2,1,43,button,6451503190344102348,43,40
759,40,0.15,Bot3,1,43,button,6451503190344102348,43,40
759,40,0.15,Bot4,1,43,button,6451503190344102348,43,40
760,40,0.15,Bot1,1,37,button,1147957335412815733,37,37
760,40,0.15,Bot2,1,37,button,1147957335412815733,37,37
760,40,0.15,Bot3,1,37,button,1147957335412815733,37,37
760,40,0.15,Bot4,1,37,button,1147957335412815733,37,37
761,40,0.15,Bot1,1,44,button,11552712735987428733,44,36
761,40,0.15,Bot2,1,44,button,11552712735987428733,44,36
761,40,0.15,Bot3,1,44,button,11552712735987428733,44,36
761,40,0.15,Bot4,1,44,button,11552712735987428733,44,36
762,40,0.15,Bot1,1,22,button,15562449229702314241,22,40
762,40,0.15,Bot2,1,22,button,15562449229702314241,22,40
762,40,0.15,Bot3,1,22,button,15562449229702314241,22,40
762,40,0.15,Bot4,1,22,button,15562449229702314241,22,40
763,40,0.15,Bot1,1,59,button,3277040301947744993,59,41
763,40,0.15,Bot2,1,59,button,3277040301947744993,59,41
763,40,0.15,Bot3,1,59,button,3277040301947744993,59,41
763,40,0.15,Bot4,1,59,button,3277040301947744993,59,41
764,40,0.15,Bot1,1,25,button,2737214080233408172,25,28
764,40,0.15,Bot2,1,25,button,2737214080233408172,25,28
764,40,0.15,Bot3,1,25,button,2737214080233408172,25,28
764,40,0.15,Bot4,1,25,button,2737214080233408172,25,28
765,40,0.15,Bot1,0,27,walked_into_fire,15463591416119912761,33,2
765,40,0.15,Bot2,0,51,caught_by_fire,15463591416119912761,33,2
765,40,0.15,Bot3,0,74,caught_by_fire,15463591416119912761,33,2
765,40,0.15,Bot4,0,49,caught_by_fire,15463591416119912761,33,2
766,40,0.15,Bot1,1,50,button,631458251856171619,50,16
766,40,0.15,Bot2,1,50,button,631458251856171619,50,16
766,40,0.15,Bot3,1,50,button,631458251856171619,50,16
766,40,0.15,Bot4,1,50,button,631458251856171619,50,16
767,40,0.15,Bot1,1,27,button,4804420056169824371,27,22
767,40,0.15,Bot2,1,27,button,4804420056169824371,27,22
767,40,0.15,Bot3,1,27,button,4804420056169824371,27,22
767,40,0.15,Bot4,1,27,button,4804420056169824371,27,22
768,40,0.15,Bot1,1,28,button,12940996194375456013,28,27
768,40,0.15,Bot2,1,28,button,12940996194375456013,28,27
768,40,0.15,Bot3,1,28,button,12940996194375456013,28,27
768,40,0.15,Bot4,1,28,button,12940996194375456013,28,27
769,40,0.15,Bot1,1,11,button,15469874018228953262,11,42
769,40,0.15,Bot2,1,11,button,15469874018228953262,11,42
769,40,0.15,Bot3,1,11,button,15469874018228953262,11,42
769,40,0.15,Bot4,1,11,button,15469874018228953262,11,42
770,40,0.15,Bot1,0,40,walked_into_fire,611724108503574999,46,15
770,40,0.15,Bot2,0,74,caught_by_fire,611724108503574999,46,15
770,40,0.15,Bot3,1,48,button,611724108503574999,46,15
770,40,0.15,Bot4,1,52,button,611724108503574999,46,15
771,40,0.15,Bot1,1,30,button,1464896742675997739,30,46
771,40,0.15,Bot2,1,30,button,1464896742675997739,30,46
771,40,0.15,Bot3,1,30,button,1464896742675997739,30,46
771,40,0.15,Bot4,1,30,button,1464896742675997739,30,46
772,40,0.15,Bot1,1,43,button,14852338190061886579,43,50
772,40,0.15,Bot2,1,43,button,14852338190061886579,43,50
772,40,0.15,Bot3,1,43,button,14852338190061886579,43,50
772,40,0.15,Bot4,1,43,button,14852338190061886579,43,50
773,40,0.15,Bot1,1,27,button,9143467718248812025,27,14
773,40,0.15,Bot2,1,27,button,9143467718248812025,27,14
773,40,0.15,Bot3,1,27,button,9143467718248812025,27,14
773,40,0.15,Bot4,1,27,button,9143467718248812025,27,14
774,40,0.15,Bot1,1,42,button,1728830611423341191,42,17
774,40,0.15,Bot2,1,42,button,1728830611423341191,42,17
774,40,0.15,Bot3,1,42,button,1728830611423341191,42,17
774,40,0.15,Bot4,1,42,button,1728830611423341191,42,17
775,40,0.15,Bot1,1,5,button,16240228803270923301,5,20
775,40,0.15,Bot2,1,5,button,16240228803270923301,5,20
775,40,0.15,Bot3,1,5,button,16240228803270923301,5,20
775,40,0.15,Bot4,1,5,button,16240228803270923301,5,20
776,40,0.15,Bot1,1,43,button,5573262818359040854,43,34
776,40,0.15,Bot2,1,43,button,5573262818359040854,43,34
776,40,0.15,Bot3,1,43,button,5573262818359040854,43,34
776,40,0.15,Bot4,1,43,button,5573262818359040854,43,34
777,40,0.15,Bot1,1,37,button,17628068764589425541,37,28
777,40,0.15,Bot2,1,37,button,17628068764589425541,37,28
777,40,0.15,Bot3,1,37,button,17628068764589425541,37,28
777,40,0.15,Bot4,1,37,button,17628068764589425541,37,28
778,40,0.15,Bot1,1,45,button,6646473651548901860,45,20
778,40,0.15,Bot2,1,45,button,6646473651548901860,45,20
778,40,0.15,Bot3,1,45,button,6646473651548901860,45,20
778,40,0.15,Bot4,1,45,button,6646473651548901860,45,20
779,40,0.15,Bot1,1,45,button,16793325044146646434,45,57
779,40,0.15,Bot2,1,45,button,16793325044146646434,45,57
779,40,0.15,Bot3,1,45,button,16793325044146646434,45,57
779,40,0.15,Bot4,1,45,button,16793325044146646434,45,57
780,40,0.15,Bot1,1,51,button,11091718206070415436,51,44
780,40,0.15,Bot2,1,51,button,11091718206070415436,51,44
780,40,0.15,Bot3,1,51,button,11091718206070415436,51,44
780,40,0.15,Bot4,1,51,button,11091718206070415436,51,44
781,40,0.15,Bot1,1,19,button,16170796689493149035,19,38
781,40,0.15,Bot2,1,19,button,16170796689493149035,19,38
781,40,0.15,Bot3,1,19,button,16170796689493149035,19,38
781,40,0.15,Bot4,1,19,button,16170796689493149035,19,38
782,40,0.15,Bot1,1,43,button,3823952134359321332,43,25
782,40,0.15,Bot2,1,43,button,3823952134359321332,43,25
782,40,0.15,Bot3,1,43,button,3823952134359321332,43,25
782,40,0.15,Bot4,1,43,button,3823952134359321332,43,25
783,40,0.15,Bot1,1,37,button,5373075348732113095,37,29
783,40,0.15,Bot2,1,37,button,5373075348732113095,37,29
783,40,0.15,Bot3,1,37,button,5373075348732113095,37,29
783,40,0.15,Bot4,1,37,button,5373075348732113095,37,29
784,40,0.15,Bot1,1,28,button,13254621951574256713,28,29
784,40,0.15,Bot2,1,28,button,13254621951574256713,28,29
784,40,0.15,Bot3,1,28,button,13254621951574256713,28,29
784,40,0.15,Bot4,1,28,button,13254621951574256713,28,29
785,40,0.15,Bot1,1,55,button,8406795577847258589,55,57
785,40,0.15,Bot2,1,55,button,8406795577847258589,55,57
785,40,0.15,Bot3,1,55,button,8406795577847258589,55,57
785,40,0.15,Bot4,1,55,button,8406795577847258589,55,57
786,40,0.15,Bot1,1,35,button,15485509891863369643,35,22
786,40,0.15,Bot2,1,35,button,15485509891863369643,35,22
786,40,0.15,Bot3,1,35,button,15485509891863369643,35,22
786,40,0.15,Bot4,1,35,button,15485509891863369643,35,22
787,40,0.15,Bot1,1,32,button,3262572552518559889,32,39
787,40,0.15,Bot2,1,32,button,3262572552518559889,32,39
787,40,0.15,Bot3,1,32,button,3262572552518559889,32,39
787,40,0.15,Bot4,1,32,button,3262572552518559889,32,39
788,40,0.15,Bot1,1,21,button,5512628065425962759,21,30
788,40,0.15,Bot2,1,21,button,5512628065425962759,21,30
788,40,0.15,Bot3,1,21,button,5512628065425962759,21,30
788,40,0.15,Bot4,1,21,button,5512628065425962759,21,30
789,40,0.15,Bot1,1,49,button,11698056731591044402,49,24
789,40,0.15,Bot2,1,49,button,11698056731591044402,49,24
789,40,0.15,Bot3,1,49,button,11698056731591044402,49,24
789,40,0.15,Bot4,1,49,button,11698056731591044402,49,24
790,40,0.15,Bot1,1,35,button,3695006140022477230,35,28
790,40,0.15,Bot2,1,35,button,3695006140022477230,35,28
790,40,0.15,Bot3,1,35,button,3695006140022477230,35,28
790,40,0.15,Bot4,1,35,button,3695006140022477230,35,28
791,40,0.15,Bot1,1,33,button,14242055937815907624,33,41
791,40,0.15,Bot2,1,33,button,14242055937815907624,33,41
791,40,0.15,Bot3,1,33,button,14242055937815907624,33,41
791,40,0.15,Bot4,1,33,button,14242055937815907624,33,41
792,40,0.15,Bot1,0,6,walked_into_fire,4283314827700377486,44,38
792,40,0.15,Bot2,1,50,button,4283314827700377486,44,38
792,40,0.15,Bot3,1,82,button,4283314827700377486,44,38
792,40,0.15,Bot4,1,50,button,4283314827700377486,44,38
793,40,0.15,Bot1,1,25,button,12098321293249116485,25,37
793,40,0.15,Bot2,1,25,button,12098321293249116485,25,37
793,40,0.15,Bot3,1,25,button,12098321293249116485,25,37
793,40,0.15,Bot4,1,25,button,12098321293249116485,25,37
794,40,0.15,Bot1,1,46,button,2578042594455841696,46,26
794,40,0.15,Bot2,1,46,button,2578042594455841696,46,26
794,40,0.15,Bot3,1,46,button,2578042594455841696,46,26
794,40,0.15,Bot4,1,46,button,2578042594455841696,46,26
795,40,0.15,Bot1,1,13,button,12303881767587585419,13,44
795,40,0.15,Bot2,1,13,button,12303881767587585419,13,44
795,40,0.15,Bot3,1,13,button,12303881767587585419,13,44
795,40,0.15,Bot4,1,13,button,12303881767587585419,13,44
796,40,0.15,Bot1,1,43,button,8333410907001980225,43,35
796,40,0.15,Bot2,1,43,button,8333410907001980225,43,35
796,40,0.15,Bot3,1,43,button,8333410907001980225,43,35
796,40,0.15,Bot4,1,43,button,8333410907001980225,43,35
797,40,0.15,Bot1,1,53,button,14193324035915906788,53,41
797,40,0.15,Bot2,1,53,button,14193324035915906788,53,41
797,40,0.15,Bot3,1,53,button,14193324035915906788,53,41
797,40,0.15,Bot4,1,53,button,14193324035915906788,53,41
798,40,0.15,Bot1,1,3,button,8777230090248993695,3,19
798,40,0.15,Bot2,1,3,button,8777230090248993695,3,19
798,40,0.15,Bot3,1,3,button,8777230090248993695,3,19
798,40,0.15,Bot4,1,3,button,8777230090248993695,3,19
799,40,0.15,Bot1,1,46,button,9204478484388829713,46,25
799,40,0.15,Bot2,1,46,button,9204478484388829713,46,25
799,40,0.15,Bot3,1,46,button,9204478484388829713,46,25
799,40,0.15,Bot4,1,46,button,9204478484388829713,46,25
800,40,0.20,Bot1,1,55,button,14626433483527482340,55,32
800,40,0.20,Bot2,1,55,button,14626433483527482340,55,32
800,40,0.20,Bot3,1,55,button,14626433483527482340,55,32
800,40,0.20,Bot4,1,55,button,14626433483527482340,55,32
801,40,0.20,Bot1,0,34,walked_into_fire,9830292032059702921,43,12
801,40,0.20,Bot2,0,62,caught_by_fire,9830292032059702921,43,12
801,40,0.20,Bot3,0,62,caught_by_fire,9830292032059702921,43,12
801,40,0.20,Bot4,1,49,button,9830292032059702921,43,12
802,40,0.20,Bot1,1,40,button,2474489806203268884,40,13
802,40,0.20,Bot2,1,40,button,2474489806203268884,40,13
802,40,0.20,Bot3,1,40,button,2474489806203268884,40,13
802,40,0.20,Bot4,1,40,button,2474489806203268884,40,13
803,40,0.20,Bot1,1,42,button,9735301693090910805,42,29
803,40,0.20,Bot2,1,42,button,9735301693090910805,42,29
803,40,0.20,Bot3,1,42,button,9735301693090910805,42,29
803,40,0.20,Bot4,1,42,button,9735301693090910805,42,29
804,40,0.20,Bot1,1,55,button,12859157544487322747,55,25
804,40,0.20,Bot2,1,55,button,12859157544487322747,55,25
804,40,0.20,Bot3,1,55,button,12859157544487322747,55,25
804,40,0.20,Bot4,1,55,button,12859157544487322747,55,25
805,40,0.20,Bot1,1,30,button,11194080562136729438,30,15
805,40,0.20,Bot2,1,30,button,11194080562136729438,30,15
805,40,0.20,Bot3,1,58,button,11194080562136729438,30,15
805,40,0.20,Bot4,1,30,button,11194080562136729438,30,15
806,40,0.20,Bot1,1,51,button,2887018459355931552,51,39
806,40,0.20,Bot2,1,51,button,2887018459355931552,51,39
806,40,0.20,Bot3,1,51,button,2887018459355931552,51,39
806,40,0.20,Bot4,1,51,button,2887018459355931552,51,39
807,40,0.20,Bot1,1,19,button,7447129055113777410,19,40
807,40,0.20,Bot2,1,19,button,7447129055113777410,19,40
807,40,0.20,Bot3,1,19,button,7447129055113777410,19,40
807,40,0.20,Bot4,1,19,button,7447129055113777410,19,40
808,40,0.20,Bot1,0,16,walked_into_fire,13694508440135870131,39,26
808,40,0.20,Bot2,1,41,button,13694508440135870131,39,26
808,40,0.20,Bot3,1,41,button,13694508440135870131,39,26
808,40,0.20,Bot4,1,41,button,13694508440135870131,39,26
809,40,0.20,Bot1,1,34,button,7841940987025845842,34,27
809,40,0.20,Bot2,1,34,button,7841940987025845842,34,27
809,40,0.20,Bot3,1,34,button,7841940987025845842,34,27
809,40,0.20,Bot4,1,34,button,7841940987025845842,34,27
810,40,0.20,Bot1,0,34,walked_into_fire,15571250914922916100,35,11
810,40,0.20,Bot2,0,46,caught_by_fire,15571250914922916100,35,11
810,40,0.20,Bot3,0,46,caught_by_fire,15571250914922916100,35,11
810,40,0.20,Bot4,0,40,caught_by_fire,15571250914922916100,35,11
811,40,0.20,Bot1,1,48,button,6622710399180720299,48,45
811,40,0.20,Bot2,1,48,button,6622710399180720299,48,45
811,40,0.20,Bot3,1,48,button,6622710399180720299,48,45
811,40,0.20,Bot4,1,48,button,6622710399180720299,48,45
812,40,0.20,Bot1,1,16,button,11801583621616568688,16,21
812,40,0.20,Bot2,1,16,button,11801583621616568688,16,21
812,40,0.20,Bot3,1,16,button,11801583621616568688,16,21
812,40,0.20,Bot4,1,16,button,11801583621616568688,16,21
813,40,0.20,Bot1,1,13,button,13244109704490565899,13,30
813,40,0.20,Bot2,1,13,button,13244109704490565899,13,30
813,40,0.20,Bot3,1,13,button,13244109704490565899,13,30
813,40,0.20,Bot4,1,13,button,13244109704490565899,13,30
814,40,0.20,Bot1,1,13,button,11811615435153336313,13,18
814,40,0.20,Bot2,1,13,button,11811615435153336313,13,18
814,40,0.20,Bot3,1,13,button,11811615435153336313,13,18
814,40,0.20,Bot4,1,13,button,11811615435153336313,13,18
815,40,0.20,Bot1,1,29,button,4766268595456602621,29,27
815,40,0.20,Bot2,1,29,button,4766268595456602621,29,27
815,40,0.20,Bot3,1,29,button,4766268595456602621,29,27
815,40,0.20,Bot4,1,29,button,4766268595456602621,29,27
816,40,0.20,Bot1,1,49,button,3410603622959741342,49,30
816,40,0.20,Bot2,1,49,button,3410603622959741342,49,30
816,40,0.20,Bot3,1,49,button,3410603622959741342,49,30
816,40,0.20,Bot4,1,49,button,3410603622959741342,49,30
817,40,0.20,Bot1,1,32,button,11009384313242381751,32,39
817,40,0.20,Bot2,1,32,button,11009384313242381751,32,39
817,40,0.20,Bot3,1,32,button,11009384313242381751,32,39
817,40,0.20,Bot4,1,32,button,11009384313242381751,32,39
818,40,0.20,Bot1,0,45,walked_into_fire,7496795339278098285,58,5
818,40,0.20,Bot2,0,132,caught_by_fire,7496795339278098285,58,5
818,40,0.20,Bot3,0,132,caught_by_fire,7496795339278098285,58,5
818,40,0.20,Bot4,0,132,caught_by_fire,7496795339278098285,58,5
819,40,0.20,Bot1,1,11,button,9584617367032829275,11,19
819,40,0.20,Bot2,1,11,button,9584617367032829275,11,19
819,40,0.20,Bot3,1,11,button,9584617367032829275,11,19
819,40,0.20,Bot4,1,11,button,9584617367032829275,11,19
820,40,0.20,Bot1,1,23,button,1180422841867609314,23,11
820,40,0.20,Bot2,1,23,button,1180422841867609314,23,11
820,40,0.20,Bot3,1,23,button,1180422841867609314,23,11
820,40,0.20,Bot4,1,23,button,1180422841867609314,23,11
821,40,0.20,Bot1,0,12,walked_into_fire,16773212857062024403,44,33
821,40,0.20,Bot2,1,52,button,16773212857062024403,44,33
821,40,0.20,Bot3,1,52,button,16773212857062024403,44,33
821,40,0.20,Bot4,1,52,button,16773212857062024403,44,33
822,40,0.20,Bot1,1,32,button,4416863283146826591,32,39
822,40,0.20,Bot2,1,32,button,4416863283146826591,32,39
822,40,0.20,Bot3,1,32,button,4416863283146826591,32,39
822,40,0.20,Bot4,1,32,button,4416863283146826591,32,39
823,40,0.20,Bot1,1,33,button,14064614312393673219,33,31
823,40,0.20,Bot2,1,33,button,14064614312393673219,33,31
823,40,0.20,Bot3,1,33,button,14064614312393673219,33,31
823,40,0.20,Bot4,1,33,button,14064614312393673219,33,31
824,40,0.20,Bot1,1,18,button,17038452766206917295,18,27
824,40,0.20,Bot2,1,18,button,17038452766206917295,18,27
824,40,0.20,Bot3,1,18,button,17038452766206917295,18,27
824,40,0.20,Bot4,1,18,button,17038452766206917295,18,27
825,40,0.20,Bot1,1,10,button,14841717225171127771,10,15
825,40,0.20,Bot2,1,10,button,14841717225171127771,10,15
825,40,0.20,Bot3,1,10,button,14841717225171127771,10,15
825,40,0.20,Bot4,1,10,button,14841717225171127771,10,15
826,40,0.20,Bot1,1,24,button,6661180748842981345,24,19
826,40,0.20,Bot2,1,24,button,6661180748842981345,24,19
826,40,0.20,Bot3,1,24,button,6661180748842981345,24,19
826,40,0.20,Bot4,1,24,button,6661180748842981345,24,19
827,40,0.20,Bot1,1,36,button,6595439423229692365,36,31
827,40,0.20,Bot2,1,36,button,6595439423229692365,36,31
827,40,0.20,Bot3,1,36,button,6595439423229692365,36,31
827,40,0.20,Bot4,1,36,button,6595439423229692365,36,31
828,40,0.20,Bot1,1,25,button,16598131875905924928,25,26
828,40,0.20,Bot2,1,25,button,16598131875905924928,25,26
828,40,0.20,Bot3,1,25,button,16598131875905924928,25,26
828,40,0.20,Bot4,1,25,button,16598131875905924928,25,26
829,40,0.20,Bot1,1,7,button,12802585024510066191,7,31
829,40,0.20,Bot2,1,7,button,12802585024510066191,7,31
829,40,0.20,Bot3,1,7,button,12802585024510066191,7,31
829,40,0.20,Bot4,1,7,button,12802585024510066191,7,31
830,40,0.20,Bot1,1,29,button,2697853065172139385,29,29
830,40,0.20,Bot2,1,29,button,2697853065172139385,29,29
830,40,0.20,Bot3,1,29,button,2697853065172139385,29,29
830,40,0.20,Bot4,1,29,button,2697853065172139385,29,29
831,40,0.20,Bot1,1,23,button,6926959638866705232,23,14
831,40,0.20,Bot2,1,23,button,6926959638866705232,23,14
831,40,0.20,Bot3,1,23,button,6926959638866705232,23,14
831,40,0.20,Bot4,1,23,button,6926959638866705232,23,14
832,40,0.20,Bot1,1,32,button,6513227771591159821,32,29
832,40,0.20,Bot2,1,32,button,6513227771591159821,32,29
832,40,0.20,Bot3,1,32,button,6513227771591159821,32,29
832,40,0.20,Bot4,1,32,button,6513227771591159821,32,29
833,40,0.20,Bot1,1,55,button,615944190694732552,55,48
833,40,0.20,Bot2,1,55,button,615944190694732552,55,48
833,40,0.20,Bot3,1,55,button,615944190694732552,55,48
833,40,0.20,Bot4,1,55,button,615944190694732552,55,48
834,40,0.20,Bot1,1,9,button,15908863478987609232,9,33
834,40,0.20,Bot2,1,9,button,15908863478987609232,9,33
834,40,0.20,Bot3,1,9,button,15908863478987609232,9,33
834,40,0.20,Bot4,1,9,button,15908863478987609232,9,33
835,40,0.20,Bot1,1,41,button,11255709779852802132,41,40
835,40,0.20,Bot2,1,41,button,11255709779852802132,41,40
835,40,0.20,Bot3,1,41,button,11255709779852802132,41,40
835,40,0.20,Bot4,1,41,button,11255709779852802132,41,40
836,40,0.20,Bot1,0,22,walked_into_fire,12637572739099474020,53,31
836,40,0.20,Bot2,1,63,button,12637572739099474020,53,31
836,40,0.20,Bot3,1,61,button,12637572739099474020,53,31
836,40,0.20,Bot4,1,63,button,12637572739099474020,53,31
837,40,0.20,Bot1,1,19,button,17348792978474526537,19,61
837,40,0.20,Bot2,1,19,button,17348792978474526537,19,61
837,40,0.20,Bot3,1,19,button,17348792978474526537,19,61
837,40,0.20,Bot4,1,19,button,17348792978474526537,19,61
838,40,0.20,Bot1,1,20,button,13665048634415182172,20,28
838,40,0.20,Bot2,1,20,button,13665048634415182172,20,28
838,40,0.20,Bot3,1,20,button,13665048634415182172,20,28
838,40,0.20,Bot4,1,20,button,13665048634415182172,20,28
839,40,0.20,Bot1,0,13,walked_into_fire,11373252719677280520,25,13
839,40,0.20,Bot2,1,31,button,11373252719677280520,25,13
839,40,0.20,Bot3,1,31,button,11373252719677280520,25,13
839,40,0.20,Bot4,1,31,button,11373252719677280520,25,13
840,40,0.20,Bot1,1,17,button,10390102301147028148,17,32
840,40,0.20,Bot2,1,17,button,10390102301147028148,17,32
840,40,0.20,Bot3,1,17,button,10390102301147028148,17,32
840,40,0.20,Bot4,1,17,button,10390102301147028148,17,32
841,40,0.20,Bot1,1,43,button,7666958836652794342,43,51
841,40,0.20,Bot2,1,43,button,7666958836652794342,43,51
841,40,0.20,Bot3,1,43,button,7666958836652794342,43,51
841,40,0.20,Bot4,1,43,button,7666958836652794342,43,51
842,40,0.20,Bot1,1,29,button,15582589293812954626,29,21
842,40,0.20,Bot2,1,29,button,15582589293812954626,29,21
842,40,0.20,Bot3,1,29,button,15582589293812954626,29,21
842,40,0.20,Bot4,1,29,button,15582589293812954626,29,21
843,40,0.20,Bot1,1,21,button,16790031051725385497,21,38
843,40,0.20,Bot2,1,21,button,16790031051725385497,21,38
843,40,0.20,Bot3,1,21,button,16790031051725385497,21,38
843,40,0.20,Bot4,1,21,button,16790031051725385497,21,38
844,40,0.20,Bot1,0,10,caught_by_fire,11744117140013804012,44,34
844,40,0.20,Bot2,1,54,button,11744117140013804012,44,34
844,40,0.20,Bot3,1,48,button,11744117140013804012,44,34
844,40,0.20,Bot4,1,54,button,11744117140013804012,44,34
845,40,0.20,Bot1,1,28,button,8631266131543173648,28,24
845,40,0.20,Bot2,1,28,button,8631266131543173648,28,24
845,40,0.20,Bot3,1,28,button,8631266131543173648,28,24
845,40,0.20,Bot4,1,28,button,8631266131543173648,28,24
846,40,0.20,Bot1,1,63,button,16551176689591389954,63,35
846,40,0.20,Bot2,1,63,button,16551176689591389954,63,35
846,40,0.20,Bot3,1,63,button,16551176689591389954,63,35
846,40,0.20,Bot4,1,63,button,16551176689591389954,63,35
847,40,0.20,Bot1,1,32,button,9637644681068670431,32,27
847,40,0.20,Bot2,1,32,button,9637644681068670431,32,27
847,40,0.20,Bot3,1,32,button,9637644681068670431,32,27
847,40,0.20,Bot4,1,32,button,9637644681068670431,32,27
848,40,0.20,Bot1,0,19,walked_into_fire,1836972700546499207,48,30
848,40,0.20,Bot2,1,50,button,1836972700546499207,48,30
848,40,0.20,Bot3,1,94,button,1836972700546499207,48,30
848,40,0.20,Bot4,1,50,button,1836972700546499207,48,30
849,40,0.20,Bot1,1,35,button,176870527743555858,35,30
849,40,0.20,Bot2,1,35,button,176870527743555858,35,30
849,40,0.20,Bot3,1,35,button,176870527743555858,35,30
849,40,0.20,Bot4,1,35,button,176870527743555858,35,30
850,40,0.20,Bot1,1,23,button,4360365554425370441,23,57
850,40,0.20,Bot2,1,23,button,4360365554425370441,23,57
850,40,0.20,Bot3,1,23,button,4360365554425370441,23,57
850,40,0.20,Bot4,1,23,button,4360365554425370441,23,57
851,40,0.20,Bot1,1,21,button,5954594534980978727,21,69
851,40,0.20,Bot2,1,21,button,5954594534980978727,21,69
851,40,0.20,Bot3,1,21,button,5954594534980978727,21,69
851,40,0.20,Bot4,1,21,button,5954594534980978727,21,69
852,40,0.20,Bot1,1,29,button,3367840988608825369,29,21
852,40,0.20,Bot2,1,29,button,3367840988608825369,29,21
852,40,0.20,Bot3,1,29,button,3367840988608825369,29,21
852,40,0.20,Bot4,1,29,button,3367840988608825369,29,21
853,40,0.20,Bot1,0,21,walked_into_fire,10416060733247420383,20,2
853,40,0.20,Bot2,0,78,caught_by_fire,10416060733247420383,20,2
853,40,0.20,Bot3,0,78,caught_by_fire,10416060733247420383,20,2
853,40,0.20,Bot4,0,78,caught_by_fire,10416060733247420383,20,2
854,40,0.20,Bot1,1,64,button,6255685430517051416,64,38
854,40,0.20,Bot2,1,64,button,6255685430517051416,64,38
854,40,0.20,Bot3,1,64,button,6255685430517051416,64,38
854,40,0.20,Bot4,1,64,button,6255685430517051416,64,38
855,40,0.20,Bot1,1,18,button,6709877545490412481,18,45
855,40,0.20,Bot2,1,18,button,6709877545490412481,18,45
855,40,0.20,Bot3,1,18,button,6709877545490412481,18,45
855,40,0.20,Bot4,1,18,button,6709877545490412481,18,45
856,40,0.20,Bot1,1,13,button,17254058280184996847,13,33
856,40,0.20,Bot2,1,13,button,17254058280184996847,13,33
856,40,0.20,Bot3,1,13,button,17254058280184996847,13,33
856,40,0.20,Bot4,1,13,button,17254058280184996847,13,33
857,40,0.20,Bot1,1,26,button,5488547197874449866,26,17
857,40,0.20,Bot2,1,26,button,5488547197874449866,26,17
857,40,0.20,Bot3,1,26,button,5488547197874449866,26,17
857,40,0.20,Bot4,1,26,button,5488547197874449866,26,17
858,40,0.20,Bot1,1,23,button,4190541758384900898,23,24
858,40,0.20,Bot2,1,23,button,4190541758384900898,23,24
858,40,0.20,Bot3,1,23,button,4190541758384900898,23,24
858,40,0.20,Bot4,1,23,button,4190541758384900898,23,24
859,40,0.20,Bot1,0,15,walked_into_fire,12262092096312419369,36,23
859,40,0.20,Bot2,1,54,button,12262092096312419369,36,23
859,40,0.20,Bot3,1,50,button,12262092096312419369,36,23
859,40,0.20,Bot4,1,50,button,12262092096312419369,36,23
860,40,0.20,Bot1,1,19,button,17234162406330013519,19,40
860,40,0.20,Bot2,1,19,button,17234162406330013519,19,40
860,40,0.20,Bot3,1,19,button,17234162406330013519,19,40
860,40,0.20,Bot4,1,19,button,17234162406330013519,19,40
861,40,0.20,Bot1,1,49,button,447140187277854507,49,31
861,40,0.20,Bot2,1,49,button,447140187277854507,49,31
861,40,0.20,Bot3,1,61,button,447140187277854507,49,31
861,40,0.20,Bot4,1,49,button,447140187277854507,49,31
862,40,0.20,Bot1,1,42,button,12321847022185552372,42,21
862,40,0.20,Bot2,1,42,button,12321847022185552372,42,21
862,40,0.20,Bot3,1,42,button,12321847022185552372,42,21
862,40,0.20,Bot4,1,42,button,12321847022185552372,42,21
863,40,0.20,Bot1,1,31,button,2257770097050738524,31,21
863,40,0.20,Bot2,1,31,button,2257770097050738524,31,21
863,40,0.20,Bot3,1,31,button,2257770097050738524,31,21
863,40,0.20,Bot4,1,31,button,2257770097050738524,31,21
864,40,0.20,Bot1,1,44,button,11475941678690785064,44,46
864,40,0.20,Bot2,1,44,button,11475941678690785064,44,46
864,40,0.20,Bot3,1,44,button,11475941678690785064,44,46
864,40,0.20,Bot4,1,44,button,11475941678690785064,44,46
865,40,0.20,Bot1,1,20,button,16344312050322100835,20,28
865,40,0.20,Bot2,1,20,button,16344312050322100835,20,28
865,40,0.20,Bot3,1,20,button,16344312050322100835,20,28
865,40,0.20,Bot4,1,20,button,16344312050322100835,20,28
866,40,0.20,Bot1,1,46,button,232563735739840558,46,24
866,40,0.20,Bot2,1,46,button,232563735739840558,46,24
866,40,0.20,Bot3,1,46,button,232563735739840558,46,24
866,40,0.20,Bot4,1,46,button,232563735739840558,46,24
867,40,0.20,Bot1,1,8,button,1089075518986748154,8,33
867,40,0.20,Bot2,1,8,button,1089075518986748154,8,33
867,40,0.20,Bot3,1,8,button,1089075518986748154,8,33
867,40,0.20,Bot4,1,8,button,1089075518986748154,8,33
868,40,0.20,Bot1,1,28,button,1461657978874847854,28,42
868,40,0.20,Bot2,1,28,button,1461657978874847854,28,42
868,40,0.20,Bot3,1,28,button,1461657978874847854,28,42
868,40,0.20,Bot4,1,28,button,1461657978874847854,28,42
869,40,0.20,Bot1,0,42,caught_by_fire,9283734293438299188,58,16
869,40,0.20,Bot2,0,97,caught_by_fire,9283734293438299188,58,16
869,40,0.20,Bot3,1,94,button,9283734293438299188,58,16
869,40,0.20,Bot4,0,97,caught_by_fire,9283734293438299188,58,16
870,40,0.20,Bot1,1,26,button,4199349791566189435,26,41
870,40,0.20,Bot2,1,26,button,4199349791566189435,26,41
870,40,0.20,Bot3,1,26,button,4199349791566189435,26,41
870,40,0.20,Bot4,1,26,button,4199349791566189435,26,41
871,40,0.20,Bot1,1,15,button,11528542841064998445,15,26
871,40,0.20,Bot2,1,15,button,11528542841064998445,15,26
871,40,0.20,Bot3,1,15,button,11528542841064998445,15,26
871,40,0.20,Bot4,1,15,button,11528542841064998445,15,26
872,40,0.20,Bot1,1,31,button,14316739319222970729,31,31
872,40,0.20,Bot2,1,31,button,14316739319222970729,31,31
872,40,0.20,Bot3,1,31,button,14316739319222970729,31,31
872,40,0.20,Bot4,1,31,button,14316739319222970729,31,31
873,40,0.20,Bot1,1,11,button,14127275117520368045,11,48
873,40,0.20,Bot2,1,11,button,14127275117520368045,11,48
873,40,0.20,Bot3,1,11,button,14127275117520368045,11,48
873,40,0.20,Bot4,1,11,button,14127275117520368045,11,48
874,40,0.20,Bot1,1,39,button,17595454344682555663,39,19
874,40,0.20,Bot2,1,39,button,17595454344682555663,39,19
874,40,0.20,Bot3,1,39,button,17595454344682555663,39,19
874,40,0.20,Bot4,1,39,button,17595454344682555663,39,19
875,40,0.20,Bot1,0,20,caught_by_fire,1172610342146949680,30,7
875,40,0.20,Bot2,0,72,caught_by_fire,1172610342146949680,30,7
875,40,0.20,Bot3,0,51,caught_by_fire,1172610342146949680,30,7
875,40,0.20,Bot4,0,72,caught_by_fire,1172610342146949680,30,7
876,40,0.20,Bot1,1,42,button,7582108087285967954,42,37
876,40,0.20,Bot2,1,42,button,7582108087285967954,42,37
876,40,0.20,Bot3,1,42,button,7582108087285967954,42,37
876,40,0.20,Bot4,1,42,button,7582108087285967954,42,37
877,40,0.20,Bot1,1,47,button,12057111832492194671,47,57
877,40,0.20,Bot2,1,47,button,12057111832492194671,47,57
877,40,0.20,Bot3,1,47,button,12057111832492194671,47,57
877,40,0.20,Bot4,1,47,button,12057111832492194671,47,57
878,40,0.20,Bot1,1,45,button,10317679476070798177,45,44
878,40,0.20,Bot2,1,45,button,10317679476070798177,45,44
878,40,0.20,Bot3,1,45,button,10317679476070798177,45,44
878,40,0.20,Bot4,1,45,button,10317679476070798177,45,44
879,40,0.20,Bot1,1,48,button,3005096621156601120,48,30
879,40,0.20,Bot2,1,48,button,3005096621156601120,48,30
879,40,0.20,Bot3,1,48,button,3005096621156601120,48,30
879,40,0.20,Bot4,1,48,button,3005096621156601120,48,30
880,40,0.20,Bot1,1,39,button,10231868612630128057,39,36
880,40,0.20,Bot2,1,39,button,10231868612630128057,39,36
880,40,0.20,Bot3,1,39,button,10231868612630128057,39,36
880,40,0.20,Bot4,1,39,button,10231868612630128057,39,36
881,40,0.20,Bot1,1,48,button,10987496536544412272,48,19
881,40,0.20,Bot2,1,48,button,10987496536544412272,48,19
881,40,0.20,Bot3,1,48,button,10987496536544412272,48,19
881,40,0.20,Bot4,1,48,button,10987496536544412272,48,19
882,40,0.20,Bot1,1,3,button,15319790949326589080,3,12
882,40,0.20,Bot2,1,3,button,15319790949326589080,3,12
882,40,0.20,Bot3,1,3,button,15319790949326589080,3,12
882,40,0.20,Bot4,1,3,button,15319790949326589080,3,12
883,40,0.20,Bot1,1,38,button,17099358355626539137,38,21
883,40,0.20,Bot2,1,38,button,17099358355626539137,38,21
883,40,0.20,Bot3,1,38,button,17099358355626539137,38,21
883,40,0.20,Bot4,1,38,button,17099358355626539137,38,21
884,40,0.20,Bot1,1,54,button,13625669379743697259,54,54
884,40,0.20,Bot2,1,54,button,13625669379743697259,54,54
884,40,0.20,Bot3,1,54,button,13625669379743697259,54,54
884,40,0.20,Bot4,1,54,button,13625669379743697259,54,54
885,40,0.20,Bot1,0,29,walked_into_fire,10025556865521839341,35,8
885,40,0.20,Bot2,0,90,caught_by_fire,10025556865521839341,35,8
885,40,0.20,Bot3,0,90,caught_by_fire,10025556865521839341,35,8
885,40,0.20,Bot4,0,90,caught_by_fire,10025556865521839341,35,8
886,40,0.20,Bot1,1,34,button,10615732625886012258,34,30
886,40,0.20,Bot2,1,34,button,10615732625886012258,34,30
886,40,0.20,Bot3,1,34,button,10615732625886012258,34,30
886,40,0.20,Bot4,1,34,button,10615732625886012258,34,30
887,40,0.20,Bot1,1,57,button,18172035494287903860,57,33
887,40,0.20,Bot2,1,57,button,18172035494287903860,57,33
887,40,0.20,Bot3,1,57,button,18172035494287903860,57,33
887,40,0.20,Bot4,1,57,button,18172035494287903860,57,33
888,40,0.20,Bot1,1,33,button,14330516564560664458,33,46
888,40,0.20,Bot2,1,33,button,14330516564560664458,33,46
888,40,0.20,Bot3,1,33,button,14330516564560664458,33,46
888,40,0.20,Bot4,1,33,button,14330516564560664458,33,46
889,40,0.20,Bot1,1,40,button,7384230852301364568,40,24
889,40,0.20,Bot2,1,40,button,7384230852301364568,40,24
889,40,0.20,Bot3,1,40,button,7384230852301364568,40,24
889,40,0.20,Bot4,1,40,button,7384230852301364568,40,24
890,40,0.20,Bot1,1,49,button,6570010266027944344,49,47
890,40,0.20,Bot2,1,49,button,6570010266027944344,49,47
890,40,0.20,Bot3,1,49,button,6570010266027944344,49,47
890,40,0.20,Bot4,1,49,button,6570010266027944344,49,47
891,40,0.20,Bot1,1,22,button,6114801189263359806,22,40
891,40,0.20,Bot2,1,22,button,6114801189263359806,22,40
891,40,0.20,Bot3,1,22,button,6114801189263359806,22,40
891,40,0.20,Bot4,1,22,button,6114801189263359806,22,40
892,40,0.20,Bot1,1,27,button,13843058592493752448,27,53
892,40,0.20,Bot2,1,27,button,13843058592493752448,27,53
892,40,0.20,Bot3,1,27,button,13843058592493752448,27,53
892,40,0.20,Bot4,1,27,button,13843058592493752448,27,53
893,40,0.20,Bot1,1,26,button,11441921197139922558,26,13
893,40,0.20,Bot2,1,26,button,11441921197139922558,26,13
893,40,0.20,Bot3,1,26,button,11441921197139922558,26,13
893,40,0.20,Bot4,1,26,button,11441921197139922558,26,13
894,40,0.20,Bot1,1,26,button,8241969902914931508,26,25
894,40,0.20,Bot2,1,26,button,8241969902914931508,26,25
894,40,0.20,Bot3,1,26,button,8241969902914931508,26,25
894,40,0.20,Bot4,1,26,button,8241969902914931508,26,25
895,40,0.20,Bot1,1,19,button,5884817258607189695,19,19
895,40,0.20,Bot2,1,19,button,5884817258607189695,19,19
895,40,0.20,Bot3,1,19,button,5884817258607189695,19,19
895,40,0.20,Bot4,1,19,button,5884817258607189695,19,19
896,40,0.20,Bot1,1,33,button,11809756328497549328,33,36
896,40,0.20,Bot2,1,33,button,11809756328497549328,33,36
896,40,0.20,Bot3,1,33,button,11809756328497549328,33,36
896,40,0.20,Bot4,1,33,button,11809756328497549328,33,36
897,40,0.20,Bot1,1,34,button,15248185736593272593,34,37
897,40,0.20,Bot2,1,34,button,15248185736593272593,34,37
897,40,0.20,Bot3,1,34,button,15248185736593272593,34,37
897,40,0.20,Bot4,1,34,button,15248185736593272593,34,37
898,40,0.20,Bot1,1,44,button,17526514203529339259,44,25
898,40,0.20,Bot2,1,44,button,17526514203529339259,44,25
898,40,0.20,Bot3,1,44,button,17526514203529339259,44,25
898,40,0.20,Bot4,1,44,button,17526514203529339259,44,25
899,40,0.20,Bot1,1,19,button,10300395109320797573,19,24
899,40,0.20,Bot2,1,19,button,10300395109320797573,19,24
899,40,0.20,Bot3,1,19,button,10300395109320797573,19,24
899,40,0.20,Bot4,1,19,button,10300395109320797573,19,24
900,40,0.20,Bot1,1,22,button,4060526253807184808,22,43
900,40,0.20,Bot2,1,22,button,4060526253807184808,22,43
900,40,0.20,Bot3,1,22,button,4060526253807184808,22,43
900,40,0.20,Bot4,1,22,button,4060526253807184808,22,43
901,40,0.20,Bot1,1,33,button,15994879266303797935,33,19
901,40,0.20,Bot2,1,33,button,15994879266303797935,33,19
901,40,0.20,Bot3,1,33,button,15994879266303797935,33,19
901,40,0.20,Bot4,1,33,button,15994879266303797935,33,19
902,40,0.20,Bot1,1,30,button,18020169249984072270,30,36
902,40,0.20,Bot2,1,30,button,18020169249984072270,30,36
902,40,0.20,Bot3,1,30,button,18020169249984072270,30,36
902,40,0.20,Bot4,1,30,button,18020169249984072270,30,36
903,40,0.20,Bot1,1,26,button,2956171468423098757,26,58
903,40,0.20,Bot2,1,26,button,2956171468423098757,26,58
903,40,0.20,Bot3,1,26,button,2956171468423098757,26,58
903,40,0.20,Bot4,1,26,button,2956171468423098757,26,58
904,40,0.20,Bot1,1,57,button,7455166757574893872,57,41
904,40,0.20,Bot2,1,57,button,7455166757574893872,57,41
904,40,0.20,Bot3,1,57,button,7455166757574893872,57,41
904,40,0.20,Bot4,1,57,button,7455166757574893872,57,41
905,40,0.20,Bot1,1,22,button,17509900264404419124,22,41
905,40,0.20,Bot2,1,22,button,17509900264404419124,22,41
905,40,0.20,Bot3,1,22,button,17509900264404419124,22,41
905,40,0.20,Bot4,1,22,button,17509900264404419124,22,41
906,40,0.20,Bot1,1,18,button,3744931762177847015,18,40
906,40,0.20,Bot2,1,18,button,3744931762177847015,18,40
906,40,0.20,Bot3,1,18,button,3744931762177847015,18,40
906,40,0.20,Bot4,1,18,button,3744931762177847015,18,40
907,40,0.20,Bot1,1,12,button,552151868776475836,12,50
907,40,0.20,Bot2,1,12,button,552151868776475836,12,50
907,40,0.20,Bot3,1,12,button,552151868776475836,12,50
907,40,0.20,Bot4,1,12,button,552151868776475836,12,50
908,40,0.20,Bot1,1,19,button,18054424781046726507,19,64
908,40,0.20,Bot2,1,19,button,18054424781046726507,19,64
908,40,0.20,Bot3,1,19,button,18054424781046726507,19,64
908,40,0.20,Bot4,1,19,button,18054424781046726507,19,64
909,40,0.20,Bot1,1,22,button,15864248308234424181,22,39
909,40,0.20,Bot2,1,22,button,15864248308234424181,22,39
909,40,0.20,Bot3,1,22,button,15864248308234424181,22,39
909,40,0.20,Bot4,1,22,button,15864248308234424181,22,39
910,40,0.20,Bot1,1,26,button,9587228593610310306,26,33
910,40,0.20,Bot2,1,26,button,9587228593610310306,26,33
910,40,0.20,Bot3,1,26,button,9587228593610310306,26,33
910,40,0.20,Bot4,1,26,button,9587228593610310306,26,33
911,40,0.20,Bot1,1,21,button,4552619725391826680,21,23
911,40,0.20,Bot2,1,21,button,4552619725391826680,21,23
911,40,0.20,Bot3,1,21,button,4552619725391826680,21,23
911,40,0.20,Bot4,1,21,button,4552619725391826680,21,23
912,40,0.20,Bot1,1,27,button,11489002531587500637,27,37
912,40,0.20,Bot2,1,27,button,11489002531587500637,27,37
912,40,0.20,Bot3,1,27,button,11489002531587500637,27,37
912,40,0.20,Bot4,1,27,button,11489002531587500637,27,37
913,40,0.20,Bot1,1,59,button,11232805334218372800,59,23
913,40,0.20,Bot2,1,59,button,11232805334218372800,59,23
913,40,0.20,Bot3,1,59,button,11232805334218372800,59,23
913,40,0.20,Bot4,1,59,button,11232805334218372800,59,23
914,40,0.20,Bot1,1,41,button,9731540463084075691,41,36
914,40,0.20,Bot2,1,41,button,9731540463084075691,41,36
914,40,0.20,Bot3,1,41,button,9731540463084075691,41,36
914,40,0.20,Bot4,1,41,button,9731540463084075691,41,36
915,40,0.20,Bot1,1,26,button,14630912936669204749,26,74
915,40,0.20,Bot2,1,26,button,14630912936669204749,26,74
915,40,0.20,Bot3,1,26,button,14630912936669204749,26,74
915,40,0.20,Bot4,1,26,button,14630912936669204749,26,74
916,40,0.20,Bot1,1,20,button,315834568247750859,20,38
916,40,0.20,Bot2,1,20,button,315834568247750859,20,38
916,40,0.20,Bot3,1,20,button,315834568247750859,20,38
916,40,0.20,Bot4,1,20,button,315834568247750859,20,38
917,40,0.20,Bot1,1,35,button,15625671107469987778,35,53
917,40,0.20,Bot2,1,35,button,15625671107469987778,35,53
917,40,0.20,Bot3,1,35,button,15625671107469987778,35,53
917,40,0.20,Bot4,1,35,button,15625671107469987778,35,53
918,40,0.20,Bot1,1,56,button,13412827051326170487,56,46
918,40,0.20,Bot2,1,56,button,13412827051326170487,56,46
918,40,0.20,Bot3,1,56,button,13412827051326170487,56,46
918,40,0.20,Bot4,1,56,button,13412827051326170487,56,46
919,40,0.20,Bot1,1,25,button,17568601882435889718,25,40
919,40,0.20,Bot2,1,25,button,17568601882435889718,25,40
919,40,0.20,Bot3,1,25,button,17568601882435889718,25,40
919,40,0.20,Bot4,1,25,button,17568601882435889718,25,40
920,40,0.20,Bot1,1,28,button,5800307231232444647,28,15
920,40,0.20,Bot2,1,28,button,5800307231232444647,28,15
920,40,0.20,Bot3,1,28,button,5800307231232444647,28,15
920,40,0.20,Bot4,1,28,button,5800307231232444647,28,15
921,40,0.20,Bot1,1,57,button,11077616645474558154,57,44
921,40,0.20,Bot2,1,57,button,11077616645474558154,57,44
921,40,0.20,Bot3,1,57,button,11077616645474558154,57,44
921,40,0.20,Bot4,1,57,button,11077616645474558154,57,44
922,40,0.20,Bot1,1,22,button,9297089970958912836,22,37
922,40,0.20,Bot2,1,22,button,9297089970958912836,22,37
922,40,0.20,Bot3,1,22,button,9297089970958912836,22,37
922,40,0.20,Bot4,1,22,button,9297089970958912836,22,37
923,40,0.20,Bot1,0,7,walked_into_fire,1510782256114573365,41,36
923,40,0.20,Bot2,1,55,button,1510782256114573365,41,36
923,40,0.20,Bot3,1,53,button,1510782256114573365,41,36
923,40,0.20,Bot4,1,55,button,1510782256114573365,41,36
924,40,0.20,Bot1,1,12,button,16549073392282335609,12,58
924,40,0.20,Bot2,1,12,button,16549073392282335609,12,58
924,40,0.20,Bot3,1,12,button,16549073392282335609,12,58
924,40,0.20,Bot4,1,12,button,16549073392282335609,12,58
925,40,0.20,Bot1,1,39,button,1042825870970874767,39,42
925,40,0.20,Bot2,1,39,button,1042825870970874767,39,42
925,40,0.20,Bot3,1,39,button,1042825870970874767,39,42
925,40,0.20,Bot4,1,39,button,1042825870970874767,39,42
926,40,0.20,Bot1,1,32,button,13683986768868973245,32,37
926,40,0.20,Bot2,1,32,button,13683986768868973245,32,37
926,40,0.20,Bot3,1,32,button,13683986768868973245,32,37
926,40,0.20,Bot4,1,32,button,13683986768868973245,32,37
927,40,0.20,Bot1,0,12,walked_into_fire,7111464572326236388,60,50
927,40,0.20,Bot2,1,60,button,7111464572326236388,60,50
927,40,0.20,Bot3,1,60,button,7111464572326236388,60,50
927,40,0.20,Bot4,1,60,button,7111464572326236388,60,50
928,40,0.20,Bot1,1,20,button,1253377633021667028,20,44
928,40,0.20,Bot2,1,20,button,1253377633021667028,20,44
928,40,0.20,Bot3,1,20,button,1253377633021667028,20,44
928,40,0.20,Bot4,1,20,button,1253377633021667028,20,44
929,40,0.20,Bot1,1,68,button,12311983802497131368,68,62
929,40,0.20,Bot2,1,68,button,12311983802497131368,68,62
929,40,0.20,Bot3,1,68,button,12311983802497131368,68,62
929,40,0.20,Bot4,1,68,button,12311983802497131368,68,62
930,40,0.20,Bot1,1,27,button,3999576252923269259,27,19
930,40,0.20,Bot2,1,27,button,3999576252923269259,27,19
930,40,0.20,Bot3,1,27,button,3999576252923269259,27,19
930,40,0.20,Bot4,1,27,button,3999576252923269259,27,19
931,40,0.20,Bot1,1,17,button,4676676371674607390,17,49
931,40,0.20,Bot2,1,17,button,4676676371674607390,17,49
931,40,0.20,Bot3,1,17,button,4676676371674607390,17,49
931,40,0.20,Bot4,1,17,button,4676676371674607390,17,49
932,40,0.20,Bot1,1,26,button,4743962826706505163,26,33
932,40,0.20,Bot2,1,26,button,4743962826706505163,26,33
932,40,0.20,Bot3,1,26,button,4743962826706505163,26,33
932,40,0.20,Bot4,1,26,button,4743962826706505163,26,33
933,40,0.20,Bot1,1,22,button,5726355638427675063,22,44
933,40,0.20,Bot2,1,22,button,5726355638427675063,22,44
933,40,0.20,Bot3,1,22,button,5726355638427675063,22,44
933,40,0.20,Bot4,1,22,button,5726355638427675063,22,44
934,40,0.20,Bot1,1,62,button,6125283955770804887,62,40
934,40,0.20,Bot2,1,62,button,6125283955770804887,62,40
934,40,0.20,Bot3,1,62,button,6125283955770804887,62,40
934,40,0.20,Bot4,1,62,button,6125283955770804887,62,40
935,40,0.20,Bot1,1,35,button,421762244125337610,35,15
935,40,0.20,Bot2,1,35,button,421762244125337610,35,15
935,40,0.20,Bot3,1,35,button,421762244125337610,35,15
935,40,0.20,Bot4,1,35,button,421762244125337610,35,15
936,40,0.20,Bot1,1,52,button,3967045688857988277,52,10
936,40,0.20,Bot2,1,52,button,3967045688857988277,52,10
936,40,0.20,Bot3,1,52,button,3967045688857988277,52,10
936,40,0.20,Bot4,1,52,button,3967045688857988277,52,10
937,40,0.20,Bot1,1,9,button,10635484774395119755,9,37
937,40,0.20,Bot2,1,9,button,10635484774395119755,9,37
937,40,0.20,Bot3,1,9,button,10635484774395119755,9,37
937,40,0.20,Bot4,1,9,button,10635484774395119755,9,37
938,40,0.20,Bot1,1,6,button,9014211569365066061,6,47
938,40,0.20,Bot2,1,6,button,9014211569365066061,6,47
938,40,0.20,Bot3,1,6,button,9014211569365066061,6,47
938,40,0.20,Bot4,1,6,button,9014211569365066061,6,47
939,40,0.20,Bot1,1,29,button,9701992105976006593,29,24
939,40,0.20,Bot2,1,29,button,9701992105976006593,29,24
939,40,0.20,Bot3,1,29,button,9701992105976006593,29,24
939,40,0.20,Bot4,1,29,button,9701992105976006593,29,24
940,40,0.20,Bot1,1,19,button,3441586510824496126,19,25
940,40,0.20,Bot2,1,19,button,3441586510824496126,19,25
940,40,0.20,Bot3,1,19,button,3441586510824496126,19,25
940,40,0.20,Bot4,1,19,button,3441586510824496126,19,25
941,40,0.20,Bot1,1,25,button,15696429140022956337,25,40
941,40,0.20,Bot2,1,25,button,15696429140022956337,25,40
941,40,0.20,Bot3,1,25,button,15696429140022956337,25,40
941,40,0.20,Bot4,1,25,button,15696429140022956337,25,40
942,40,0.20,Bot1,1,41,button,12597234714249636327,41,28
942,40,0.20,Bot2,1,41,button,12597234714249636327,41,28
942,40,0.20,Bot3,1,41,button,12597234714249636327,41,28
942,40,0.20,Bot4,1,41,button,12597234714249636327,41,28
943,40,0.20,Bot1,0,32,caught_by_fire,15854573985212392006,42,15
943,40,0.20,Bot2,0,32,caught_by_fire,15854573985212392006,42,15
943,40,0.20,Bot3,0,85,caught_by_fire,15854573985212392006,42,15
943,40,0.20,Bot4,0,32,caught_by_fire,15854573985212392006,42,15
944,40,0.20,Bot1,1,28,button,17842978086088368470,28,42
944,40,0.20,Bot2,1,28,button,17842978086088368470,28,42
944,40,0.20,Bot3,1,28,button,17842978086088368470,28,42
944,40,0.20,Bot4,1,28,button,17842978086088368470,28,42
945,40,0.20,Bot1,1,43,button,12022836026924720834,43,35
945,40,0.20,Bot2,1,43,button,12022836026924720834,43,35
945,40,0.20,Bot3,1,43,button,12022836026924720834,43,35
945,40,0.20,Bot4,1,43,button,12022836026924720834,43,35
946,40,0.20,Bot1,1,22,button,5899173911990675045,22,15
946,40,0.20,Bot2,1,22,button,5899173911990675045,22,15
946,40,0.20,Bot3,1,22,button,5899173911990675045,22,15
946,40,0.20,Bot4,1,22,button,5899173911990675045,22,15
947,40,0.20,Bot1,1,27,button,16893515206122372196,27,43
947,40,0.20,Bot2,1,27,button,16893515206122372196,27,43
947,40,0.20,Bot3,1,27,button,16893515206122372196,27,43
947,40,0.20,Bot4,1,27,button,16893515206122372196,27,43
948,40,0.20,Bot1,1,47,button,8453719711670859805,47,55
948,40,0.20,Bot2,1,47,button,8453719711670859805,47,55
948,40,0.20,Bot3,1,47,button,8453719711670859805,47,55
948,40,0.20,Bot4,1,47,button,8453719711670859805,47,55
949,40,0.20,Bot1,1,25,button,3129065289269935205,25,17
949,40,0.20,Bot2,1,25,button,3129065289269935205,25,17
949,40,0.20,Bot3,1,25,button,3129065289269935205,25,17
949,40,0.20,Bot4,1,25,button,3129065289269935205,25,17
950,40,0.20,Bot1,1,52,button,11278964755689406048,52,54
950,40,0.20,Bot2,1,52,button,11278964755689406048,52,54
950,40,0.20,Bot3,1,52,button,11278964755689406048,52,54
950,40,0.20,Bot4,1,52,button,11278964755689406048,52,54
951,40,0.20,Bot1,1,30,button,16301867612716576655,30,48
951,40,0.20,Bot2,1,30,button,16301867612716576655,30,48
951,40,0.20,Bot3,1,30,button,16301867612716576655,30,48
951,40,0.20,Bot4,1,30,button,16301867612716576655,30,48
952,40,0.20,Bot1,0,27,walked_into_fire,16226151655612159066,15,3
952,40,0.20,Bot2,0,21,caught_by_fire,16226151655612159066,15,3
952,40,0.20,Bot3,0,21,caught_by_fire,16226151655612159066,15,3
952,40,0.20,Bot4,0,69,caught_by_fire,16226151655612159066,15,3
953,40,0.20,Bot1,1,40,button,3181941710228466118,40,61
953,40,0.20,Bot2,1,40,button,3181941710228466118,40,61
953,40,0.20,Bot3,1,40,button,3181941710228466118,40,61
953,40,0.20,Bot4,1,40,button,3181941710228466118,40,61
954,40,0.20,Bot1,1,17,button,15824663981960084013,17,48
954,40,0.20,Bot2,1,17,button,15824663981960084013,17,48
954,40,0.20,Bot3,1,17,button,15824663981960084013,17,48
954,40,0.20,Bot4,1,17,button,15824663981960084013,17,48
955,40,0.20,Bot1,0,13,walked_into_fire,7673647620473578010,56,42
955,40,0.20,Bot2,1,60,button,7673647620473578010,56,42
955,40,0.20,Bot3,1,68,button,7673647620473578010,56,42
955,40,0.20,Bot4,1,60,button,7673647620473578010,56,42
956,40,0.20,Bot1,1,14,button,15192376133198402361,14,37
956,40,0.20,Bot2,1,14,button,15192376133198402361,14,37
956,40,0.20,Bot3,1,14,button,15192376133198402361,14,37
956,40,0.20,Bot4,1,14,button,15192376133198402361,14,37
957,40,0.20,Bot1,1,45,button,16871899052507857906,45,53
957,40,0.20,Bot2,1,45,button,16871899052507857906,45,53
957,40,0.20,Bot3,1,45,button,16871899052507857906,45,53
957,40,0.20,Bot4,1,45,button,16871899052507857906,45,53
958,40,0.20,Bot1,1,54,button,11691331047250981149,54,45
958,40,0.20,Bot2,1,54,button,11691331047250981149,54,45
958,40,0.20,Bot3,1,54,button,11691331047250981149,54,45
958,40,0.20,Bot4,1,54,button,11691331047250981149,54,45
959,40,0.20,Bot1,1,38,button,8336816668164131260,38,15
959,40,0.20,Bot2,1,38,button,8336816668164131260,38,15
959,40,0.20,Bot3,0,96,caught_by_fire,8336816668164131260,38,15
959,40,0.20,Bot4,1,38,button,8336816668164131260,38,15
960,40,0.20,Bot1,1,62,button,15125772390821222074,62,54
960,40,0.20,Bot2,1,62,button,15125772390821222074,62,54
960,40,0.20,Bot3,1,62,button,15125772390821222074,62,54
960,40,0.20,Bot4,1,62,button,15125772390821222074,62,54
961,40,0.20,Bot1,1,45,button,13980518678652872204,45,42
961,40,0.20,Bot2,1,45,button,13980518678652872204,45,42
961,40,0.20,Bot3,1,45,button,13980518678652872204,45,42
961,40,0.20,Bot4,1,45,button,13980518678652872204,45,42
962,40,0.20,Bot1,1,16,button,5157130026582699962,16,46
962,40,0.20,Bot2,1,16,button,5157130026582699962,16,46
962,40,0.20,Bot3,1,16,button,5157130026582699962,16,46
962,40,0.20,Bot4,1,16,button,5157130026582699962,16,46
963,40,0.20,Bot1,1,15,button,17451757461991669647,15,15
963,40,0.20,Bot2,1,15,button,17451757461991669647,15,15
963,40,0.20,Bot3,1,15,button,17451757461991669647,15,15
963,40,0.20,Bot4,1,15,button,17451757461991669647,15,15
964,40,0.20,Bot1,1,44,button,13543706278906518079,44,7
964,40,0.20,Bot2,1,44,button,13543706278906518079,44,7
964,40,0.20,Bot3,1,44,button,13543706278906518079,44,7
964,40,0.20,Bot4,1,44,button,13543706278906518079,44,7
965,40,0.20,Bot1,1,25,button,3692729682701781651,25,23
965,40,0.20,Bot2,1,25,button,3692729682701781651,25,23
965,40,0.20,Bot3,1,25,button,3692729682701781651,25,23
965,40,0.20,Bot4,1,25,button,3692729682701781651,25,23
966,40,0.20,Bot1,1,12,button,16907063573754912,12,40
966,40,0.20,Bot2,1,12,button,16907063573754912,12,40
966,40,0.20,Bot3,1,12,button,16907063573754912,12,40
966,40,0.20,Bot4,1,12,button,16907063573754912,12,40
967,40,0.20,Bot1,1,27,button,18342930490068254159,27,11
967,40,0.20,Bot2,1,27,button,18342930490068254159,27,11
967,40,0.20,Bot3,1,27,button,18342930490068254159,27,11
967,40,0.20,Bot4,1,27,button,18342930490068254159,27,11
968,40,0.20,Bot1,1,52,button,10395317985592265358,52,26
968,40,0.20,Bot2,1,52,button,10395317985592265358,52,26
968,40,0.20,Bot3,1,52,button,10395317985592265358,52,26
968,40,0.20,Bot4,1,52,button,10395317985592265358,52,26
969,40,0.20,Bot1,1,29,button,17178236823956208166,29,24
969,40,0.20,Bot2,1,29,button,17178236823956208166,29,24
969,40,0.20,Bot3,1,29,button,17178236823956208166,29,24
969,40,0.20,Bot4,1,29,button,17178236823956208166,29,24
970,40,0.20,Bot1,1,31,button,3306396634483911252,31,50
970,40,0.20,Bot2,1,31,button,3306396634483911252,31,50
970,40,0.20,Bot3,1,31,button,3306396634483911252,31,50
970,40,0.20,Bot4,1,31,button,3306396634483911252,31,50
971,40,0.20,Bot1,1,51,button,16287792928575992012,51,59
971,40,0.20,Bot2,1,51,button,16287792928575992012,51,59
971,40,0.20,Bot3,1,51,button,16287792928575992012,51,59
971,40,0.20,Bot4,1,51,button,16287792928575992012,51,59
972,40,0.20,Bot1,1,67,button,11608722235041804802,67,75
972,40,0.20,Bot2,1,67,button,11608722235041804802,67,75
972,40,0.20,Bot3,1,67,button,11608722235041804802,67,75
972,40,0.20,Bot4,1,67,button,11608722235041804802,67,75
973,40,0.20,Bot1,0,36,walked_into_fire,5322524412263051969,49,9
973,40,0.20,Bot2,1,63,button,5322524412263051969,49,9
973,40,0.20,Bot3,1,63,button,5322524412263051969,49,9
973,40,0.20,Bot4,1,63,button,5322524412263051969,49,9
974,40,0.20,Bot1,1,50,button,11354821759037582238,50,39
974,40,0.20,Bot2,1,50,button,11354821759037582238,50,39
974,40,0.20,Bot3,1,50,button,11354821759037582238,50,39
974,40,0.20,Bot4,1,50,button,11354821759037582238,50,39
975,40,0.20,Bot1,1,33,button,10663155888357931615,33,23
975,40,0.20,Bot2,1,33,button,10663155888357931615,33,23
975,40,0.20,Bot3,1,33,button,10663155888357931615,33,23
975,40,0.20,Bot4,1,33,button,10663155888357931615,33,23
976,40,0.20,Bot1,1,28,button,14318211100642347874,28,28
976,40,0.20,Bot2,1,28,button,14318211100642347874,28,28
976,40,0.20,Bot3,1,28,button,14318211100642347874,28,28
976,40,0.20,Bot4,1,28,button,14318211100642347874,28,28
977,40,0.20,Bot1,0,36,caught_by_fire,6096999001190636894,38,7
977,40,0.20,Bot2,0,64,caught_by_fire,6096999001190636894,38,7
977,40,0.20,Bot3,0,64,caught_by_fire,6096999001190636894,38,7
977,40,0.20,Bot4,0,46,caught_by_fire,6096999001190636894,38,7
978,40,0.20,Bot1,1,34,button,10801401234322897857,34,37
978,40,0.20,Bot2,1,34,button,10801401234322897857,34,37
978,40,0.20,Bot3,1,34,button,10801401234322897857,34,37
978,40,0.20,Bot4,1,34,button,10801401234322897857,34,37
979,40,0.20,Bot1,1,17,button,11074091413471743753,17,48
979,40,0.20,Bot2,1,17,button,11074091413471743753,17,48
979,40,0.20,Bot3,1,17,button,11074091413471743753,17,48
979,40,0.20,Bot4,1,17,button,11074091413471743753,17,48
980,40,0.20,Bot1,1,54,button,3061920466569148771,54,58
980,40,0.20,Bot2,1,54,button,3061920466569148771,54,58
980,40,0.20,Bot3,1,54,button,3061920466569148771,54,58
980,40,0.20,Bot4,1,54,button,3061920466569148771,54,58
981,40,0.20,Bot1,1,31,button,10897708063130565919,31,36
981,40,0.20,Bot2,1,31,button,10897708063130565919,31,36
981,40,0.20,Bot3,1,31,button,10897708063130565919,31,36
981,40,0.20,Bot4,1,31,button,10897708063130565919,31,36
982,40,0.20,Bot1,1,25,button,15575106355952791752,23,21
982,40,0.20,Bot2,1,25,button,15575106355952791752,23,21
982,40,0.20,Bot3,1,25,button,15575106355952791752,23,21
982,40,0.20,Bot4,1,25,button,15575106355952791752,23,21
983,40,0.20,Bot1,1,33,button,4188689752978575107,33,50
983,40,0.20,Bot2,1,33,button,4188689752978575107,33,50
983,40,0.20,Bot3,1,33,button,4188689752978575107,33,50
983,40,0.20,Bot4,1,33,button,4188689752978575107,33,50
984,40,0.20,Bot1,1,25,button,11599791817528509358,25,43
984,40,0.20,Bot2,1,25,button,11599791817528509358,25,43
984,40,0.20,Bot3,1,25,button,11599791817528509358,25,43
984,40,0.20,Bot4,1,25,button,11599791817528509358,25,43
985,40,0.20,Bot1,1,21,button,18113245880574826254,21,23
985,40,0.20,Bot2,1,21,button,18113245880574826254,21,23
985,40,0.20,Bot3,1,21,button,18113245880574826254,21,23
985,40,0.20,Bot4,1,21,button,18113245880574826254,21,23
986,40,0.20,Bot1,1,14,button,6154159298447548180,14,32
986,40,0.20,Bot2,1,14,button,6154159298447548180,14,32
986,40,0.20,Bot3,1,14,button,6154159298447548180,14,32
986,40,0.20,Bot4,1,14,button,6154159298447548180,14,32
987,40,0.20,Bot1,1,27,button,9457441007161231302,27,33
987,40,0.20,Bot2,1,27,button,9457441007161231302,27,33
987,40,0.20,Bot3,1,27,button,9457441007161231302,27,33
987,40,0.20,Bot4,1,27,button,9457441007161231302,27,33
988,40,0.20,Bot1,0,37,walked_into_fire,13190939818916402637,56,16
988,40,0.20,Bot2,0,117,caught_by_fire,13190939818916402637,56,16
988,40,0.20,Bot3,0,117,caught_by_fire,13190939818916402637,56,16
988,40,0.20,Bot4,0,115,caught_by_fire,13190939818916402637,56,16
989,40,0.20,Bot1,0,43,walked_into_fire,14546819278542206468,66,16
989,40,0.20,Bot2,0,121,caught_by_fire,14546819278542206468,66,16
989,40,0.20,Bot3,0,121,caught_by_fire,14546819278542206468,66,16
989,40,0.20,Bot4,0,98,caught_by_fire,14546819278542206468,66,16
990,40,0.20,Bot1,1,50,button,3059793321121568519,50,59
990,40,0.20,Bot2,1,50,button,3059793321121568519,50,59
990,40,0.20,Bot3,1,50,button,3059793321121568519,50,59
990,40,0.20,Bot4,1,50,button,3059793321121568519,50,59
991,40,0.20,Bot1,1,61,button,5632985636458399463,61,22
991,40,0.20,Bot2,1,61,button,5632985636458399463,61,22
991,40,0.20,Bot3,1,61,button,5632985636458399463,61,22
991,40,0.20,Bot4,1,61,button,5632985636458399463,61,22
992,40,0.20,Bot1,1,47,button,13576830878772674239,47,32
992,40,0.20,Bot2,1,47,button,13576830878772674239,47,32
992,40,0.20,Bot3,1,47,button,13576830878772674239,47,32
992,40,0.20,Bot4,1,47,button,13576830878772674239,47,32
993,40,0.20,Bot1,1,49,button,8075107878493889997,49,52
993,40,0.20,Bot2,1,49,button,8075107878493889997,49,52
993,40,0.20,Bot3,1,49,button,8075107878493889997,49,52
993,40,0.20,Bot4,1,49,button,8075107878493889997,49,52
994,40,0.20,Bot1,1,28,button,12031925616890557329,28,17
994,40,0.20,Bot2,1,28,button,12031925616890557329,28,17
994,40,0.20,Bot3,1,28,button,12031925616890557329,28,17
994,40,0.20,Bot4,1,28,button,12031925616890557329,28,17
995,40,0.20,Bot1,1,48,button,18197403129759595639,48,30
995,40,0.20,Bot2,1,48,button,18197403129759595639,48,30
995,40,0.20,Bot3,1,48,button,18197403129759595639,48,30
995,40,0.20,Bot4,1,48,button,18197403129759595639,48,30
996,40,0.20,Bot1,1,47,button,6809635256036504082,47,14
996,40,0.20,Bot2,0,50,caught_by_fire,6809635256036504082,47,14
996,40,0.20,Bot3,0,50,caught_by_fire,6809635256036504082,47,14
996,40,0.20,Bot4,1,47,button,6809635256036504082,47,14
997,40,0.20,Bot1,1,19,button,15338744996516621329,19,20
997,40,0.20,Bot2,1,19,button,15338744996516621329,19,20
997,40,0.20,Bot3,1,19,button,15338744996516621329,19,20
997,40,0.20,Bot4,1,19,button,15338744996516621329,19,20
998,40,0.20,Bot1,0,39,walked_into_fire,15129850476369148907,48,16
998,40,0.20,Bot2,1,50,button,15129850476369148907,48,16
998,40,0.20,Bot3,0,125,caught_by_fire,15129850476369148907,48,16
998,40,0.20,Bot4,1,50,button,15129850476369148907,48,16
999,40,0.20,Bot1,1,24,button,3077206460622335091,24,18
999,40,0.20,Bot2,1,24,button,3077206460622335091,24,18
999,40,0.20,Bot3,1,24,button,3077206460622335091,24,18
999,40,0.20,Bot4,1,24,button,3077206460622335091,24,18
1000,40,0.25,Bot1,1,19,button,18173606085661129738,19,28
1000,40,0.25,Bot2,1,19,button,18173606085661129738,19,28
1000,40,0.25,Bot3,1,19,button,18173606085661129738,19,28
1000,40,0.25,Bot4,1,19,button,18173606085661129738,19,28
1001,40,0.25,Bot1,1,33,button,1300539996782677155,33,51
1001,40,0.25,Bot2,1,33,button,1300539996782677155,33,51
1001,40,0.25,Bot3,1,33,button,1300539996782677155,33,51
1001,40,0.25,Bot4,1,33,button,1300539996782677155,33,51
1002,40,0.25,Bot1,0,27,walked_into_fire,5770515335102318234,42,7
1002,40,0.25,Bot2,0,92,caught_by_fire,5770515335102318234,42,7
1002,40,0.25,Bot3,0,68,caught_by_fire,5770515335102318234,42,7
1002,40,0.25,Bot4,0,92,caught_by_fire,5770515335102318234,42,7
1003,40,0.25,Bot1,1,60,button,16027514783593775818,60,40
1003,40,0.25,Bot2,1,60,button,16027514783593775818,60,40
1003,40,0.25,Bot3,1,60,button,16027514783593775818,60,40
1003,40,0.25,Bot4,1,60,button,16027514783593775818,60,40
1004,40,0.25,Bot1,1,50,button,2374582253699296615,50,19
1004,40,0.25,Bot2,1,50,button,2374582253699296615,50,19
1004,40,0.25,Bot3,1,50,button,2374582253699296615,50,19
1004,40,0.25,Bot4,1,50,button,2374582253699296615,50,19
1005,40,0.25,Bot1,1,40,button,12730746599611010160,40,47
1005,40,0.25,Bot2,1,40,button,12730746599611010160,40,47
1005,40,0.25,Bot3,1,40,button,12730746599611010160,40,47
1005,40,0.25,Bot4,1,40,button,12730746599611010160,40,47
1006,40,0.25,Bot1,0,24,walked_into_fire,1040094511644151284,37,9
1006,40,0.25,Bot2,0,66,caught_by_fire,1040094511644151284,37,9
1006,40,0.25,Bot3,0,71,caught_by_fire,1040094511644151284,37,9
1006,40,0.25,Bot4,0,75,caught_by_fire,1040094511644151284,37,9
1007,40,0.25,Bot1,1,29,button,10013946206723813015,29,20
1007,40,0.25,Bot2,1,29,button,10013946206723813015,29,20
1007,40,0.25,Bot3,1,29,button,10013946206723813015,29,20
1007,40,0.25,Bot4,1,29,button,10013946206723813015,29,20
1008,40,0.25,Bot1,1,23,button,3739494220783946147,23,51
1008,40,0.25,Bot2,1,23,button,3739494220783946147,23,51
1008,40,0.25,Bot3,1,23,button,3739494220783946147,23,51
1008,40,0.25,Bot4,1,23,button,3739494220783946147,23,51
1009,40,0.25,Bot1,1,42,button,12172075794458404477,42,46
1009,40,0.25,Bot2,1,42,button,12172075794458404477,42,46
1009,40,0.25,Bot3,1,42,button,12172075794458404477,42,46
1009,40,0.25,Bot4,1,42,button,12172075794458404477,42,46
1010,40,0.25,Bot1,1,23,button,6247290305501644014,23,42
1010,40,0.25,Bot2,1,23,button,6247290305501644014,23,42
1010,40,0.25,Bot3,1,23,button,6247290305501644014,23,42
1010,40,0.25,Bot4,1,23,button,6247290305501644014,23,42
1011,40,0.25,Bot1,0,26,caught_by_fire,5275085140817730316,63,32
1011,40,0.25,Bot2,0,104,caught_by_fire,5275085140817730316,63,32
1011,40,0.25,Bot3,1,95,button,5275085140817730316,63,32
1011,40,0.25,Bot4,1,99,button,5275085140817730316,63,32
1012,40,0.25,Bot1,1,30,button,7588890131551246008,30,44
1012,40,0.25,Bot2,1,30,button,7588890131551246008,30,44
1012,40,0.25,Bot3,1,30,button,7588890131551246008,30,44
1012,40,0.25,Bot4,1,30,button,7588890131551246008,30,44
1013,40,0.25,Bot1,0,19,walked_into_fire,15819373623876160160,28,5
1013,40,0.25,Bot2,0,33,caught_by_fire,15819373623876160160,28,5
1013,40,0.25,Bot3,0,41,caught_by_fire,15819373623876160160,28,5
1013,40,0.25,Bot4,0,44,caught_by_fire,15819373623876160160,28,5
1014,40,0.25,Bot1,1,33,button,14753182594661858529,33,20
1014,40,0.25,Bot2,1,33,button,14753182594661858529,33,20
1014,40,0.25,Bot3,1,33,button,14753182594661858529,33,20
1014,40,0.25,Bot4,1,33,button,14753182594661858529,33,20
1015,40,0.25,Bot1,1,20,button,7946728769350080968,20,38
1015,40,0.25,Bot2,1,20,button,7946728769350080968,20,38
1015,40,0.25,Bot3,1,20,button,7946728769350080968,20,38
1015,40,0.25,Bot4,1,20,button,7946728769350080968,20,38
1016,40,0.25,Bot1,1,35,button,13940867985258648092,35,42
1016,40,0.25,Bot2,1,35,button,13940867985258648092,35,42
1016,40,0.25,Bot3,1,35,button,13940867985258648092,35,42
1016,40,0.25,Bot4,1,35,button,13940867985258648092,35,42
1017,40,0.25,Bot1,1,14,button,12055345252551135892,14,31
1017,40,0.25,Bot2,1,14,button,12055345252551135892,14,31
1017,40,0.25,Bot3,1,14,button,12055345252551135892,14,31
1017,40,0.25,Bot4,1,14,button,12055345252551135892,14,31
1018,40,0.25,Bot1,0,23,walked_into_fire,5126992525490432805,24,7
1018,40,0.25,Bot2,0,30,caught_by_fire,5126992525490432805,24,7
1018,40,0.25,Bot3,0,30,caught_by_fire,5126992525490432805,24,7
1018,40,0.25,Bot4,0,30,caught_by_fire,5126992525490432805,24,7
1019,40,0.25,Bot1,1,7,button,2506923298459381453,7,8
1019,40,0.25,Bot2,1,7,button,2506923298459381453,7,8
1019,40,0.25,Bot3,1,7,button,2506923298459381453,7,8
1019,40,0.25,Bot4,1,7,button,2506923298459381453,7,8
1020,40,0.25,Bot1,0,45,walked_into_fire,2119788013884333515,50,5
1020,40,0.25,Bot2,0,129,caught_by_fire,2119788013884333515,50,5
1020,40,0.25,Bot3,0,129,caught_by_fire,2119788013884333515,50,5
1020,40,0.25,Bot4,0,106,caught_by_fire,2119788013884333515,50,5
1021,40,0.25,Bot1,1,6,button,15082372068668458018,6,33
1021,40,0.25,Bot2,1,6,button,15082372068668458018,6,33
1021,40,0.25,Bot3,1,6,button,15082372068668458018,6,33
1021,40,0.25,Bot4,1,6,button,15082372068668458018,6,33
1022,40,0.25,Bot1,1,31,button,4244196107259568024,31,42
1022,40,0.25,Bot2,1,31,button,4244196107259568024,31,42
1022,40,0.25,Bot3,1,31,button,4244196107259568024,31,42
1022,40,0.25,Bot4,1,31,button,4244196107259568024,31,42
1023,40,0.25,Bot1,1,11,button,14436499406927359829,11,22
1023,40,0.25,Bot2,1,11,button,14436499406927359829,11,22
1023,40,0.25,Bot3,1,11,button,14436499406927359829,11,22
1023,40,0.25,Bot4,1,11,button,14436499406927359829,11,22
1024,40,0.25,Bot1,0,25,walked_into_fire,2701855631151741171,65,32
1024,40,0.25,Bot2,1,77,button,2701855631151741171,65,32
1024,40,0.25,Bot3,1,77,button,2701855631151741171,65,32
1024,40,0.25,Bot4,1,77,button,2701855631151741171,65,32
1025,40,0.25,Bot1,1,7,button,15090600799090922364,7,29
1025,40,0.25,Bot2,1,7,button,15090600799090922364,7,29
1025,40,0.25,Bot3,1,7,button,15090600799090922364,7,29
1025,40,0.25,Bot4,1,7,button,15090600799090922364,7,29
1026,40,0.25,Bot1,1,56,button,12799394533806167646,56,51
1026,40,0.25,Bot2,1,56,button,12799394533806167646,56,51
1026,40,0.25,Bot3,1,56,button,12799394533806167646,56,51
1026,40,0.25,Bot4,1,56,button,12799394533806167646,56,51
1027,40,0.25,Bot1,1,24,button,17368210464868548597,24,57
1027,40,0.25,Bot2,1,24,button,17368210464868548597,24,57
1027,40,0.25,Bot3,1,24,button,17368210464868548597,24,57
1027,40,0.25,Bot4,1,24,button,17368210464868548597,24,57
1028,40,0.25,Bot1,0,46,caught_by_fire,599797962156884348,47,12
1028,40,0.25,Bot2,0,46,caught_by_fire,599797962156884348,47,12
1028,40,0.25,Bot3,1,51,button,599797962156884348,47,12
1028,40,0.25,Bot4,0,46,caught_by_fire,599797962156884348,47,12
1029,40,0.25,Bot1,1,17,button,9385245450166918745,17,30
1029,40,0.25,Bot2,1,17,button,9385245450166918745,17,30
1029,40,0.25,Bot3,1,17,button,9385245450166918745,17,30
1029,40,0.25,Bot4,1,17,button,9385245450166918745,17,30
1030,40,0.25,Bot1,1,2,button,5682951214995056483,2,20
1030,40,0.25,Bot2,1,2,button,5682951214995056483,2,20
1030,40,0.25,Bot3,1,2,button,5682951214995056483,2,20
1030,40,0.25,Bot4,1,2,button,5682951214995056483,2,20
1031,40,0.25,Bot1,1,22,button,8672934254990705595,22,21
1031,40,0.25,Bot2,1,22,button,8672934254990705595,22,21
1031,40,0.25,Bot3,1,22,button,8672934254990705595,22,21
1031,40,0.25,Bot4,1,22,button,8672934254990705595,22,21
1032,40,0.25,Bot1,1,29,button,14316112578696299907,29,31
1032,40,0.25,Bot2,1,29,button,14316112578696299907,29,31
1032,40,0.25,Bot3,1,29,button,14316112578696299907,29,31
1032,40,0.25,Bot4,1,29,button,14316112578696299907,29,31
1033,40,0.25,Bot1,1,30,button,13849490313974959070,30,38
1033,40,0.25,Bot2,1,30,button,13849490313974959070,30,38
1033,40,0.25,Bot3,1,30,button,13849490313974959070,30,38
1033,40,0.25,Bot4,1,30,button,13849490313974959070,30,38
1034,40,0.25,Bot1,1,56,button,17426897678585774795,56,30
1034,40,0.25,Bot2,1,56,button,17426897678585774795,56,30
1034,40,0.25,Bot3,1,56,button,17426897678585774795,56,30
1034,40,0.25,Bot4,1,56,button,17426897678585774795,56,30
1035,40,0.25,Bot1,1,29,button,13052582808965027683,29,26
1035,40,0.25,Bot2,1,29,button,13052582808965027683,29,26
1035,40,0.25,Bot3,1,29,button,13052582808965027683,29,26
1035,40,0.25,Bot4,1,29,button,13052582808965027683,29,26
1036,40,0.25,Bot1,1,30,button,1285303511450338108,30,41
1036,40,0.25,Bot2,1,30,button,1285303511450338108,30,41
1036,40,0.25,Bot3,1,30,button,1285303511450338108,30,41
1036,40,0.25,Bot4,1,30,button,1285303511450338108,30,41
1037,40,0.25,Bot1,1,6,button,12331604080397470,6,49
1037,40,0.25,Bot2,1,6,button,12331604080397470,6,49
1037,40,0.25,Bot3,1,6,button,12331604080397470,6,49
1037,40,0.25,Bot4,1,6,button,12331604080397470,6,49
1038,40,0.25,Bot1,1,62,button,10122911205053329595,62,64
1038,40,0.25,Bot2,1,62,button,10122911205053329595,62,64
1038,40,0.25,Bot3,1,62,button,10122911205053329595,62,64
1038,40,0.25,Bot4,1,62,button,10122911205053329595,62,64
1039,40,0.25,Bot1,0,28,walked_into_fire,5322546426748228120,68,41
1039,40,0.25,Bot2,0,35,caught_by_fire,5322546426748228120,68,41
1039,40,0.25,Bot3,0,35,caught_by_fire,5322546426748228120,68,41
1039,40,0.25,Bot4,0,35,caught_by_fire,5322546426748228120,68,41
1040,40,0.25,Bot1,1,48,button,7121168421404784756,48,60
1040,40,0.25,Bot2,1,48,button,7121168421404784756,48,60
1040,40,0.25,Bot3,1,48,button,7121168421404784756,48,60
1040,40,0.25,Bot4,1,48,button,7121168421404784756,48,60
1041,40,0.25,Bot1,1,29,button,3592549655978566369,29,53
1041,40,0.25,Bot2,1,29,button,3592549655978566369,29,53
1041,40,0.25,Bot3,1,29,button,3592549655978566369,29,53
1041,40,0.25,Bot4,1,29,button,3592549655978566369,29,53
1042,40,0.25,Bot1,1,54,button,8183639756983147262,54,51
1042,40,0.25,Bot2,1,54,button,8183639756983147262,54,51
1042,40,0.25,Bot3,1,54,button,8183639756983147262,54,51
1042,40,0.25,Bot4,1,54,button,8183639756983147262,54,51
1043,40,0.25,Bot1,1,45,button,7303342709667241188,45,37
1043,40,0.25,Bot2,1,45,button,7303342709667241188,45,37
1043,40,0.25,Bot3,1,45,button,7303342709667241188,45,37
1043,40,0.25,Bot4,1,45,button,7303342709667241188,45,37
1044,40,0.25,Bot1,1,25,button,18353343139995951237,25,24
1044,40,0.25,Bot2,1,25,button,18353343139995951237,25,24
1044,40,0.25,Bot3,1,25,button,18353343139995951237,25,24
1044,40,0.25,Bot4,1,25,button,18353343139995951237,25,24
1045,40,0.25,Bot1,1,35,button,5238487758539841583,35,26
1045,40,0.25,Bot2,1,35,button,5238487758539841583,35,26
1045,40,0.25,Bot3,1,35,button,5238487758539841583,35,26
1045,40,0.25,Bot4,1,35,button,5238487758539841583,35,26
1046,40,0.25,Bot1,0,32,walked_into_fire,3652416697906947761,38,4
1046,40,0.25,Bot2,0,99,caught_by_fire,3652416697906947761,38,4
1046,40,0.25,Bot3,0,99,caught_by_fire,3652416697906947761,38,4
1046,40,0.25,Bot4,0,90,caught_by_fire,3652416697906947761,38,4
1047,40,0.25,Bot1,1,31,button,9042172077729863921,31,62
1047,40,0.25,Bot2,1,31,button,9042172077729863921,31,62
1047,40,0.25,Bot3,1,31,button,9042172077729863921,31,62
1047,40,0.25,Bot4,1,31,button,9042172077729863921,31,62
1048,40,0.25,Bot1,1,42,button,1256652236653221292,42,25
1048,40,0.25,Bot2,1,42,button,1256652236653221292,42,25
1048,40,0.25,Bot3,1,42,button,1256652236653221292,42,25
1048,40,0.25,Bot4,1,42,button,1256652236653221292,42,25
1049,40,0.25,Bot1,1,36,button,815508615313184704,36,29
1049,40,0.25,Bot2,1,36,button,815508615313184704,36,29
1049,40,0.25,Bot3,1,36,button,815508615313184704,36,29
1049,40,0.25,Bot4,1,36,button,815508615313184704,36,29
1050,40,0.25,Bot1,1,43,button,14138531167643448385,39,17
1050,40,0.25,Bot2,1,43,button,14138531167643448385,39,17
1050,40,0.25,Bot3,1,45,button,14138531167643448385,39,17
1050,40,0.25,Bot4,1,43,button,14138531167643448385,39,17
1051,40,0.25,Bot1,1,68,button,11262286965471254546,68,58
1051,40,0.25,Bot2,1,68,button,11262286965471254546,68,58
1051,40,0.25,Bot3,1,68,button,11262286965471254546,68,58
1051,40,0.25,Bot4,1,68,button,11262286965471254546,68,58
1052,40,0.25,Bot1,1,63,button,7223553720449917620,63,45
1052,40,0.25,Bot2,1,63,button,7223553720449917620,63,45
1052,40,0.25,Bot3,1,63,button,7223553720449917620,63,45
1052,40,0.25,Bot4,1,63,button,7223553720449917620,63,45
1053,40,0.25,Bot1,1,17,button,12500542344171691778,17,58
1053,40,0.25,Bot2,1,17,button,12500542344171691778,17,58
1053,40,0.25,Bot3,1,17,button,12500542344171691778,17,58
1053,40,0.25,Bot4,1,17,button,12500542344171691778,17,58
1054,40,0.25,Bot1,1,65,button,15884293579843741717,65,37
1054,40,0.25,Bot2,1,65,button,15884293579843741717,65,37
1054,40,0.25,Bot3,1,65,button,15884293579843741717,65,37
1054,40,0.25,Bot4,1,65,button,15884293579843741717,65,37
1055,40,0.25,Bot1,1,30,button,3419887194139894296,30,29
1055,40,0.25,Bot2,1,30,button,3419887194139894296,30,29
1055,40,0.25,Bot3,1,30,button,3419887194139894296,30,29
1055,40,0.25,Bot4,1,30,button,3419887194139894296,30,29
1056,40,0.25,Bot1,1,26,button,3455243476418639791,26,55
1056,40,0.25,Bot2,1,26,button,3455243476418639791,26,55
1056,40,0.25,Bot3,1,26,button,3455243476418639791,26,55
1056,40,0.25,Bot4,1,26,button,3455243476418639791,26,55
1057,40,0.25,Bot1,1,37,button,11059079416610236499,37,39
1057,40,0.25,Bot2,1,37,button,11059079416610236499,37,39
1057,40,0.25,Bot3,1,37,button,11059079416610236499,37,39
1057,40,0.25,Bot4,1,37,button,11059079416610236499,37,39
1058,40,0.25,Bot1,1,4,button,1370567165801400878,4,4
1058,40,0.25,Bot2,1,4,button,1370567165801400878,4,4
1058,40,0.25,Bot3,1,4,button,1370567165801400878,4,4
1058,40,0.25,Bot4,1,4,button,1370567165801400878,4,4
1059,40,0.25,Bot1,1,34,button,11984778658997402110,34,23
1059,40,0.25,Bot2,1,34,button,11984778658997402110,34,23
1059,40,0.25,Bot3,1,34,button,11984778658997402110,34,23
1059,40,0.25,Bot4,1,34,button,11984778658997402110,34,23
1060,40,0.25,Bot1,0,37,walked_into_fire,12639982230925881047,39,15
1060,40,0.25,Bot2,0,40,caught_by_fire,12639982230925881047,39,15
1060,40,0.25,Bot3,0,40,caught_by_fire,12639982230925881047,39,15
1060,40,0.25,Bot4,1,47,button,12639982230925881047,39,15
1061,40,0.25,Bot1,1,9,button,9951037060267030869,9,13
1061,40,0.25,Bot2,1,9,button,9951037060267030869,9,13
1061,40,0.25,Bot3,1,9,button,9951037060267030869,9,13
1061,40,0.25,Bot4,1,9,button,9951037060267030869,9,13
1062,40,0.25,Bot1,0,13,walked_into_fire,17801718308280288377,75,63
1062,40,0.25,Bot2,1,81,button,17801718308280288377,75,63
1062,40,0.25,Bot3,1,81,button,17801718308280288377,75,63
1062,40,0.25,Bot4,1,81,button,17801718308280288377,75,63
1063,40,0.25,Bot1,1,36,button,10432538171087546643,36,48
1063,40,0.25,Bot2,1,36,button,10432538171087546643,36,48
1063,40,0.25,Bot3,1,36,button,10432538171087546643,36,48
1063,40,0.25,Bot4,1,36,button,10432538171087546643,36,48
1064,40,0.25,Bot1,1,12,button,751583831867400900,12,26
1064,40,0.25,Bot2,1,12,button,751583831867400900,12,26
1064,40,0.25,Bot3,1,12,button,751583831867400900,12,26
1064,40,0.25,Bot4,1,12,button,751583831867400900,12,26
1065,40,0.25,Bot1,1,34,button,1293486820452766516,34,67
1065,40,0.25,Bot2,1,34,button,1293486820452766516,34,67
1065,40,0.25,Bot3,1,34,button,1293486820452766516,34,67
1065,40,0.25,Bot4,1,34,button,1293486820452766516,34,67
1066,40,0.25,Bot1,1,52,button,7841406790231194162,52,64
1066,40,0.25,Bot2,1,52,button,7841406790231194162,52,64
1066,40,0.25,Bot3,1,52,button,7841406790231194162,52,64
1066,40,0.25,Bot4,1,52,button,7841406790231194162,52,64
1067,40,0.25,Bot1,1,47,button,3011871945637413615,47,49
1067,40,0.25,Bot2,1,47,button,3011871945637413615,47,49
1067,40,0.25,Bot3,1,47,button,3011871945637413615,47,49
1067,40,0.25,Bot4,1,47,button,3011871945637413615,47,49
1068,40,0.25,Bot1,1,57,button,17864758174508152867,57,36
1068,40,0.25,Bot2,1,57,button,17864758174508152867,57,36
1068,40,0.25,Bot3,1,57,button,17864758174508152867,57,36
1068,40,0.25,Bot4,1,57,button,17864758174508152867,57,36
1069,40,0.25,Bot1,1,35,button,2374932891237670948,35,30
1069,40,0.25,Bot2,1,35,button,2374932891237670948,35,30
1069,40,0.25,Bot3,1,35,button,2374932891237670948,35,30
1069,40,0.25,Bot4,1,35,button,2374932891237670948,35,30
1070,40,0.25,Bot1,1,48,button,7371046690861500384,48,31
1070,40,0.25,Bot2,1,48,button,7371046690861500384,48,31
1070,40,0.25,Bot3,1,48,button,7371046690861500384,48,31
1070,40,0.25,Bot4,1,48,button,7371046690861500384,48,31
1071,40,0.25,Bot1,1,33,button,11829250437003007278,33,26
1071,40,0.25,Bot2,1,33,button,11829250437003007278,33,26
1071,40,0.25,Bot3,1,33,button,11829250437003007278,33,26
1071,40,0.25,Bot4,1,33,button,11829250437003007278,33,26
1072,40,0.25,Bot1,1,22,button,12983379437527957783,22,15
1072,40,0.25,Bot2,1,22,button,12983379437527957783,22,15
1072,40,0.25,Bot3,1,22,button,12983379437527957783,22,15
1072,40,0.25,Bot4,1,22,button,12983379437527957783,22,15
1073,40,0.25,Bot1,1,49,button,6118355684165744774,49,43
1073,40,0.25,Bot2,1,49,button,6118355684165744774,49,43
1073,40,0.25,Bot3,1,49,button,6118355684165744774,49,43
1073,40,0.25,Bot4,1,49,button,6118355684165744774,49,43
1074,40,0.25,Bot1,1,22,button,3538898410319661604,22,28
1074,40,0.25,Bot2,1,22,button,3538898410319661604,22,28
1074,40,0.25,Bot3,1,22,button,3538898410319661604,22,28
1074,40,0.25,Bot4,1,22,button,3538898410319661604,22,28
1075,40,0.25,Bot1,1,54,button,11383080199367592119,54,45
1075,40,0.25,Bot2,1,54,button,11383080199367592119,54,45
1075,40,0.25,Bot3,1,54,button,11383080199367592119,54,45
1075,40,0.25,Bot4,1,54,button,11383080199367592119,54,45
1076,40,0.25,Bot1,1,20,button,8188700507354498075,20,29
1076,40,0.25,Bot2,1,20,button,8188700507354498075,20,29
1076,40,0.25,Bot3,1,20,button,8188700507354498075,20,29
1076,40,0.25,Bot4,1,20,button,8188700507354498075,20,29
1077,40,0.25,Bot1,1,39,button,1563864556854644106,39,30
1077,40,0.25,Bot2,1,39,button,1563864556854644106,39,30
1077,40,0.25,Bot3,1,39,button,1563864556854644106,39,30
1077,40,0.25,Bot4,1,39,button,1563864556854644106,39,30
1078,40,0.25,Bot1,1,27,button,13501360043566208789,27,22
1078,40,0.25,Bot2,1,27,button,13501360043566208789,27,22
1078,40,0.25,Bot3,1,27,button,13501360043566208789,27,22
1078,40,0.25,Bot4,1,27,button,13501360043566208789,27,22
1079,40,0.25,Bot1,1,39,button,2484422180538588811,39,70
1079,40,0.25,Bot2,1,39,button,2484422180538588811,39,70
1079,40,0.25,Bot3,1,39,button,2484422180538588811,39,70
1079,40,0.25,Bot4,1,39,button,2484422180538588811,39,70
1080,40,0.25,Bot1,1,18,button,2754136880557575,18,7
1080,40,0.25,Bot2,1,18,button,2754136880557575,18,7
1080,40,0.25,Bot3,1,30,button,2754136880557575,18,7
1080,40,0.25,Bot4,1,18,button,2754136880557575,18,7
1081,40,0.25,Bot1,1,44,button,7064385650176742380,44,49
1081,40,0.25,Bot2,1,44,button,7064385650176742380,44,49
1081,40,0.25,Bot3,1,44,button,7064385650176742380,44,49
1081,40,0.25,Bot4,1,44,button,7064385650176742380,44,49
1082,40,0.25,Bot1,1,32,button,8311008051405454948,32,15
1082,40,0.25,Bot2,1,32,button,8311008051405454948,32,15
1082,40,0.25,Bot3,1,32,button,8311008051405454948,32,15
1082,40,0.25,Bot4,1,32,button,8311008051405454948,32,15
1083,40,0.25,Bot1,0,30,walked_into_fire,3145257573068636444,35,8
1083,40,0.25,Bot2,0,58,caught_by_fire,3145257573068636444,35,8
1083,40,0.25,Bot3,0,58,caught_by_fire,3145257573068636444,35,8
1083,40,0.25,Bot4,0,53,caught_by_fire,3145257573068636444,35,8
1084,40,0.25,Bot1,1,35,button,13772461056092190990,35,45
1084,40,0.25,Bot2,1,35,button,13772461056092190990,35,45
1084,40,0.25,Bot3,1,35,button,13772461056092190990,35,45
1084,40,0.25,Bot4,1,35,button,13772461056092190990,35,45
1085,40,0.25,Bot1,1,24,button,5880764963252484216,24,27
1085,40,0.25,Bot2,1,24,button,5880764963252484216,24,27
1085,40,0.25,Bot3,1,24,button,5880764963252484216,24,27
1085,40,0.25,Bot4,1,24,button,5880764963252484216,24,27
1086,40,0.25,Bot1,0,27,walked_into_fire,11289898463484182818,39,13
1086,40,0.25,Bot2,1,43,button,11289898463484182818,39,13
1086,40,0.25,Bot3,1,41,button,11289898463484182818,39,13
1086,40,0.25,Bot4,1,43,button,11289898463484182818,39,13
1087,40,0.25,Bot1,1,19,button,17178973202678242159,19,29
1087,40,0.25,Bot2,1,19,button,17178973202678242159,19,29
1087,40,0.25,Bot3,1,19,button,17178973202678242159,19,29
1087,40,0.25,Bot4,1,19,button,17178973202678242159,19,29
1088,40,0.25,Bot1,1,10,button,16658622135010048124,10,44
1088,40,0.25,Bot2,1,10,button,16658622135010048124,10,44
1088,40,0.25,Bot3,1,10,button,16658622135010048124,10,44
1088,40,0.25,Bot4,1,10,button,16658622135010048124,10,44
1089,40,0.25,Bot1,1,58,button,10461198017129439374,58,45
1089,40,0.25,Bot2,1,58,button,10461198017129439374,58,45
1089,40,0.25,Bot3,1,58,button,10461198017129439374,58,45
1089,40,0.25,Bot4,1,58,button,10461198017129439374,58,45
1090,40,0.25,Bot1,0,15,walked_into_fire,16509544253192474667,36,22
1090,40,0.25,Bot2,1,84,button,16509544253192474667,36,22
1090,40,0.25,Bot3,1,36,button,16509544253192474667,36,22
1090,40,0.25,Bot4,1,36,button,16509544253192474667,36,22
1091,40,0.25,Bot1,1,34,button,15634504488089301350,34,54
1091,40,0.25,Bot2,1,34,button,15634504488089301350,34,54
1091,40,0.25,Bot3,1,34,button,15634504488089301350,34,54
1091,40,0.25,Bot4,1,34,button,15634504488089301350,34,54
1092,40,0.25,Bot1,1,35,button,8116190893141282082,35,12
1092,40,0.25,Bot2,0,39,caught_by_fire,8116190893141282082,35,12
1092,40,0.25,Bot3,0,39,caught_by_fire,8116190893141282082,35,12
1092,40,0.25,Bot4,1,35,button,8116190893141282082,35,12
1093,40,0.25,Bot1,1,25,button,8274321990442350283,25,31
1093,40,0.25,Bot2,1,25,button,8274321990442350283,25,31
1093,40,0.25,Bot3,1,25,button,8274321990442350283,25,31
1093,40,0.25,Bot4,1,25,button,8274321990442350283,25,31
1094,40,0.25,Bot1,0,15,walked_into_fire,2174950241200250125,38,24
1094,40,0.25,Bot2,0,94,caught_by_fire,2174950241200250125,38,24
1094,40,0.25,Bot3,0,94,caught_by_fire,2174950241200250125,38,24
1094,40,0.25,Bot4,0,94,caught_by_fire,2174950241200250125,38,24
1095,40,0.25,Bot1,1,26,button,8220683761481557841,26,19
1095,40,0.25,Bot2,1,26,button,8220683761481557841,26,19
1095,40,0.25,Bot3,1,26,button,8220683761481557841,26,19
1095,40,0.25,Bot4,1,26,button,8220683761481557841,26,19
1096,40,0.25,Bot1,1,18,button,14808246508294625274,18,29
1096,40,0.25,Bot2,1,18,button,14808246508294625274,18,29
1096,40,0.25,Bot3,1,18,button,14808246508294625274,18,29
1096,40,0.25,Bot4,1,18,button,14808246508294625274,18,29
1097,40,0.25,Bot1,0,40,walked_into_fire,9901281038374277190,65,25
1097,40,0.25,Bot2,0,80,caught_by_fire,9901281038374277190,65,25
1097,40,0.25,Bot3,0,80,caught_by_fire,9901281038374277190,65,25
1097,40,0.25,Bot4,0,55,caught_by_fire,9901281038374277190,65,25
1098,40,0.25,Bot1,1,29,button,5745446517387064100,29,44
1098,40,0.25,Bot2,1,29,button,5745446517387064100,29,44
1098,40,0.25,Bot3,1,29,button,5745446517387064100,29,44
1098,40,0.25,Bot4,1,29,button,5745446517387064100,29,44
1099,40,0.25,Bot1,1,29,button,7381993510023113307,29,31
1099,40,0.25,Bot2,1,29,button,7381993510023113307,29,31
1099,40,0.25,Bot3,1,29,button,7381993510023113307,29,31
1099,40,0.25,Bot4,1,29,button,7381993510023113307,29,31
1100,40,0.25,Bot1,1,24,button,10936724020091479453,24,14
1100,40,0.25,Bot2,1,24,button,10936724020091479453,24,14
1100,40,0.25,Bot3,1,24,button,10936724020091479453,24,14
1100,40,0.25,Bot4,1,24,button,10936724020091479453,24,14
1101,40,0.25,Bot1,1,13,button,4208165130969589504,13,48
1101,40,0.25,Bot2,1,13,button,4208165130969589504,13,48
1101,40,0.25,Bot3,1,13,button,4208165130969589504,13,48
1101,40,0.25,Bot4,1,13,button,4208165130969589504,13,48
1102,40,0.25,Bot1,1,31,button,3511807481805775337,31,27
1102,40,0.25,Bot2,1,31,button,3511807481805775337,31,27
1102,40,0.25,Bot3,1,31,button,3511807481805775337,31,27
1102,40,0.25,Bot4,1,31,button,3511807481805775337,31,27
1103,40,0.25,Bot1,1,47,button,4679530879880489334,47,46
1103,40,0.25,Bot2,1,47,button,4679530879880489334,47,46
1103,40,0.25,Bot3,1,47,button,4679530879880489334,47,46
1103,40,0.25,Bot4,1,47,button,4679530879880489334,47,46
1104,40,0.25,Bot1,0,28,walked_into_fire,12148940872179983533,31,10
1104,40,0.25,Bot2,0,43,caught_by_fire,12148940872179983533,31,10
1104,40,0.25,Bot3,0,43,caught_by_fire,12148940872179983533,31,10
1104,40,0.25,Bot4,0,46,caught_by_fire,12148940872179983533,31,10
1105,40,0.25,Bot1,1,22,button,2500176910239301583,22,51
1105,40,0.25,Bot2,1,22,button,2500176910239301583,22,51
1105,40,0.25,Bot3,1,22,button,2500176910239301583,22,51
1105,40,0.25,Bot4,1,22,button,2500176910239301583,22,51
1106,40,0.25,Bot1,1,24,button,11368658537061380180,24,14
1106,40,0.25,Bot2,1,24,button,11368658537061380180,24,14
1106,40,0.25,Bot3,1,24,button,11368658537061380180,24,14
1106,40,0.25,Bot4,1,24,button,11368658537061380180,24,14
1107,40,0.25,Bot1,1,41,button,875961930017690669,41,41
1107,40,0.25,Bot2,1,41,button,875961930017690669,41,41
1107,40,0.25,Bot3,1,41,button,875961930017690669,41,41
1107,40,0.25,Bot4,1,41,button,875961930017690669,41,41
1108,40,0.25,Bot1,1,59,button,5943943693618600427,59,47
1108,40,0.25,Bot2,1,59,button,5943943693618600427,59,47
1108,40,0.25,Bot3,1,59,button,5943943693618600427,59,47
1108,40,0.25,Bot4,1,59,button,5943943693618600427,59,47
1109,40,0.25,Bot1,1,3,button,5324826382781259700,3,22
1109,40,0.25,Bot2,1,3,button,5324826382781259700,3,22
1109,40,0.25,Bot3,1,3,button,5324826382781259700,3,22
1109,40,0.25,Bot4,1,3,button,5324826382781259700,3,22
1110,40,0.25,Bot1,1,45,button,15255977877589484788,45,17
1110,40,0.25,Bot2,1,45,button,15255977877589484788,45,17
1110,40,0.25,Bot3,1,45,button,15255977877589484788,45,17
1110,40,0.25,Bot4,1,45,button,15255977877589484788,45,17
1111,40,0.25,Bot1,1,42,button,400837875552650655,42,27
1111,40,0.25,Bot2,1,42,button,400837875552650655,42,27
1111,40,0.25,Bot3,1,42,button,400837875552650655,42,27
1111,40,0.25,Bot4,1,42,button,400837875552650655,42,27
1112,40,0.25,Bot1,1,20,button,2555704363138920699,20,33
1112,40,0.25,Bot2,1,20,button,2555704363138920699,20,33
1112,40,0.25,Bot3,1,20,button,2555704363138920699,20,33
1112,40,0.25,Bot4,1,20,button,2555704363138920699,20,33
1113,40,0.25,Bot1,0,36,walked_into_fire,12227532973443487013,62,30
1113,40,0.25,Bot2,1,66,button,12227532973443487013,62,30
1113,40,0.25,Bot3,1,66,button,12227532973443487013,62,30
1113,40,0.25,Bot4,1,66,button,12227532973443487013,62,30
1114,40,0.25,Bot1,1,27,button,4609798677884805875,27,48
1114,40,0.25,Bot2,1,27,button,4609798677884805875,27,48
1114,40,0.25,Bot3,1,27,button,4609798677884805875,27,48
1114,40,0.25,Bot4,1,27,button,4609798677884805875,27,48
1115,40,0.25,Bot1,1,50,button,1637060044509528417,50,50
1115,40,0.25,Bot2,1,50,button,1637060044509528417,50,50
1115,40,0.25,Bot3,1,50,button,1637060044509528417,50,50
1115,40,0.25,Bot4,1,50,button,1637060044509528417,50,50
1116,40,0.25,Bot1,1,38,button,13764625845323224502,38,57
1116,40,0.25,Bot2,1,38,button,13764625845323224502,38,57
1116,40,0.25,Bot3,1,38,button,13764625845323224502,38,57
1116,40,0.25,Bot4,1,38,button,13764625845323224502,38,57
1117,40,0.25,Bot1,1,19,button,2428669888880813950,19,31
1117,40,0.25,Bot2,1,19,button,2428669888880813950,19,31
1117,40,0.25,Bot3,1,19,button,2428669888880813950,19,31
1117,40,0.25,Bot4,1,19,button,2428669888880813950,19,31
1118,40,0.25,Bot1,1,38,button,5799625855071903580,38,23
1118,40,0.25,Bot2,1,38,button,5799625855071903580,38,23
1118,40,0.25,Bot3,1,38,button,5799625855071903580,38,23
1118,40,0.25,Bot4,1,38,button,5799625855071903580,38,23
1119,40,0.25,Bot1,1,37,button,10620399636742400003,37,50
1119,40,0.25,Bot2,1,37,button,10620399636742400003,37,50
1119,40,0.25,Bot3,1,37,button,10620399636742400003,37,50
1119,40,0.25,Bot4,1,37,button,10620399636742400003,37,50
1120,40,0.25,Bot1,1,30,button,9056533767661302031,30,42
1120,40,0.25,Bot2,1,30,button,9056533767661302031,30,42
1120,40,0.25,Bot3,1,30,button,9056533767661302031,30,42
1120,40,0.25,Bot4,1,30,button,9056533767661302031,30,42
1121,40,0.25,Bot1,1,36,button,2223201135445816395,36,65
1121,40,0.25,Bot2,1,36,button,2223201135445816395,36,65
1121,40,0.25,Bot3,1,36,button,2223201135445816395,36,65
1121,40,0.25,Bot4,1,36,button,2223201135445816395,36,65
1122,40,0.25,Bot1,1,45,button,9972402253836015419,45,33
1122,40,0.25,Bot2,1,45,button,9972402253836015419,45,33
1122,40,0.25,Bot3,1,45,button,9972402253836015419,45,33
1122,40,0.25,Bot4,1,45,button,9972402253836015419,45,33
1123,40,0.25,Bot1,1,69,button,12673702696163977582,69,62
1123,40,0.25,Bot2,1,69,button,12673702696163977582,69,62
1123,40,0.25,Bot3,1,69,button,12673702696163977582,69,62
1123,40,0.25,Bot4,1,69,button,12673702696163977582,69,62
1124,40,0.25,Bot1,1,21,button,17788670284457497925,21,30
1124,40,0.25,Bot2,1,21,button,17788670284457497925,21,30
1124,40,0.25,Bot3,1,21,button,17788670284457497925,21,30
1124,40,0.25,Bot4,1,21,button,17788670284457497925,21,30
1125,40,0.25,Bot1,1,30,button,875832918962672807,30,38
1125,40,0.25,Bot2,1,30,button,875832918962672807,30,38
1125,40,0.25,Bot3,1,30,button,875832918962672807,30,38
1125,40,0.25,Bot4,1,30,button,875832918962672807,30,38
1126,40,0.25,Bot1,1,19,button,15633061417941738318,19,60
1126,40,0.25,Bot2,1,19,button,15633061417941738318,19,60
1126,40,0.25,Bot3,1,19,button,15633061417941738318,19,60
1126,40,0.25,Bot4,1,19,button,15633061417941738318,19,60
1127,40,0.25,Bot1,1,32,button,15274693093569915556,32,22
1127,40,0.25,Bot2,1,32,button,15274693093569915556,32,22
1127,40,0.25,Bot3,1,32,button,15274693093569915556,32,22
1127,40,0.25,Bot4,1,32,button,15274693093569915556,32,22
1128,40,0.25,Bot1,1,21,button,8145488552438963927,21,27
1128,40,0.25,Bot2,1,21,button,8145488552438963927,21,27
1128,40,0.25,Bot3,1,21,button,8145488552438963927,21,27
1128,40,0.25,Bot4,1,21,button,8145488552438963927,21,27
1129,40,0.25,Bot1,1,17,button,14586551262982054547,17,25
1129,40,0.25,Bot2,1,17,button,14586551262982054547,17,25
1129,40,0.25,Bot3,1,17,button,14586551262982054547,17,25
1129,40,0.25,Bot4,1,17,button,14586551262982054547,17,25
1130,40,0.25,Bot1,1,31,button,9504425519574117208,31,32
1130,40,0.25,Bot2,1,31,button,9504425519574117208,31,32
1130,40,0.25,Bot3,1,31,button,9504425519574117208,31,32
1130,40,0.25,Bot4,1,31,button,9504425519574117208,31,32
1131,40,0.25,Bot1,1,47,button,1766965086786568210,47,40
1131,40,0.25,Bot2,1,47,button,1766965086786568210,47,40
1131,40,0.25,Bot3,1,47,button,1766965086786568210,47,40
1131,40,0.25,Bot4,1,47,button,1766965086786568210,47,40
1132,40,0.25,Bot1,1,35,button,15641832148675033304,35,32
1132,40,0.25,Bot2,1,35,button,15641832148675033304,35,32
1132,40,0.25,Bot3,1,35,button,15641832148675033304,35,32
1132,40,0.25,Bot4,1,35,button,15641832148675033304,35,32
1133,40,0.25,Bot1,1,11,button,14282837044686332281,11,29
1133,40,0.25,Bot2,1,11,button,14282837044686332281,11,29
1133,40,0.25,Bot3,1,11,button,14282837044686332281,11,29
1133,40,0.25,Bot4,1,11,button,14282837044686332281,11,29
1134,40,0.25,Bot1,1,57,button,17643630826599960368,57,26
1134,40,0.25,Bot2,1,57,button,17643630826599960368,57,26
1134,40,0.25,Bot3,1,57,button,17643630826599960368,57,26
1134,40,0.25,Bot4,1,57,button,17643630826599960368,57,26
1135,40,0.25,Bot1,1,35,button,1924069907567120016,35,40
1135,40,0.25,Bot2,1,35,button,1924069907567120016,35,40
1135,40,0.25,Bot3,1,35,button,1924069907567120016,35,40
1135,40,0.25,Bot4,1,35,button,1924069907567120016,35,40
1136,40,0.25,Bot1,1,46,button,1335490001153440466,46,53
1136,40,0.25,Bot2,1,46,button,1335490001153440466,46,53
1136,40,0.25,Bot3,1,46,button,1335490001153440466,46,53
1136,40,0.25,Bot4,1,46,button,1335490001153440466,46,53
1137,40,0.25,Bot1,1,34,button,8340688325804391432,34,52
1137,40,0.25,Bot2,1,34,button,8340688325804391432,34,52
1137,40,0.25,Bot3,1,34,button,8340688325804391432,34,52
1137,40,0.25,Bot4,1,34,button,8340688325804391432,34,52
1138,40,0.25,Bot1,1,56,button,2937951655344745823,56,58
1138,40,0.25,Bot2,1,56,button,2937951655344745823,56,58
1138,40,0.25,Bot3,1,56,button,2937951655344745823,56,58
1138,40,0.25,Bot4,1,56,button,2937951655344745823,56,58
1139,40,0.25,Bot1,0,9,walked_into_fire,9031724742901152381,30,22
1139,40,0.25,Bot2,1,50,button,9031724742901152381,30,22
1139,40,0.25,Bot3,1,32,button,9031724742901152381,30,22
1139,40,0.25,Bot4,1,32,button,9031724742901152381,30,22
1140,40,0.25,Bot1,1,12,button,7856847196301898710,12,12
1140,40,0.25,Bot2,1,12,button,7856847196301898710,12,12
1140,40,0.25,Bot3,1,12,button,7856847196301898710,12,12
1140,40,0.25,Bot4,1,12,button,7856847196301898710,12,12
1141,40,0.25,Bot1,1,24,button,7731825643193563139,24,39
1141,40,0.25,Bot2,1,24,button,7731825643193563139,24,39
1141,40,0.25,Bot3,1,24,button,7731825643193563139,24,39
1141,40,0.25,Bot4,1,24,button,7731825643193563139,24,39
1142,40,0.25,Bot1,1,12,button,15654263112754936574,12,29
1142,40,0.25,Bot2,1,12,button,15654263112754936574,12,29
1142,40,0.25,Bot3,1,12,button,15654263112754936574,12,29
1142,40,0.25,Bot4,1,12,button,15654263112754936574,12,29
1143,40,0.25,Bot1,1,39,button,14502324498237779216,39,46
1143,40,0.25,Bot2,1,39,button,14502324498237779216,39,46
1143,40,0.25,Bot3,1,39,button,14502324498237779216,39,46
1143,40,0.25,Bot4,1,39,button,14502324498237779216,39,46
1144,40,0.25,Bot1,0,46,walked_into_fire,7650196619793611541,65,21
1144,40,0.25,Bot2,0,50,caught_by_fire,7650196619793611541,65,21
1144,40,0.25,Bot3,0,50,caught_by_fire,7650196619793611541,65,21
1144,40,0.25,Bot4,1,65,button,7650196619793611541,65,21
1145,40,0.25,Bot1,1,33,button,9991941226368458495,33,16
1145,40,0.25,Bot2,1,33,button,9991941226368458495,33,16
1145,40,0.25,Bot3,1,33,button,9991941226368458495,33,16
1145,40,0.25,Bot4,1,33,button,9991941226368458495,33,16
1146,40,0.25,Bot1,1,37,button,3643251290636014824,37,30
1146,40,0.25,Bot2,1,37,button,3643251290636014824,37,30
1146,40,0.25,Bot3,1,37,button,3643251290636014824,37,30
1146,40,0.25,Bot4,1,37,button,3643251290636014824,37,30
1147,40,0.25,Bot1,1,32,button,13257455788177912565,32,31
1147,40,0.25,Bot2,1,32,button,13257455788177912565,32,31
1147,40,0.25,Bot3,1,32,button,13257455788177912565,32,31
1147,40,0.25,Bot4,1,32,button,13257455788177912565,32,31
1148,40,0.25,Bot1,1,18,button,17256117718101434924,18,11
1148,40,0.25,Bot2,1,18,button,17256117718101434924,18,11
1148,40,0.25,Bot3,1,18,button,17256117718101434924,18,11
1148,40,0.25,Bot4,1,18,button,17256117718101434924,18,11
1149,40,0.25,Bot1,1,14,button,6666616451321570532,14,43
1149,40,0.25,Bot2,1,14,button,6666616451321570532,14,43
1149,40,0.25,Bot3,1,14,button,6666616451321570532,14,43
1149,40,0.25,Bot4,1,14,button,6666616451321570532,14,43
1150,40,0.25,Bot1,1,53,button,9160389627217218376,53,32
1150,40,0.25,Bot2,1,53,button,9160389627217218376,53,32
1150,40,0.25,Bot3,1,53,button,9160389627217218376,53,32
1150,40,0.25,Bot4,1,53,button,9160389627217218376,53,32
1151,40,0.25,Bot1,1,23,button,11073006492408304224,23,23
1151,40,0.25,Bot2,1,23,button,11073006492408304224,23,23
1151,40,0.25,Bot3,1,23,button,11073006492408304224,23,23
1151,40,0.25,Bot4,1,23,button,11073006492408304224,23,23
1152,40,0.25,Bot1,1,25,button,7196631929772501081,25,22
1152,40,0.25,Bot2,1,25,button,7196631929772501081,25,22
1152,40,0.25,Bot3,1,25,button,7196631929772501081,25,22
1152,40,0.25,Bot4,1,25,button,7196631929772501081,25,22
1153,40,0.25,Bot1,0,43,walked_into_fire,14942651014573898659,66,24
1153,40,0.25,Bot2,0,66,caught_by_fire,14942651014573898659,66,24
1153,40,0.25,Bot3,0,72,caught_by_fire,14942651014573898659,66,24
1153,40,0.25,Bot4,0,66,caught_by_fire,14942651014573898659,66,24
1154,40,0.25,Bot1,1,75,button,2384425353581840003,75,43
1154,40,0.25,Bot2,1,75,button,2384425353581840003,75,43
1154,40,0.25,Bot3,1,75,button,2384425353581840003,75,43
1154,40,0.25,Bot4,1,75,button,2384425353581840003,75,43
1155,40,0.25,Bot1,1,13,button,13760075631472677014,13,31
1155,40,0.25,Bot2,1,13,button,13760075631472677014,13,31
1155,40,0.25,Bot3,1,13,button,13760075631472677014,13,31
1155,40,0.25,Bot4,1,13,button,13760075631472677014,13,31
1156,40,0.25,Bot1,0,35,walked_into_fire,17376099224120546766,51,13
1156,40,0.25,Bot2,0,47,caught_by_fire,17376099224120546766,51,13
1156,40,0.25,Bot3,0,47,caught_by_fire,17376099224120546766,51,13
1156,40,0.25,Bot4,0,40,caught_by_fire,17376099224120546766,51,13
1157,40,0.25,Bot1,0,34,walked_into_fire,936851164739695034,65,18
1157,40,0.25,Bot2,0,58,caught_by_fire,936851164739695034,65,18
1157,40,0.25,Bot3,0,62,caught_by_fire,936851164739695034,65,18
1157,40,0.25,Bot4,0,58,caught_by_fire,936851164739695034,65,18
1158,40,0.25,Bot1,0,37,walked_into_fire,3044879739720534783,57,11
1158,40,0.25,Bot2,0,96,caught_by_fire,3044879739720534783,57,11
1158,40,0.25,Bot3,0,102,caught_by_fire,3044879739720534783,57,11
1158,40,0.25,Bot4,0,96,caught_by_fire,3044879739720534783,57,11
1159,40,0.25,Bot1,0,31,caught_by_fire,9015239179016254946,43,20
1159,40,0.25,Bot2,0,31,caught_by_fire,9015239179016254946,43,20
1159,40,0.25,Bot3,1,73,button,9015239179016254946,43,20
1159,40,0.25,Bot4,0,31,caught_by_fire,9015239179016254946,43,20
1160,40,0.25,Bot1,1,28,button,10232044233293274487,28,36
1160,40,0.25,Bot2,1,28,button,10232044233293274487,28,36
1160,40,0.25,Bot3,1,28,button,10232044233293274487,28,36
1160,40,0.25,Bot4,1,28,button,10232044233293274487,28,36
1161,40,0.25,Bot1,1,31,button,17625585184725440061,31,56
1161,40,0.25,Bot2,1,31,button,17625585184725440061,31,56
1161,40,0.25,Bot3,1,31,button,17625585184725440061,31,56
1161,40,0.25,Bot4,1,31,button,17625585184725440061,31,56
1162,40,0.25,Bot1,1,59,button,2221507247230881021,59,43
1162,40,0.25,Bot2,1,59,button,2221507247230881021,59,43
1162,40,0.25,Bot3,1,59,button,2221507247230881021,59,43
1162,40,0.25,Bot4,1,59,button,2221507247230881021,59,43
1163,40,0.25,Bot1,0,40,walked_into_fire,838787923813185173,48,10
1163,40,0.25,Bot2,0,62,caught_by_fire,838787923813185173,48,10
1163,40,0.25,Bot3,0,83,caught_by_fire,838787923813185173,48,10
1163,40,0.25,Bot4,0,72,caught_by_fire,838787923813185173,48,10
1164,40,0.25,Bot1,1,51,button,5911213972610988597,51,71
1164,40,0.25,Bot2,1,51,button,5911213972610988597,51,71
1164,40,0.25,Bot3,1,51,button,5911213972610988597,51,71
1164,40,0.25,Bot4,1,51,button,5911213972610988597,51,71
1165,40,0.25,Bot1,1,35,button,2104019381693554435,35,35
1165,40,0.25,Bot2,1,35,button,2104019381693554435,35,35
1165,40,0.25,Bot3,1,35,button,2104019381693554435,35,35
1165,40,0.25,Bot4,1,35,button,2104019381693554435,35,35
1166,40,0.25,Bot1,0,16,walked_into_fire,13067803688129921529,53,39
1166,40,0.25,Bot2,1,63,button,13067803688129921529,53,39
1166,40,0.25,Bot3,1,53,button,13067803688129921529,53,39
1166,40,0.25,Bot4,1,53,button,13067803688129921529,53,39
1167,40,0.25,Bot1,1,11,button,17379339147635150178,11,11
1167,40,0.25,Bot2,1,11,button,17379339147635150178,11,11
1167,40,0.25,Bot3,1,11,button,17379339147635150178,11,11
1167,40,0.25,Bot4,1,11,button,17379339147635150178,11,11
1168,40,0.25,Bot1,1,43,button,4162778463109022298,43,39
1168,40,0.25,Bot2,1,43,button,4162778463109022298,43,39
1168,40,0.25,Bot3,1,43,button,4162778463109022298,43,39
1168,40,0.25,Bot4,1,43,button,4162778463109022298,43,39
1169,40,0.25,Bot1,1,37,button,13570298348241656798,37,29
1169,40,0.25,Bot2,1,37,button,13570298348241656798,37,29
1169,40,0.25,Bot3,1,37,button,13570298348241656798,37,29
1169,40,0.25,Bot4,1,37,button,13570298348241656798,37,29
1170,40,0.25,Bot1,1,47,button,9079477466197848629,47,39
1170,40,0.25,Bot2,1,47,button,9079477466197848629,47,39
1170,40,0.25,Bot3,1,47,button,9079477466197848629,47,39
1170,40,0.25,Bot4,1,47,button,9079477466197848629,47,39
1171,40,0.25,Bot1,1,33,button,14196350313676332180,33,33
1171,40,0.25,Bot2,1,33,button,14196350313676332180,33,33
1171,40,0.25,Bot3,1,33,button,14196350313676332180,33,33
1171,40,0.25,Bot4,1,33,button,14196350313676332180,33,33
1172,40,0.25,Bot1,1,39,button,4410668160437300839,39,45
1172,40,0.25,Bot2,1,39,button,4410668160437300839,39,45
1172,40,0.25,Bot3,1,39,button,4410668160437300839,39,45
1172,40,0.25,Bot4,1,39,button,4410668160437300839,39,45
1173,40,0.25,Bot1,1,10,button,17077761478018466280,10,40
1173,40,0.25,Bot2,1,10,button,17077761478018466280,10,40
1173,40,0.25,Bot3,1,10,button,17077761478018466280,10,40
1173,40,0.25,Bot4,1,10,button,17077761478018466280,10,40
1174,40,0.25,Bot1,1,17,button,3993372113254837847,17,24
1174,40,0.25,Bot2,1,17,button,3993372113254837847,17,24
1174,40,0.25,Bot3,1,17,button,3993372113254837847,17,24
1174,40,0.25,Bot4,1,17,button,3993372113254837847,17,24
1175,40,0.25,Bot1,1,49,button,8043491240838025624,49,23
1175,40,0.25,Bot2,1,49,button,8043491240838025624,49,23
1175,40,0.25,Bot3,1,49,button,8043491240838025624,49,23
1175,40,0.25,Bot4,1,49,button,8043491240838025624,49,23
1176,40,0.25,Bot1,1,20,button,2028672147410987678,20,23
1176,40,0.25,Bot2,1,20,button,2028672147410987678,20,23
1176,40,0.25,Bot3,1,20,button,2028672147410987678,20,23
1176,40,0.25,Bot4,1,20,button,2028672147410987678,20,23
1177,40,0.25,Bot1,1,30,button,15249749293738034906,30,48
1177,40,0.25,Bot2,1,30,button,15249749293738034906,30,48
1177,40,0.25,Bot3,1,30,button,15249749293738034906,30,48
1177,40,0.25,Bot4,1,30,button,15249749293738034906,30,48
1178,40,0.25,Bot1,1,14,button,491963217787890512,14,40
1178,40,0.25,Bot2,1,14,button,491963217787890512,14,40
1178,40,0.25,Bot3,1,14,button,491963217787890512,14,40
1178,40,0.25,Bot4,1,14,button,491963217787890512,14,40
1179,40,0.25,Bot1,1,22,button,1943072566026834031,22,8
1179,40,0.25,Bot2,0,29,caught_by_fire,1943072566026834031,22,8
1179,40,0.25,Bot3,0,29,caught_by_fire,1943072566026834031,22,8
1179,40,0.25,Bot4,1,22,button,1943072566026834031,22,8
1180,40,0.25,Bot1,0,18,walked_into_fire,16530105027446778180,41,24
1180,40,0.25,Bot2,1,59,button,16530105027446778180,41,24
1180,40,0.25,Bot3,1,57,button,16530105027446778180,41,24
1180,40,0.25,Bot4,0,54,caught_by_fire,16530105027446778180,41,24
1181,40,0.25,Bot1,0,11,walked_into_fire,1389640770996300607,14,1
1181,40,0.25,Bot2,0,48,caught_by_fire,1389640770996300607,14,1
1181,40,0.25,Bot3,0,48,caught_by_fire,1389640770996300607,14,1
1181,40,0.25,Bot4,0,22,caught_by_fire,1389640770996300607,14,1
1182,40,0.25,Bot1,1,34,button,2164288744841387795,34,37
1182,40,0.25,Bot2,1,34,button,2164288744841387795,34,37
1182,40,0.25,Bot3,1,34,button,2164288744841387795,34,37
1182,40,0.25,Bot4,1,34,button,2164288744841387795,34,37
1183,40,0.25,Bot1,1,31,button,17812063478907829846,31,36
1183,40,0.25,Bot2,1,31,button,17812063478907829846,31,36
1183,40,0.25,Bot3,1,31,button,17812063478907829846,31,36
1183,40,0.25,Bot4,1,31,button,17812063478907829846,31,36
1184,40,0.25,Bot1,1,17,button,7542409095718737490,17,39
1184,40,0.25,Bot2,1,17,button,7542409095718737490,17,39
1184,40,0.25,Bot3,1,17,button,7542409095718737490,17,39
1184,40,0.25,Bot4,1,17,button,7542409095718737490,17,39
1185,40,0.25,Bot1,1,17,button,7155912003003253324,17,54
1185,40,0.25,Bot2,1,17,button,7155912003003253324,17,54
1185,40,0.25,Bot3,1,17,button,7155912003003253324,17,54
1185,40,0.25,Bot4,1,17,button,7155912003003253324,17,54
1186,40,0.25,Bot1,1,28,button,11459388110770005371,28,40
1186,40,0.25,Bot2,1,28,button,11459388110770005371,28,40
1186,40,0.25,Bot3,1,28,button,11459388110770005371,28,40
1186,40,0.25,Bot4,1,28,button,11459388110770005371,28,40
1187,40,0.25,Bot1,1,8,button,5712778662614008407,8,49
1187,40,0.25,Bot2,1,8,button,5712778662614008407,8,49
1187,40,0.25,Bot3,1,8,button,5712778662614008407,8,49
1187,40,0.25,Bot4,1,8,button,5712778662614008407,8,49
1188,40,0.25,Bot1,1,35,button,4452606927416803469,35,71
1188,40,0.25,Bot2,1,35,button,4452606927416803469,35,71
1188,40,0.25,Bot3,1,35,button,4452606927416803469,35,71
1188,40,0.25,Bot4,1,35,button,4452606927416803469,35,71
1189,40,0.25,Bot1,1,15,button,5538152416817091808,15,18
1189,40,0.25,Bot2,1,15,button,5538152416817091808,15,18
1189,40,0.25,Bot3,1,15,button,5538152416817091808,15,18
1189,40,0.25,Bot4,1,15,button,5538152416817091808,15,18
1190,40,0.25,Bot1,1,18,button,11516843114525345576,18,41
1190,40,0.25,Bot2,1,18,button,11516843114525345576,18,41
1190,40,0.25,Bot3,1,18,button,11516843114525345576,18,41
1190,40,0.25,Bot4,1,18,button,11516843114525345576,18,41
1191,40,0.25,Bot1,1,56,button,3020480586470156359,56,25
1191,40,0.25,Bot2,1,56,button,3020480586470156359,56,25
1191,40,0.25,Bot3,1,56,button,3020480586470156359,56,25
1191,40,0.25,Bot4,1,56,button,3020480586470156359,56,25
1192,40,0.25,Bot1,1,35,button,15203719006806881296,35,66
1192,40,0.25,Bot2,1,35,button,15203719006806881296,35,66
1192,40,0.25,Bot3,1,35,button,15203719006806881296,35,66
1192,40,0.25,Bot4,1,35,button,15203719006806881296,35,66
1193,40,0.25,Bot1,1,18,button,14956699381823563014,18,27
1193,40,0.25,Bot2,1,18,button,14956699381823563014,18,27
1193,40,0.25,Bot3,1,18,button,14956699381823563014,18,27
1193,40,0.25,Bot4,1,18,button,14956699381823563014,18,27
1194,40,0.25,Bot1,1,33,button,16310436475566483239,33,29
1194,40,0.25,Bot2,1,33,button,16310436475566483239,33,29
1194,40,0.25,Bot3,1,33,button,16310436475566483239,33,29
1194,40,0.25,Bot4,1,33,button,16310436475566483239,33,29
1195,40,0.25,Bot1,0,25,walked_into_fire,11120695599806041640,33,14
1195,40,0.25,Bot2,0,33,caught_by_fire,11120695599806041640,33,14
1195,40,0.25,Bot3,0,33,caught_by_fire,11120695599806041640,33,14
1195,40,0.25,Bot4,0,33,caught_by_fire,11120695599806041640,33,14
1196,40,0.25,Bot1,0,30,walked_into_fire,3424952870419670672,45,24
1196,40,0.25,Bot2,1,55,button,3424952870419670672,45,24
1196,40,0.25,Bot3,1,47,button,3424952870419670672,45,24
1196,40,0.25,Bot4,1,55,button,3424952870419670672,45,24
1197,40,0.25,Bot1,1,35,button,3063877535538607741,35,14
1197,40,0.25,Bot2,1,35,button,3063877535538607741,35,14
1197,40,0.25,Bot3,1,35,button,3063877535538607741,35,14
1197,40,0.25,Bot4,1,35,button,3063877535538607741,35,14
1198,40,0.25,Bot1,1,35,button,12853485131901547557,35,52
1198,40,0.25,Bot2,1,35,button,12853485131901547557,35,52
1198,40,0.25,Bot3,1,35,button,12853485131901547557,35,52
1198,40,0.25,Bot4,1,35,button,12853485131901547557,35,52
1199,40,0.25,Bot1,1,35,button,4224421238236679139,35,32
1199,40,0.25,Bot2,1,35,button,4224421238236679139,35,32
1199,40,0.25,Bot3,1,35,button,4224421238236679139,35,32
1199,40,0.25,Bot4,1,35,button,4224421238236679139,35,32
1200,40,0.30,Bot1,1,15,button,17722270470499359449,15,25
1200,40,0.30,Bot2,1,15,button,17722270470499359449,15,25
1200,40,0.30,Bot3,1,15,button,17722270470499359449,15,25
1200,40,0.30,Bot4,1,15,button,17722270470499359449,15,25
1201,40,0.30,Bot1,1,19,button,4292584111231352129,19,39
1201,40,0.30,Bot2,1,19,button,4292584111231352129,19,39
1201,40,0.30,Bot3,1,19,button,4292584111231352129,19,39
1201,40,0.30,Bot4,1,19,button,4292584111231352129,19,39
1202,40,0.30,Bot1,1,27,button,61965578610024302,27,41
1202,40,0.30,Bot2,1,27,button,61965578610024302,27,41
1202,40,0.30,Bot3,1,27,button,61965578610024302,27,41
1202,40,0.30,Bot4,1,27,button,61965578610024302,27,41
1203,40,0.30,Bot1,1,13,button,2247853025974867555,13,49
1203,40,0.30,Bot2,1,13,button,2247853025974867555,13,49
1203,40,0.30,Bot3,1,13,button,2247853025974867555,13,49
1203,40,0.30,Bot4,1,13,button,2247853025974867555,13,49
1204,40,0.30,Bot1,1,24,button,12111407674328991821,24,25
1204,40,0.30,Bot2,1,24,button,12111407674328991821,24,25
1204,40,0.30,Bot3,1,24,button,12111407674328991821,24,25
1204,40,0.30,Bot4,1,24,button,12111407674328991821,24,25
1205,40,0.30,Bot1,1,3,button,10237513619526186296,3,28
1205,40,0.30,Bot2,1,3,button,10237513619526186296,3,28
1205,40,0.30,Bot3,1,3,button,10237513619526186296,3,28
1205,40,0.30,Bot4,1,3,button,10237513619526186296,3,28
1206,40,0.30,Bot1,1,35,button,14537137698198723900,35,51
1206,40,0.30,Bot2,1,35,button,14537137698198723900,35,51
1206,40,0.30,Bot3,1,35,button,14537137698198723900,35,51
1206,40,0.30,Bot4,1,35,button,14537137698198723900,35,51
1207,40,0.30,Bot1,0,33,walked_into_fire,9962738895393154617,62,25
1207,40,0.30,Bot2,0,48,caught_by_fire,9962738895393154617,62,25
1207,40,0.30,Bot3,0,91,caught_by_fire,9962738895393154617,62,25
1207,40,0.30,Bot4,0,48,caught_by_fire,9962738895393154617,62,25
1208,40,0.30,Bot1,1,19,button,5935612433661226219,19,39
1208,40,0.30,Bot2,1,19,button,5935612433661226219,19,39
1208,40,0.30,Bot3,1,19,button,5935612433661226219,19,39
1208,40,0.30,Bot4,1,19,button,5935612433661226219,19,39
1209,40,0.30,Bot1,1,51,button,3417181433867892347,51,24
1209,40,0.30,Bot2,1,51,button,3417181433867892347,51,24
1209,40,0.30,Bot3,1,51,button,3417181433867892347,51,24
1209,40,0.30,Bot4,1,51,button,3417181433867892347,51,24
1210,40,0.30,Bot1,1,17,button,14202977360346048904,17,47
1210,40,0.30,Bot2,1,17,button,14202977360346048904,17,47
1210,40,0.30,Bot3,1,17,button,14202977360346048904,17,47
1210,40,0.30,Bot4,1,17,button,14202977360346048904,17,47
1211,40,0.30,Bot1,1,33,button,17042570666349554717,33,39
1211,40,0.30,Bot2,1,33,button,17042570666349554717,33,39
1211,40,0.30,Bot3,1,33,button,17042570666349554717,33,39
1211,40,0.30,Bot4,1,33,button,17042570666349554717,33,39
1212,40,0.30,Bot1,1,23,button,1308845940545716838,23,43
1212,40,0.30,Bot2,1,23,button,1308845940545716838,23,43
1212,40,0.30,Bot3,1,23,button,1308845940545716838,23,43
1212,40,0.30,Bot4,1,23,button,1308845940545716838,23,43
1213,40,0.30,Bot1,1,50,button,7789255392351686557,50,41
1213,40,0.30,Bot2,1,50,button,7789255392351686557,50,41
1213,40,0.30,Bot3,1,50,button,7789255392351686557,50,41
1213,40,0.30,Bot4,1,50,button,7789255392351686557,50,41
1214,40,0.30,Bot1,1,38,button,12094457532500955531,38,55
1214,40,0.30,Bot2,1,38,button,12094457532500955531,38,55
1214,40,0.30,Bot3,1,38,button,12094457532500955531,38,55
1214,40,0.30,Bot4,1,38,button,12094457532500955531,38,55
1215,40,0.30,Bot1,1,11,button,6860367706617847201,11,17
1215,40,0.30,Bot2,1,11,button,6860367706617847201,11,17
1215,40,0.30,Bot3,1,11,button,6860367706617847201,11,17
1215,40,0.30,Bot4,1,11,button,6860367706617847201,11,17
1216,40,0.30,Bot1,1,22,button,3289781056637361359,22,36
1216,40,0.30,Bot2,1,22,button,3289781056637361359,22,36
1216,40,0.30,Bot3,1,22,button,3289781056637361359,22,36
1216,40,0.30,Bot4,1,22,button,3289781056637361359,22,36
1217,40,0.30,Bot1,1,59,button,12061381568408183336,59,52
1217,40,0.30,Bot2,1,59,button,12061381568408183336,59,52
1217,40,0.30,Bot3,1,59,button,12061381568408183336,59,52
1217,40,0.30,Bot4,1,59,button,12061381568408183336,59,52
1218,40,0.30,Bot1,0,47,walked_into_fire,17498676246320203159,44,24
1218,40,0.30,Bot2,0,62,caught_by_fire,17498676246320203159,44,24
1218,40,0.30,Bot3,0,62,caught_by_fire,17498676246320203159,44,24
1218,40,0.30,Bot4,0,62,caught_by_fire,17498676246320203159,44,24
1219,40,0.30,Bot1,1,21,button,16602451261677360261,21,48
1219,40,0.30,Bot2,1,21,button,16602451261677360261,21,48
1219,40,0.30,Bot3,1,21,button,16602451261677360261,21,48
1219,40,0.30,Bot4,1,21,button,16602451261677360261,21,48
1220,40,0.30,Bot1,1,22,button,16330923897483461683,22,28
1220,40,0.30,Bot2,1,22,button,16330923897483461683,22,28
1220,40,0.30,Bot3,1,22,button,16330923897483461683,22,28
1220,40,0.30,Bot4,1,22,button,16330923897483461683,22,28
1221,40,0.30,Bot1,1,38,button,9421088558502689848,38,34
1221,40,0.30,Bot2,1,38,button,9421088558502689848,38,34
1221,40,0.30,Bot3,1,38,button,9421088558502689848,38,34
1221,40,0.30,Bot4,1,38,button,9421088558502689848,38,34
1222,40,0.30,Bot1,1,5,button,18144381203884165042,5,27
1222,40,0.30,Bot2,1,5,button,18144381203884165042,5,27
1222,40,0.30,Bot3,1,5,button,18144381203884165042,5,27
1222,40,0.30,Bot4,1,5,button,18144381203884165042,5,27
1223,40,0.30,Bot1,1,24,button,12715421281724876876,24,34
1223,40,0.30,Bot2,1,24,button,12715421281724876876,24,34
1223,40,0.30,Bot3,1,24,button,12715421281724876876,24,34
1223,40,0.30,Bot4,1,24,button,12715421281724876876,24,34
1224,40,0.30,Bot1,1,32,button,9344051140315293649,32,34
1224,40,0.30,Bot2,1,32,button,9344051140315293649,32,34
1224,40,0.30,Bot3,1,32,button,9344051140315293649,32,34
1224,40,0.30,Bot4,1,32,button,9344051140315293649,32,34
1225,40,0.30,Bot1,1,34,button,3026360322456585631,34,36
1225,40,0.30,Bot2,1,34,button,3026360322456585631,34,36
1225,40,0.30,Bot3,1,34,button,3026360322456585631,34,36
1225,40,0.30,Bot4,1,34,button,3026360322456585631,34,36
1226,40,0.30,Bot1,1,31,button,1505226816107361695,31,51
1226,40,0.30,Bot2,1,31,button,1505226816107361695,31,51
1226,40,0.30,Bot3,1,31,button,1505226816107361695,31,51
1226,40,0.30,Bot4,1,31,button,1505226816107361695,31,51
1227,40,0.30,Bot1,1,39,button,12737093811230967933,39,36
1227,40,0.30,Bot2,1,39,button,12737093811230967933,39,36
1227,40,0.30,Bot3,1,39,button,12737093811230967933,39,36
1227,40,0.30,Bot4,1,39,button,12737093811230967933,39,36
1228,40,0.30,Bot1,1,31,button,7939437305021999759,31,13
1228,40,0.30,Bot2,1,31,button,7939437305021999759,31,13
1228,40,0.30,Bot3,1,31,button,7939437305021999759,31,13
1228,40,0.30,Bot4,1,31,button,7939437305021999759,31,13
1229,40,0.30,Bot1,1,25,button,8757381654227249361,25,18
1229,40,0.30,Bot2,1,25,button,8757381654227249361,25,18
1229,40,0.30,Bot3,1,25,button,8757381654227249361,25,18
1229,40,0.30,Bot4,1,25,button,8757381654227249361,25,18
1230,40,0.30,Bot1,1,56,button,8607716155983340336,56,24
1230,40,0.30,Bot2,1,56,button,8607716155983340336,56,24
1230,40,0.30,Bot3,1,56,button,8607716155983340336,56,24
1230,40,0.30,Bot4,1,56,button,8607716155983340336,56,24
1231,40,0.30,Bot1,0,13,walked_into_fire,16792091746956089706,24,14
1231,40,0.30,Bot2,0,14,caught_by_fire,16792091746956089706,24,14
1231,40,0.30,Bot3,0,14,caught_by_fire,16792091746956089706,24,14
1231,40,0.30,Bot4,0,14,caught_by_fire,16792091746956089706,24,14
1232,40,0.30,Bot1,1,34,button,5448975200672838024,34,63
1232,40,0.30,Bot2,1,34,button,5448975200672838024,34,63
1232,40,0.30,Bot3,1,34,button,5448975200672838024,34,63
1232,40,0.30,Bot4,1,34,button,5448975200672838024,34,63
1233,40,0.30,Bot1,1,76,button,10875503581768564402,76,71
1233,40,0.30,Bot2,1,76,button,10875503581768564402,76,71
1233,40,0.30,Bot3,1,76,button,10875503581768564402,76,71
1233,40,0.30,Bot4,1,76,button,10875503581768564402,76,71
1234,40,0.30,Bot1,1,4,button,10529176686892568568,4,43
1234,40,0.30,Bot2,1,4,button,10529176686892568568,4,43
1234,40,0.30,Bot3,1,4,button,10529176686892568568,4,43
1234,40,0.30,Bot4,1,4,button,10529176686892568568,4,43
1235,40,0.30,Bot1,1,52,button,892393946275950089,52,36
1235,40,0.30,Bot2,1,52,button,892393946275950089,52,36
1235,40,0.30,Bot3,1,52,button,892393946275950089,52,36
1235,40,0.30,Bot4,1,52,button,892393946275950089,52,36
1236,40,0.30,Bot1,1,7,button,1964638662468510676,7,20
1236,40,0.30,Bot2,1,7,button,1964638662468510676,7,20
1236,40,0.30,Bot3,1,7,button,1964638662468510676,7,20
1236,40,0.30,Bot4,1,7,button,1964638662468510676,7,20
1237,40,0.30,Bot1,1,10,button,9583433052580917719,10,22
1237,40,0.30,Bot2,1,10,button,9583433052580917719,10,22
1237,40,0.30,Bot3,1,10,button,9583433052580917719,10,22
1237,40,0.30,Bot4,1,10,button,9583433052580917719,10,22
1238,40,0.30,Bot1,1,35,button,8986385814070539974,35,21
1238,40,0.30,Bot2,1,35,button,8986385814070539974,35,21
1238,40,0.30,Bot3,1,35,button,8986385814070539974,35,21
1238,40,0.30,Bot4,1,35,button,8986385814070539974,35,21
1239,40,0.30,Bot1,1,20,button,11717371948167408893,20,31
1239,40,0.30,Bot2,1,20,button,11717371948167408893,20,31
1239,40,0.30,Bot3,1,20,button,11717371948167408893,20,31
1239,40,0.30,Bot4,1,20,button,11717371948167408893,20,31
1240,40,0.30,Bot1,1,37,button,15839066711461194254,37,11
1240,40,0.30,Bot2,0,59,caught_by_fire,15839066711461194254,37,11
1240,40,0.30,Bot3,0,59,caught_by_fire,15839066711461194254,37,11
1240,40,0.30,Bot4,1,37,button,15839066711461194254,37,11
1241,40,0.30,Bot1,1,36,button,14246653663755741706,36,40
1241,40,0.30,Bot2,1,36,button,14246653663755741706,36,40
1241,40,0.30,Bot3,1,36,button,14246653663755741706,36,40
1241,40,0.30,Bot4,1,36,button,14246653663755741706,36,40
1242,40,0.30,Bot1,1,16,button,14872534836617962052,16,30
1242,40,0.30,Bot2,1,16,button,14872534836617962052,16,30
1242,40,0.30,Bot3,1,16,button,14872534836617962052,16,30
1242,40,0.30,Bot4,1,16,button,14872534836617962052,16,30
1243,40,0.30,Bot1,1,44,button,790503972462206478,44,53
1243,40,0.30,Bot2,1,44,button,790503972462206478,44,53
1243,40,0.30,Bot3,1,44,button,790503972462206478,44,53
1243,40,0.30,Bot4,1,44,button,790503972462206478,44,53
1244,40,0.30,Bot1,1,30,button,17560201736536759010,30,18
1244,40,0.30,Bot2,1,30,button,17560201736536759010,30,18
1244,40,0.30,Bot3,1,30,button,17560201736536759010,30,18
1244,40,0.30,Bot4,1,30,button,17560201736536759010,30,18
1245,40,0.30,Bot1,1,39,button,9449990039652008129,39,46
1245,40,0.30,Bot2,1,39,button,9449990039652008129,39,46
1245,40,0.30,Bot3,1,39,button,9449990039652008129,39,46
1245,40,0.30,Bot4,1,39,button,9449990039652008129,39,46
1246,40,0.30,Bot1,1,27,button,17525529812649720489,27,39
1246,40,0.30,Bot2,1,27,button,17525529812649720489,27,39
1246,40,0.30,Bot3,1,27,button,17525529812649720489,27,39
1246,40,0.30,Bot4,1,27,button,17525529812649720489,27,39
1247,40,0.30,Bot1,1,11,button,10651187345792127864,11,33
1247,40,0.30,Bot2,1,11,button,10651187345792127864,11,33
1247,40,0.30,Bot3,1,11,button,10651187345792127864,11,33
1247,40,0.30,Bot4,1,11,button,10651187345792127864,11,33
1248,40,0.30,Bot1,1,20,button,16416760525196472809,20,31
1248,40,0.30,Bot2,1,20,button,16416760525196472809,20,31
1248,40,0.30,Bot3,1,20,button,16416760525196472809,20,31
1248,40,0.30,Bot4,1,20,button,16416760525196472809,20,31
1249,40,0.30,Bot1,1,40,button,4393879890396028213,40,49
1249,40,0.30,Bot2,1,40,button,4393879890396028213,40,49
1249,40,0.30,Bot3,1,40,button,4393879890396028213,40,49
1249,40,0.30,Bot4,1,40,button,4393879890396028213,40,49
1250,40,0.30,Bot1,1,34,button,5026790233835567356,34,37
1250,40,0.30,Bot2,1,34,button,5026790233835567356,34,37
1250,40,0.30,Bot3,1,34,button,5026790233835567356,34,37
1250,40,0.30,Bot4,1,34,button,5026790233835567356,34,37
1251,40,0.30,Bot1,0,34,walked_into_fire,5770199626428101361,35,13
1251,40,0.30,Bot2,1,39,button,5770199626428101361,35,13
1251,40,0.30,Bot3,1,37,button,5770199626428101361,35,13
1251,40,0.30,Bot4,1,39,button,5770199626428101361,35,13
1252,40,0.30,Bot1,1,16,button,13858896649870048075,16,20
1252,40,0.30,Bot2,1,16,button,13858896649870048075,16,20
1252,40,0.30,Bot3,1,16,button,13858896649870048075,16,20
1252,40,0.30,Bot4,1,16,button,13858896649870048075,16,20
1253,40,0.30,Bot1,1,12,button,17903182399048752775,12,22
1253,40,0.30,Bot2,1,12,button,17903182399048752775,12,22
1253,40,0.30,Bot3,1,12,button,17903182399048752775,12,22
1253,40,0.30,Bot4,1,12,button,17903182399048752775,12,22
1254,40,0.30,Bot1,1,36,button,10426445042016577510,36,47
1254,40,0.30,Bot2,1,36,button,10426445042016577510,36,47
1254,40,0.30,Bot3,1,36,button,10426445042016577510,36,47
1254,40,0.30,Bot4,1,36,button,10426445042016577510,36,47
1255,40,0.30,Bot1,1,39,button,10872359500422080521,39,19
1255,40,0.30,Bot2,1,39,button,10872359500422080521,39,19
1255,40,0.30,Bot3,1,39,button,10872359500422080521,39,19
1255,40,0.30,Bot4,1,39,button,10872359500422080521,39,19
1256,40,0.30,Bot1,1,35,button,4257711283916624956,35,45
1256,40,0.30,Bot2,1,35,button,4257711283916624956,35,45
1256,40,0.30,Bot3,1,35,button,4257711283916624956,35,45
1256,40,0.30,Bot4,1,35,button,4257711283916624956,35,45
1257,40,0.30,Bot1,1,17,button,2732862406386128672,17,11
1257,40,0.30,Bot2,1,17,button,2732862406386128672,17,11
1257,40,0.30,Bot3,1,17,button,2732862406386128672,17,11
1257,40,0.30,Bot4,1,17,button,2732862406386128672,17,11
1258,40,0.30,Bot1,1,41,button,11692003359858371478,41,21
1258,40,0.30,Bot2,1,41,button,11692003359858371478,41,21
1258,40,0.30,Bot3,1,41,button,11692003359858371478,41,21
1258,40,0.30,Bot4,1,41,button,11692003359858371478,41,21
1259,40,0.30,Bot1,0,19,walked_into_fire,9814427753766823821,27,16
1259,40,0.30,Bot2,0,58,caught_by_fire,9814427753766823821,27,16
1259,40,0.30,Bot3,0,66,caught_by_fire,9814427753766823821,27,16
1259,40,0.30,Bot4,0,67,caught_by_fire,9814427753766823821,27,16
1260,40,0.30,Bot1,1,27,button,18353446457876284809,27,41
1260,40,0.30,Bot2,1,27,button,18353446457876284809,27,41
1260,40,0.30,Bot3,1,27,button,18353446457876284809,27,41
1260,40,0.30,Bot4,1,27,button,18353446457876284809,27,41
1261,40,0.30,Bot1,1,29,button,1729260278723802044,29,44
1261,40,0.30,Bot2,1,29,button,1729260278723802044,29,44
1261,40,0.30,Bot3,1,29,button,1729260278723802044,29,44
1261,40,0.30,Bot4,1,29,button,1729260278723802044,29,44
1262,40,0.30,Bot1,1,51,button,3650547916420142148,51,27
1262,40,0.30,Bot2,1,51,button,3650547916420142148,51,27
1262,40,0.30,Bot3,1,51,button,3650547916420142148,51,27
1262,40,0.30,Bot4,1,51,button,3650547916420142148,51,27
1263,40,0.30,Bot1,1,45,button,17576610255786610104,45,34
1263,40,0.30,Bot2,1,45,button,17576610255786610104,45,34
1263,40,0.30,Bot3,1,45,button,17576610255786610104,45,34
1263,40,0.30,Bot4,1,45,button,17576610255786610104,45,34
1264,40,0.30,Bot1,1,9,button,16779633973366453344,9,19
1264,40,0.30,Bot2,1,9,button,16779633973366453344,9,19
1264,40,0.30,Bot3,1,9,button,16779633973366453344,9,19
1264,40,0.30,Bot4,1,9,button,16779633973366453344,9,19
1265,40,0.30,Bot1,1,41,button,11724139007773174747,41,27
1265,40,0.30,Bot2,1,41,button,11724139007773174747,41,27
1265,40,0.30,Bot3,1,41,button,11724139007773174747,41,27
1265,40,0.30,Bot4,1,41,button,11724139007773174747,41,27
1266,40,0.30,Bot1,1,17,button,4072232706728880390,17,10
1266,40,0.30,Bot2,1,17,button,4072232706728880390,17,10
1266,40,0.30,Bot3,1,25,button,4072232706728880390,17,10
1266,40,0.30,Bot4,1,17,button,4072232706728880390,17,10
1267,40,0.30,Bot1,1,7,button,5977562797297712243,7,35
1267,40,0.30,Bot2,1,7,button,5977562797297712243,7,35
1267,40,0.30,Bot3,1,7,button,5977562797297712243,7,35
1267,40,0.30,Bot4,1,7,button,5977562797297712243,7,35
1268,40,0.30,Bot1,1,34,button,16679832639489094784,34,35
1268,40,0.30,Bot2,1,34,button,16679832639489094784,34,35
1268,40,0.30,Bot3,1,34,button,16679832639489094784,34,35
1268,40,0.30,Bot4,1,34,button,16679832639489094784,34,35
1269,40,0.30,Bot1,1,7,button,16242209864885440810,7,33
1269,40,0.30,Bot2,1,7,button,16242209864885440810,7,33
1269,40,0.30,Bot3,1,7,button,16242209864885440810,7,33
1269,40,0.30,Bot4,1,7,button,16242209864885440810,7,33
1270,40,0.30,Bot1,0,54,walked_into_fire,6006676876381632265,58,21
1270,40,0.30,Bot2,0,60,caught_by_fire,6006676876381632265,58,21
1270,40,0.30,Bot3,0,60,caught_by_fire,6006676876381632265,58,21
1270,40,0.30,Bot4,0,60,caught_by_fire,6006676876381632265,58,21
1271,40,0.30,Bot1,0,16,walked_into_fire,3715062572696168797,36,15
1271,40,0.30,Bot2,0,71,caught_by_fire,3715062572696168797,36,15
1271,40,0.30,Bot3,0,71,caught_by_fire,3715062572696168797,36,15
1271,40,0.30,Bot4,0,71,caught_by_fire,3715062572696168797,36,15
1272,40,0.30,Bot1,1,4,button,769974779533378827,4,30
1272,40,0.30,Bot2,1,4,button,769974779533378827,4,30
1272,40,0.30,Bot3,1,4,button,769974779533378827,4,30
1272,40,0.30,Bot4,1,4,button,769974779533378827,4,30
1273,40,0.30,Bot1,1,54,button,12278492595127081105,54,39
1273,40,0.30,Bot2,1,54,button,12278492595127081105,54,39
1273,40,0.30,Bot3,1,54,button,12278492595127081105,54,39
1273,40,0.30,Bot4,1,54,button,12278492595127081105,54,39
1274,40,0.30,Bot1,1,6,button,15163973329178907464,6,60
1274,40,0.30,Bot2,1,6,button,15163973329178907464,6,60
1274,40,0.30,Bot3,1,6,button,15163973329178907464,6,60
1274,40,0.30,Bot4,1,6,button,15163973329178907464,6,60
1275,40,0.30,Bot1,1,21,button,3600190665520635674,15,9
1275,40,0.30,Bot2,1,21,button,3600190665520635674,15,9
1275,40,0.30,Bot3,1,21,button,3600190665520635674,15,9
1275,40,0.30,Bot4,1,21,button,3600190665520635674,15,9
1276,40,0.30,Bot1,1,46,button,1169350897896745231,46,36
1276,40,0.30,Bot2,1,46,button,1169350897896745231,46,36
1276,40,0.30,Bot3,1,46,button,1169350897896745231,46,36
1276,40,0.30,Bot4,1,46,button,1169350897896745231,46,36
1277,40,0.30,Bot1,1,12,button,15363341788415318134,12,50
1277,40,0.30,Bot2,1,12,button,15363341788415318134,12,50
1277,40,0.30,Bot3,1,12,button,15363341788415318134,12,50
1277,40,0.30,Bot4,1,12,button,15363341788415318134,12,50
1278,40,0.30,Bot1,0,7,walked_into_fire,3696337996711148660,14,10
1278,40,0.30,Bot2,0,42,caught_by_fire,3696337996711148660,14,10
1278,40,0.30,Bot3,0,53,caught_by_fire,3696337996711148660,14,10
1278,40,0.30,Bot4,0,53,caught_by_fire,3696337996711148660,14,10
1279,40,0.30,Bot1,1,21,button,15162031491632361152,21,16
1279,40,0.30,Bot2,1,21,button,15162031491632361152,21,16
1279,40,0.30,Bot3,1,21,button,15162031491632361152,21,16
1279,40,0.30,Bot4,1,21,button,15162031491632361152,21,16
1280,40,0.30,Bot1,1,26,button,12780110886918372536,26,33
1280,40,0.30,Bot2,1,26,button,12780110886918372536,26,33
1280,40,0.30,Bot3,1,26,button,12780110886918372536,26,33
1280,40,0.30,Bot4,1,26,button,12780110886918372536,26,33
1281,40,0.30,Bot1,1,15,button,17040507349408927121,15,24
1281,40,0.30,Bot2,1,15,button,17040507349408927121,15,24
1281,40,0.30,Bot3,1,15,button,17040507349408927121,15,24
1281,40,0.30,Bot4,1,15,button,17040507349408927121,15,24
1282,40,0.30,Bot1,0,19,walked_into_fire,14530887810406056758,44,32
1282,40,0.30,Bot2,1,66,button,14530887810406056758,44,32
1282,40,0.30,Bot3,1,44,button,14530887810406056758,44,32
1282,40,0.30,Bot4,1,44,button,14530887810406056758,44,32
1283,40,0.30,Bot1,1,21,button,839535629837335659,21,39
1283,40,0.30,Bot2,1,21,button,839535629837335659,21,39
1283,40,0.30,Bot3,1,21,button,839535629837335659,21,39
1283,40,0.30,Bot4,1,21,button,839535629837335659,21,39
1284,40,0.30,Bot1,1,18,button,258335684824865445,18,53
1284,40,0.30,Bot2,1,18,button,258335684824865445,18,53
1284,40,0.30,Bot3,1,18,button,258335684824865445,18,53
1284,40,0.30,Bot4,1,18,button,258335684824865445,18,53
1285,40,0.30,Bot1,1,63,button,13398117978354344126,63,39
1285,40,0.30,Bot2,1,63,button,13398117978354344126,63,39
1285,40,0.30,Bot3,1,63,button,13398117978354344126,63,39
1285,40,0.30,Bot4,1,63,button,13398117978354344126,63,39
1286,40,0.30,Bot1,1,25,button,16095528315116558401,25,33
1286,40,0.30,Bot2,1,25,button,16095528315116558401,25,33
1286,40,0.30,Bot3,1,25,button,16095528315116558401,25,33
1286,40,0.30,Bot4,1,25,button,16095528315116558401,25,33
1287,40,0.30,Bot1,1,36,button,6500083318077290072,36,52
1287,40,0.30,Bot2,1,36,button,6500083318077290072,36,52
1287,40,0.30,Bot3,1,36,button,6500083318077290072,36,52
1287,40,0.30,Bot4,1,36,button,6500083318077290072,36,52
1288,40,0.30,Bot1,1,50,button,1465963463672195117,50,47
1288,40,0.30,Bot2,1,50,button,1465963463672195117,50,47
1288,40,0.30,Bot3,1,50,button,1465963463672195117,50,47
1288,40,0.30,Bot4,1,50,button,1465963463672195117,50,47
1289,40,0.30,Bot1,1,34,button,10889956563344497873,34,27
1289,40,0.30,Bot2,1,34,button,10889956563344497873,34,27
1289,40,0.30,Bot3,1,34,button,10889956563344497873,34,27
1289,40,0.30,Bot4,1,34,button,10889956563344497873,34,27
1290,40,0.30,Bot1,0,23,walked_into_fire,10998160200437503832,39,24
1290,40,0.30,Bot2,1,43,button,10998160200437503832,39,24
1290,40,0.30,Bot3,1,39,button,10998160200437503832,39,24
1290,40,0.30,Bot4,1,39,button,10998160200437503832,39,24
1291,40,0.30,Bot1,1,60,button,5024563716099706677,60,53
1291,40,0.30,Bot2,1,60,button,5024563716099706677,60,53
1291,40,0.30,Bot3,1,60,button,5024563716099706677,60,53
1291,40,0.30,Bot4,1,60,button,5024563716099706677,60,53
1292,40,0.30,Bot1,1,31,button,16092450365594750371,31,34
1292,40,0.30,Bot2,1,31,button,16092450365594750371,31,34
1292,40,0.30,Bot3,1,31,button,16092450365594750371,31,34
1292,40,0.30,Bot4,1,31,button,16092450365594750371,31,34
1293,40,0.30,Bot1,1,36,button,1225690830229370934,36,71
1293,40,0.30,Bot2,1,36,button,1225690830229370934,36,71
1293,40,0.30,Bot3,1,36,button,1225690830229370934,36,71
1293,40,0.30,Bot4,1,36,button,1225690830229370934,36,71
1294,40,0.30,Bot1,1,40,button,4270290945494063083,40,44
1294,40,0.30,Bot2,1,40,button,4270290945494063083,40,44
1294,40,0.30,Bot3,1,40,button,4270290945494063083,40,44
1294,40,0.30,Bot4,1,40,button,4270290945494063083,40,44
1295,40,0.30,Bot1,1,32,button,10824621800837132105,32,45
1295,40,0.30,Bot2,1,32,button,10824621800837132105,32,45
1295,40,0.30,Bot3,1,32,button,10824621800837132105,32,45
1295,40,0.30,Bot4,1,32,button,10824621800837132105,32,45
1296,40,0.30,Bot1,1,40,button,10778793949965568165,40,31
1296,40,0.30,Bot2,1,40,button,10778793949965568165,40,31
1296,40,0.30,Bot3,1,40,button,10778793949965568165,40,31
1296,40,0.30,Bot4,1,40,button,10778793949965568165,40,31
1297,40,0.30,Bot1,1,27,button,17673995064082142789,27,39
1297,40,0.30,Bot2,1,27,button,17673995064082142789,27,39
1297,40,0.30,Bot3,1,27,button,17673995064082142789,27,39
1297,40,0.30,Bot4,1,27,button,17673995064082142789,27,39
1298,40,0.30,Bot1,1,54,button,11131096600431190621,54,59
1298,40,0.30,Bot2,1,54,button,11131096600431190621,54,59
1298,40,0.30,Bot3,1,54,button,11131096600431190621,54,59
1298,40,0.30,Bot4,1,54,button,11131096600431190621,54,59
1299,40,0.30,Bot1,0,29,walked_into_fire,11978521072591726628,41,5
1299,40,0.30,Bot2,0,67,caught_by_fire,11978521072591726628,41,5
1299,40,0.30,Bot3,0,67,caught_by_fire,11978521072591726628,41,5
1299,40,0.30,Bot4,0,70,caught_by_fire,11978521072591726628,41,5
1300,40,0.30,Bot1,1,10,button,13142816605951457493,10,29
1300,40,0.30,Bot2,1,10,button,13142816605951457493,10,29
1300,40,0.30,Bot3,1,10,button,13142816605951457493,10,29
1300,40,0.30,Bot4,1,10,button,13142816605951457493,10,29
1301,40,0.30,Bot1,1,37,button,369400055549057617,37,32
1301,40,0.30,Bot2,1,37,button,369400055549057617,37,32
1301,40,0.30,Bot3,1,37,button,369400055549057617,37,32
1301,40,0.30,Bot4,1,37,button,369400055549057617,37,32
1302,40,0.30,Bot1,1,8,button,8159290407470553816,8,39
1302,40,0.30,Bot2,1,8,button,8159290407470553816,8,39
1302,40,0.30,Bot3,1,8,button,8159290407470553816,8,39
1302,40,0.30,Bot4,1,8,button,8159290407470553816,8,39
1303,40,0.30,Bot1,1,46,button,17269586582395559195,46,54
1303,40,0.30,Bot2,1,46,button,17269586582395559195,46,54
1303,40,0.30,Bot3,1,46,button,17269586582395559195,46,54
1303,40,0.30,Bot4,1,46,button,17269586582395559195,46,54
1304,40,0.30,Bot1,1,38,button,7028699588697598179,38,44
1304,40,0.30,Bot2,1,38,button,7028699588697598179,38,44
1304,40,0.30,Bot3,1,38,button,7028699588697598179,38,44
1304,40,0.30,Bot4,1,38,button,7028699588697598179,38,44
1305,40,0.30,Bot1,1,32,button,13452970505169969841,32,46
1305,40,0.30,Bot2,1,32,button,13452970505169969841,32,46
1305,40,0.30,Bot3,1,32,button,13452970505169969841,32,46
1305,40,0.30,Bot4,1,32,button,13452970505169969841,32,46
1306,40,0.30,Bot1,1,44,button,17611920033217865529,44,43
1306,40,0.30,Bot2,1,44,button,17611920033217865529,44,43
1306,40,0.30,Bot3,1,54,button,17611920033217865529,44,43
1306,40,0.30,Bot4,1,44,button,17611920033217865529,44,43
1307,40,0.30,Bot1,1,40,button,14655195684306849894,40,35
1307,40,0.30,Bot2,1,40,button,14655195684306849894,40,35
1307,40,0.30,Bot3,1,40,button,14655195684306849894,40,35
1307,40,0.30,Bot4,1,40,button,14655195684306849894,40,35
1308,40,0.30,Bot1,1,39,button,10606887951490325157,39,22
1308,40,0.30,Bot2,1,39,button,10606887951490325157,39,22
1308,40,0.30,Bot3,1,39,button,10606887951490325157,39,22
1308,40,0.30,Bot4,1,39,button,10606887951490325157,39,22
1309,40,0.30,Bot1,1,26,button,10466154707090477001,26,55
1309,40,0.30,Bot2,1,26,button,10466154707090477001,26,55
1309,40,0.30,Bot3,1,26,button,10466154707090477001,26,55
1309,40,0.30,Bot4,1,26,button,10466154707090477001,26,55
1310,40,0.30,Bot1,0,15,walked_into_fire,5993979551560382018,30,19
1310,40,0.30,Bot2,0,17,caught_by_fire,5993979551560382018,30,19
1310,40,0.30,Bot3,1,48,button,5993979551560382018,30,19
1310,40,0.30,Bot4,0,17,caught_by_fire,5993979551560382018,30,19
1311,40,0.30,Bot1,1,10,button,15914156755626416654,10,39
1311,40,0.30,Bot2,1,10,button,15914156755626416654,10,39
1311,40,0.30,Bot3,1,10,button,15914156755626416654,10,39
1311,40,0.30,Bot4,1,10,button,15914156755626416654,10,39
1312,40,0.30,Bot1,1,49,button,7996207670743043172,49,34
1312,40,0.30,Bot2,1,49,button,7996207670743043172,49,34
1312,40,0.30,Bot3,1,49,button,7996207670743043172,49,34
1312,40,0.30,Bot4,1,49,button,7996207670743043172,49,34
1313,40,0.30,Bot1,0,25,walked_into_fire,11550616598244220022,38,8
1313,40,0.30,Bot2,0,49,caught_by_fire,11550616598244220022,38,8
1313,40,0.30,Bot3,0,49,caught_by_fire,11550616598244220022,38,8
1313,40,0.30,Bot4,0,49,caught_by_fire,11550616598244220022,38,8
1314,40,0.30,Bot1,1,35,button,17975252137122620221,35,31
1314,40,0.30,Bot2,1,35,button,17975252137122620221,35,31
1314,40,0.30,Bot3,1,35,button,17975252137122620221,35,31
1314,40,0.30,Bot4,1,35,button,17975252137122620221,35,31
1315,40,0.30,Bot1,1,13,button,18048880603193751256,13,29
1315,40,0.30,Bot2,1,13,button,18048880603193751256,13,29
1315,40,0.30,Bot3,1,13,button,18048880603193751256,13,29
1315,40,0.30,Bot4,1,13,button,18048880603193751256,13,29
1316,40,0.30,Bot1,0,43,walked_into_fire,15942751445745466505,55,29
1316,40,0.30,Bot2,0,55,caught_by_fire,15942751445745466505,55,29
1316,40,0.30,Bot3,0,55,caught_by_fire,15942751445745466505,55,29
1316,40,0.30,Bot4,0,55,caught_by_fire,15942751445745466505,55,29
1317,40,0.30,Bot1,1,40,button,121885715710962621,40,59
1317,40,0.30,Bot2,1,40,button,121885715710962621,40,59
1317,40,0.30,Bot3,1,40,button,121885715710962621,40,59
1317,40,0.30,Bot4,1,40,button,121885715710962621,40,59
1318,40,0.30,Bot1,1,23,button,7227474063761593134,23,21
1318,40,0.30,Bot2,1,23,button,7227474063761593134,23,21
1318,40,0.30,Bot3,1,23,button,7227474063761593134,23,21
1318,40,0.30,Bot4,1,23,button,7227474063761593134,23,21
1319,40,0.30,Bot1,0,27,walked_into_fire,16193304647956340587,46,26
1319,40,0.30,Bot2,1,52,button,16193304647956340587,46,26
1319,40,0.30,Bot3,1,52,button,16193304647956340587,46,26
1319,40,0.30,Bot4,1,52,button,16193304647956340587,46,26
1320,40,0.30,Bot1,1,39,button,5737932636609022426,39,26
1320,40,0.30,Bot2,1,39,button,5737932636609022426,39,26
1320,40,0.30,Bot3,1,39,button,5737932636609022426,39,26
1320,40,0.30,Bot4,1,39,button,5737932636609022426,39,26
1321,40,0.30,Bot1,1,13,button,14419951589239465294,13,34
1321,40,0.30,Bot2,1,13,button,14419951589239465294,13,34
1321,40,0.30,Bot3,1,13,button,14419951589239465294,13,34
1321,40,0.30,Bot4,1,13,button,14419951589239465294,13,34
1322,40,0.30,Bot1,0,53,walked_into_fire,11271952022156500343,56,22
1322,40,0.30,Bot2,0,94,caught_by_fire,11271952022156500343,56,22
1322,40,0.30,Bot3,0,94,caught_by_fire,11271952022156500343,56,22
1322,40,0.30,Bot4,0,61,caught_by_fire,11271952022156500343,56,22
1323,40,0.30,Bot1,1,9,button,2238593419890424742,9,35
1323,40,0.30,Bot2,1,9,button,2238593419890424742,9,35
1323,40,0.30,Bot3,1,9,button,2238593419890424742,9,35
1323,40,0.30,Bot4,1,9,button,2238593419890424742,9,35
1324,40,0.30,Bot1,1,49,button,18068150150168352892,49,28
1324,40,0.30,Bot2,1,49,button,18068150150168352892,49,28
1324,40,0.30,Bot3,1,49,button,18068150150168352892,49,28
1324,40,0.30,Bot4,1,49,button,18068150150168352892,49,28
1325,40,0.30,Bot1,1,53,button,12405365278117382265,53,47
1325,40,0.30,Bot2,1,53,button,12405365278117382265,53,47
1325,40,0.30,Bot3,1,53,button,12405365278117382265,53,47
1325,40,0.30,Bot4,1,53,button,12405365278117382265,53,47
1326,40,0.30,Bot1,1,35,button,413818674427652345,35,22
1326,40,0.30,Bot2,1,35,button,413818674427652345,35,22
1326,40,0.30,Bot3,1,35,button,413818674427652345,35,22
1326,40,0.30,Bot4,1,35,button,413818674427652345,35,22
1327,40,0.30,Bot1,1,42,button,8019361393636805591,42,38
1327,40,0.30,Bot2,1,42,button,8019361393636805591,42,38
1327,40,0.30,Bot3,1,42,button,8019361393636805591,42,38
1327,40,0.30,Bot4,1,42,button,8019361393636805591,42,38
1328,40,0.30,Bot1,1,19,button,3938635345865973218,19,18
1328,40,0.30,Bot2,1,19,button,3938635345865973218,19,18
1328,40,0.30,Bot3,1,19,button,3938635345865973218,19,18
1328,40,0.30,Bot4,1,19,button,3938635345865973218,19,18
1329,40,0.30,Bot1,0,24,walked_into_fire,15469970585516423442,25,10
1329,40,0.30,Bot2,0,32,caught_by_fire,15469970585516423442,25,10
1329,40,0.30,Bot3,0,32,caught_by_fire,15469970585516423442,25,10
1329,40,0.30,Bot4,0,26,caught_by_fire,15469970585516423442,25,10
1330,40,0.30,Bot1,1,26,button,1741944392759159476,26,8
1330,40,0.30,Bot2,1,26,button,1741944392759159476,26,8
1330,40,0.30,Bot3,1,26,button,1741944392759159476,26,8
1330,40,0.30,Bot4,1,26,button,1741944392759159476,26,8
1331,40,0.30,Bot1,0,36,walked_into_fire,5423792487055712527,52,19
1331,40,0.30,Bot2,0,100,caught_by_fire,5423792487055712527,52,19
1331,40,0.30,Bot3,0,100,caught_by_fire,5423792487055712527,52,19
1331,40,0.30,Bot4,0,100,caught_by_fire,5423792487055712527,52,19
1332,40,0.30,Bot1,0,44,walked_into_fire,10985460071578418809,56,14
1332,40,0.30,Bot2,0,56,caught_by_fire,10985460071578418809,56,14
1332,40,0.30,Bot3,0,56,caught_by_fire,10985460071578418809,56,14
1332,40,0.30,Bot4,0,59,caught_by_fire,10985460071578418809,56,14
1333,40,0.30,Bot1,0,45,walked_into_fire,7723845060897016937,66,19
1333,40,0.30,Bot2,0,83,caught_by_fire,7723845060897016937,66,19
1333,40,0.30,Bot3,0,77,caught_by_fire,7723845060897016937,66,19
1333,40,0.30,Bot4,0,86,caught_by_fire,7723845060897016937,66,19
1334,40,0.30,Bot1,1,35,button,10311900929967494582,35,26
1334,40,0.30,Bot2,1,35,button,10311900929967494582,35,26
1334,40,0.30,Bot3,1,35,button,10311900929967494582,35,26
1334,40,0.30,Bot4,1,35,button,10311900929967494582,35,26
1335,40,0.30,Bot1,0,1,caught_by_fire,9752973138362872960,29,29
1335,40,0.30,Bot2,0,1,caught_by_fire,9752973138362872960,29,29
1335,40,0.30,Bot3,1,29,button,9752973138362872960,29,29
1335,40,0.30,Bot4,1,29,button,9752973138362872960,29,29
1336,40,0.30,Bot1,0,21,walked_into_fire,8489323683228704449,43,25
1336,40,0.30,Bot2,1,57,button,8489323683228704449,43,25
1336,40,0.30,Bot3,1,57,button,8489323683228704449,43,25
1336,40,0.30,Bot4,1,57,button,8489323683228704449,43,25
1337,40,0.30,Bot1,1,43,button,11665918583369677090,43,43
1337,40,0.30,Bot2,1,43,button,11665918583369677090,43,43
1337,40,0.30,Bot3,1,43,button,11665918583369677090,43,43
1337,40,0.30,Bot4,1,43,button,11665918583369677090,43,43
1338,40,0.30,Bot1,1,18,button,1948322823967750068,18,30
1338,40,0.30,Bot2,1,18,button,1948322823967750068,18,30
1338,40,0.30,Bot3,1,18,button,1948322823967750068,18,30
1338,40,0.30,Bot4,1,18,button,1948322823967750068,18,30
1339,40,0.30,Bot1,0,41,walked_into_fire,16986431885134072841,45,9
1339,40,0.30,Bot2,0,88,caught_by_fire,16986431885134072841,45,9
1339,40,0.30,Bot3,0,88,caught_by_fire,16986431885134072841,45,9
1339,40,0.30,Bot4,0,88,caught_by_fire,16986431885134072841,45,9
1340,40,0.30,Bot1,0,10,caught_by_fire,14610000425186685371,48,44
1340,40,0.30,Bot2,0,10,caught_by_fire,14610000425186685371,48,44
1340,40,0.30,Bot3,1,80,button,14610000425186685371,48,44
1340,40,0.30,Bot4,0,10,caught_by_fire,14610000425186685371,48,44
1341,40,0.30,Bot1,1,11,button,2674230209014877394,11,47
1341,40,0.30,Bot2,1,11,button,2674230209014877394,11,47
1341,40,0.30,Bot3,1,11,button,2674230209014877394,11,47
1341,40,0.30,Bot4,1,11,button,2674230209014877394,11,47
1342,40,0.30,Bot1,1,7,button,10246221792878903625,7,45
1342,40,0.30,Bot2,1,7,button,10246221792878903625,7,45
1342,40,0.30,Bot3,1,7,button,10246221792878903625,7,45
1342,40,0.30,Bot4,1,7,button,10246221792878903625,7,45
1343,40,0.30,Bot1,0,24,caught_by_fire,13443347921871376886,39,14
1343,40,0.30,Bot2,0,93,caught_by_fire,13443347921871376886,39,14
1343,40,0.30,Bot3,0,85,caught_by_fire,13443347921871376886,39,14
1343,40,0.30,Bot4,0,95,caught_by_fire,13443347921871376886,39,14
1344,40,0.30,Bot1,1,39,button,14293725619574815323,39,42
1344,40,0.30,Bot2,1,39,button,14293725619574815323,39,42
1344,40,0.30,Bot3,1,39,button,14293725619574815323,39,42
1344,40,0.30,Bot4,1,39,button,14293725619574815323,39,42
1345,40,0.30,Bot1,1,39,button,7617662692058355956,39,42
1345,40,0.30,Bot2,1,39,button,7617662692058355956,39,42
1345,40,0.30,Bot3,1,39,button,7617662692058355956,39,42
1345,40,0.30,Bot4,1,39,button,7617662692058355956,39,42
1346,40,0.30,Bot1,1,9,button,7659696212344932397,9,41
1346,40,0.30,Bot2,1,9,button,7659696212344932397,9,41
1346,40,0.30,Bot3,1,9,button,7659696212344932397,9,41
1346,40,0.30,Bot4,1,9,button,7659696212344932397,9,41
1347,40,0.30,Bot1,1,46,button,13103071469833511436,46,31
1347,40,0.30,Bot2,1,46,button,13103071469833511436,46,31
1347,40,0.30,Bot3,0,70,caught_by_fire,13103071469833511436,46,31
1347,40,0.30,Bot4,1,46,button,13103071469833511436,46,31
1348,40,0.30,Bot1,1,47,button,2534119007582167325,47,24
1348,40,0.30,Bot2,1,47,button,2534119007582167325,47,24
1348,40,0.30,Bot3,1,47,button,2534119007582167325,47,24
1348,40,0.30,Bot4,1,47,button,2534119007582167325,47,24
1349,40,0.30,Bot1,1,7,button,6064642467407241868,7,45
1349,40,0.30,Bot2,1,7,button,6064642467407241868,7,45
1349,40,0.30,Bot3,1,7,button,6064642467407241868,7,45
1349,40,0.30,Bot4,1,7,button,6064642467407241868,7,45
1350,40,0.30,Bot1,0,45,walked_into_fire,7742142676077615768,49,10
1350,40,0.30,Bot2,0,73,caught_by_fire,7742142676077615768,49,10
1350,40,0.30,Bot3,0,73,caught_by_fire,7742142676077615768,49,10
1350,40,0.30,Bot4,0,64,caught_by_fire,7742142676077615768,49,10
1351,40,0.30,Bot1,1,44,button,9014652017641317397,44,57
1351,40,0.30,Bot2,1,44,button,9014652017641317397,44,57
1351,40,0.30,Bot3,1,44,button,9014652017641317397,44,57
1351,40,0.30,Bot4,1,44,button,9014652017641317397,44,57
1352,40,0.30,Bot1,1,66,button,7100420304751114616,66,62
1352,40,0.30,Bot2,1,66,button,7100420304751114616,66,62
1352,40,0.30,Bot3,1,66,button,7100420304751114616,66,62
1352,40,0.30,Bot4,1,66,button,7100420304751114616,66,62
1353,40,0.30,Bot1,0,30,walked_into_fire,8795024925260442616,37,8
1353,40,0.30,Bot2,0,64,caught_by_fire,8795024925260442616,37,8
1353,40,0.30,Bot3,0,64,caught_by_fire,8795024925260442616,37,8
1353,40,0.30,Bot4,0,64,caught_by_fire,8795024925260442616,37,8
1354,40,0.30,Bot1,1,35,button,3120311386543010301,35,46
1354,40,0.30,Bot2,1,35,button,3120311386543010301,35,46
1354,40,0.30,Bot3,1,35,button,3120311386543010301,35,46
1354,40,0.30,Bot4,1,35,button,3120311386543010301,35,46
1355,40,0.30,Bot1,1,35,button,6604411128805230771,35,34
1355,40,0.30,Bot2,1,35,button,6604411128805230771,35,34
1355,40,0.30,Bot3,1,35,button,6604411128805230771,35,34
1355,40,0.30,Bot4,1,35,button,6604411128805230771,35,34
1356,40,0.30,Bot1,1,22,button,15953447647341152021,22,61
1356,40,0.30,Bot2,1,22,button,15953447647341152021,22,61
1356,40,0.30,Bot3,1,22,button,15953447647341152021,22,61
1356,40,0.30,Bot4,1,22,button,15953447647341152021,22,61
1357,40,0.30,Bot1,1,3,button,9268149130873391288,3,22
1357,40,0.30,Bot2,1,3,button,9268149130873391288,3,22
1357,40,0.30,Bot3,1,3,button,9268149130873391288,3,22
1357,40,0.30,Bot4,1,3,button,9268149130873391288,3,22
1358,40,0.30,Bot1,1,55,button,2352861679726564988,55,51
1358,40,0.30,Bot2,1,55,button,2352861679726564988,55,51
1358,40,0.30,Bot3,1,55,button,2352861679726564988,55,51
1358,40,0.30,Bot4,1,55,button,2352861679726564988,55,51
1359,40,0.30,Bot1,1,42,button,4590135022997457843,42,40
1359,40,0.30,Bot2,1,42,button,4590135022997457843,42,40
1359,40,0.30,Bot3,1,42,button,4590135022997457843,42,40
1359,40,0.30,Bot4,1,42,button,4590135022997457843,42,40
1360,40,0.30,Bot1,1,36,button,5946340606644903441,36,47
1360,40,0.30,Bot2,1,36,button,5946340606644903441,36,47
1360,40,0.30,Bot3,1,36,button,5946340606644903441,36,47
1360,40,0.30,Bot4,1,36,button,5946340606644903441,36,47
1361,40,0.30,Bot1,1,59,button,16006405989024912634,59,52
1361,40,0.30,Bot2,1,59,button,16006405989024912634,59,52
1361,40,0.30,Bot3,1,59,button,16006405989024912634,59,52
1361,40,0.30,Bot4,1,59,button,16006405989024912634,59,52
1362,40,0.30,Bot1,1,25,button,2122027424660536539,25,46
1362,40,0.30,Bot2,1,25,button,2122027424660536539,25,46
1362,40,0.30,Bot3,1,25,button,2122027424660536539,25,46
1362,40,0.30,Bot4,1,25,button,2122027424660536539,25,46
1363,40,0.30,Bot1,1,18,button,9478333818120042049,18,27
1363,40,0.30,Bot2,1,18,button,9478333818120042049,18,27
1363,40,0.30,Bot3,1,18,button,9478333818120042049,18,27
1363,40,0.30,Bot4,1,18,button,9478333818120042049,18,27
1364,40,0.30,Bot1,1,46,button,10976890482080179791,46,52
1364,40,0.30,Bot2,1,46,button,10976890482080179791,46,52
1364,40,0.30,Bot3,1,46,button,10976890482080179791,46,52
1364,40,0.30,Bot4,1,46,button,10976890482080179791,46,52
1365,40,0.30,Bot1,1,23,button,8001597438341688667,23,48
1365,40,0.30,Bot2,1,23,button,8001597438341688667,23,48
1365,40,0.30,Bot3,1,23,button,8001597438341688667,23,48
1365,40,0.30,Bot4,1,23,button,8001597438341688667,23,48
1366,40,0.30,Bot1,0,91,caught_by_fire,8083798962272371849,47,12
1366,40,0.30,Bot2,0,91,caught_by_fire,8083798962272371849,47,12
1366,40,0.30,Bot3,0,91,caught_by_fire,8083798962272371849,47,12
1366,40,0.30,Bot4,0,91,caught_by_fire,8083798962272371849,47,12
1367,40,0.30,Bot1,1,35,button,17537219004478672499,35,34
1367,40,0.30,Bot2,1,35,button,17537219004478672499,35,34
1367,40,0.30,Bot3,1,35,button,17537219004478672499,35,34
1367,40,0.30,Bot4,1,35,button,17537219004478672499,35,34
1368,40,0.30,Bot1,0,17,caught_by_fire,5581433197477710019,33,10
1368,40,0.30,Bot2,0,46,caught_by_fire,5581433197477710019,33,10
1368,40,0.30,Bot3,0,46,caught_by_fire,5581433197477710019,33,10
1368,40,0.30,Bot4,0,44,caught_by_fire,5581433197477710019,33,10
1369,40,0.30,Bot1,1,51,button,13792178394746681342,51,28
1369,40,0.30,Bot2,1,51,button,13792178394746681342,51,28
1369,40,0.30,Bot3,1,51,button,13792178394746681342,51,28
1369,40,0.30,Bot4,1,51,button,13792178394746681342,51,28
1370,40,0.30,Bot1,1,25,button,5771932895933421571,25,35
1370,40,0.30,Bot2,1,25,button,5771932895933421571,25,35
1370,40,0.30,Bot3,1,25,button,5771932895933421571,25,35
1370,40,0.30,Bot4,1,25,button,5771932895933421571,25,35
1371,40,0.30,Bot1,1,40,button,17702203300283867798,40,23
1371,40,0.30,Bot2,1,40,button,17702203300283867798,40,23
1371,40,0.30,Bot3,0,44,caught_by_fire,17702203300283867798,40,23
1371,40,0.30,Bot4,1,40,button,17702203300283867798,40,23
1372,40,0.30,Bot1,1,19,button,8866292126753737970,19,32
1372,40,0.30,Bot2,1,19,button,8866292126753737970,19,32
1372,40,0.30,Bot3,1,19,button,8866292126753737970,19,32
1372,40,0.30,Bot4,1,19,button,8866292126753737970,19,32
1373,40,0.30,Bot1,0,20,caught_by_fire,3132551537325984105,36,14
1373,40,0.30,Bot2,0,22,caught_by_fire,3132551537325984105,36,14
1373,40,0.30,Bot3,0,81,caught_by_fire,3132551537325984105,36,14
1373,40,0.30,Bot4,0,22,caught_by_fire,3132551537325984105,36,14
1374,40,0.30,Bot1,0,5,walked_into_fire,3268624230627277433,9,1
1374,40,0.30,Bot2,0,14,caught_by_fire,3268624230627277433,9,1
1374,40,0.30,Bot3,0,14,caught_by_fire,3268624230627277433,9,1
1374,40,0.30,Bot4,0,12,caught_by_fire,3268624230627277433,9,1
1375,40,0.30,Bot1,1,18,button,17216149296278034595,18,9
1375,40,0.30,Bot2,1,18,button,17216149296278034595,18,9
1375,40,0.30,Bot3,1,18,button,17216149296278034595,18,9
1375,40,0.30,Bot4,1,18,button,17216149296278034595,18,9
1376,40,0.30,Bot1,1,27,button,5087538603968730495,27,36
1376,40,0.30,Bot2,1,27,button,5087538603968730495,27,36
1376,40,0.30,Bot3,1,27,button,5087538603968730495,27,36
1376,40,0.30,Bot4,1,27,button,5087538603968730495,27,36
1377,40,0.30,Bot1,1,19,button,9940101880689942363,19,11
1377,40,0.30,Bot2,1,19,button,9940101880689942363,19,11
1377,40,0.30,Bot3,1,19,button,9940101880689942363,19,11
1377,40,0.30,Bot4,1,19,button,9940101880689942363,19,11
1378,40,0.30,Bot1,1,55,button,15453127063106329856,55,24
1378,40,0.30,Bot2,1,55,button,15453127063106329856,55,24
1378,40,0.30,Bot3,1,55,button,15453127063106329856,55,24
1378,40,0.30,Bot4,1,55,button,15453127063106329856,55,24
1379,40,0.30,Bot1,0,29,walked_into_fire,14712354542301465195,38,19
1379,40,0.30,Bot2,1,48,button,14712354542301465195,38,19
1379,40,0.30,Bot3,1,44,button,14712354542301465195,38,19
1379,40,0.30,Bot4,1,48,button,14712354542301465195,38,19
1380,40,0.30,Bot1,1,8,button,12953822617586147335,8,24
1380,40,0.30,Bot2,1,8,button,12953822617586147335,8,24
1380,40,0.30,Bot3,1,8,button,12953822617586147335,8,24
1380,40,0.30,Bot4,1,8,button,12953822617586147335,8,24
1381,40,0.30,Bot1,0,50,walked_into_fire,7617081309019856994,59,12
1381,40,0.30,Bot2,0,125,caught_by_fire,7617081309019856994,59,12
1381,40,0.30,Bot3,0,125,caught_by_fire,7617081309019856994,59,12
1381,40,0.30,Bot4,0,112,caught_by_fire,7617081309019856994,59,12
1382,40,0.30,Bot1,1,39,button,8668045023229830653,39,35
1382,40,0.30,Bot2,1,39,button,8668045023229830653,39,35
1382,40,0.30,Bot3,1,39,button,8668045023229830653,39,35
1382,40,0.30,Bot4,1,39,button,8668045023229830653,39,35
1383,40,0.30,Bot1,1,56,button,6710152682670094139,56,39
1383,40,0.30,Bot2,1,56,button,6710152682670094139,56,39
1383,40,0.30,Bot3,1,56,button,6710152682670094139,56,39
1383,40,0.30,Bot4,1,56,button,6710152682670094139,56,39
1384,40,0.30,Bot1,1,11,button,6612866265247113795,11,31
1384,40,0.30,Bot2,1,11,button,6612866265247113795,11,31
1384,40,0.30,Bot3,1,11,button,6612866265247113795,11,31
1384,40,0.30,Bot4,1,11,button,6612866265247113795,11,31
1385,40,0.30,Bot1,1,29,button,7008965923068869925,29,63
1385,40,0.30,Bot2,1,29,button,7008965923068869925,29,63
1385,40,0.30,Bot3,1,29,button,7008965923068869925,29,63
1385,40,0.30,Bot4,1,29,button,7008965923068869925,29,63
1386,40,0.30,Bot1,0,52,caught_by_fire,902536848514852915,54,10
1386,40,0.30,Bot2,0,47,caught_by_fire,902536848514852915,54,10
1386,40,0.30,Bot3,0,47,caught_by_fire,902536848514852915,54,10
1386,40,0.30,Bot4,0,52,caught_by_fire,902536848514852915,54,10
1387,40,0.30,Bot1,1,24,button,963707032761029072,24,53
1387,40,0.30,Bot2,1,24,button,963707032761029072,24,53
1387,40,0.30,Bot3,1,24,button,963707032761029072,24,53
1387,40,0.30,Bot4,1,24,button,963707032761029072,24,53
1388,40,0.30,Bot1,1,34,button,16826293761147716351,34,41
1388,40,0.30,Bot2,1,34,button,16826293761147716351,34,41
1388,40,0.30,Bot3,1,34,button,16826293761147716351,34,41
1388,40,0.30,Bot4,1,34,button,16826293761147716351,34,41
1389,40,0.30,Bot1,1,54,button,16287985800631361968,54,48
1389,40,0.30,Bot2,1,54,button,16287985800631361968,54,48
1389,40,0.30,Bot3,1,54,button,16287985800631361968,54,48
1389,40,0.30,Bot4,1,54,button,16287985800631361968,54,48
1390,40,0.30,Bot1,1,22,button,1307356122747775353,22,36
1390,40,0.30,Bot2,1,22,button,1307356122747775353,22,36
1390,40,0.30,Bot3,1,22,button,1307356122747775353,22,36
1390,40,0.30,Bot4,1,22,button,1307356122747775353,22,36
1391,40,0.30,Bot1,1,29,button,11624740066264276302,29,38
1391,40,0.30,Bot2,1,29,button,11624740066264276302,29,38
1391,40,0.30,Bot3,1,29,button,11624740066264276302,29,38
1391,40,0.30,Bot4,1,29,button,11624740066264276302,29,38
1392,40,0.30,Bot1,0,48,walked_into_fire,14859405401912171960,60,28
1392,40,0.30,Bot2,0,59,caught_by_fire,14859405401912171960,60,28
1392,40,0.30,Bot3,0,59,caught_by_fire,14859405401912171960,60,28
1392,40,0.30,Bot4,0,59,caught_by_fire,14859405401912171960,60,28
1393,40,0.30,Bot1,1,46,button,11847312287744878626,46,44
1393,40,0.30,Bot2,1,46,button,11847312287744878626,46,44
1393,40,0.30,Bot3,1,46,button,11847312287744878626,46,44
1393,40,0.30,Bot4,1,46,button,11847312287744878626,46,44
1394,40,0.30,Bot1,0,36,walked_into_fire,14828291017932138879,57,15
1394,40,0.30,Bot2,0,83,caught_by_fire,14828291017932138879,57,15
1394,40,0.30,Bot3,0,83,caught_by_fire,14828291017932138879,57,15
1394,40,0.30,Bot4,0,83,caught_by_fire,14828291017932138879,57,15
1395,40,0.30,Bot1,1,12,button,15096343806444528802,12,23
1395,40,0.30,Bot2,1,12,button,15096343806444528802,12,23
1395,40,0.30,Bot3,1,12,button,15096343806444528802,12,23
1395,40,0.30,Bot4,1,12,button,15096343806444528802,12,23
1396,40,0.30,Bot1,1,20,button,13743196947414587075,20,23
1396,40,0.30,Bot2,1,20,button,13743196947414587075,20,23
1396,40,0.30,Bot3,1,20,button,13743196947414587075,20,23
1396,40,0.30,Bot4,1,20,button,13743196947414587075,20,23
1397,40,0.30,Bot1,1,40,button,17996715310888996918,40,14
1397,40,0.30,Bot2,1,40,button,17996715310888996918,40,14
1397,40,0.30,Bot3,1,40,button,17996715310888996918,40,14
1397,40,0.30,Bot4,1,40,button,17996715310888996918,40,14
1398,40,0.30,Bot1,0,46,walked_into_fire,6693610638262590048,49,16
1398,40,0.30,Bot2,0,80,caught_by_fire,6693610638262590048,49,16
1398,40,0.30,Bot3,0,80,caught_by_fire,6693610638262590048,49,16
1398,40,0.30,Bot4,0,80,caught_by_fire,6693610638262590048,49,16
1399,40,0.30,Bot1,1,31,button,15801387307295126938,31,31
1399,40,0.30,Bot2,1,31,button,15801387307295126938,31,31
1399,40,0.30,Bot3,1,31,button,15801387307295126938,31,31
1399,40,0.30,Bot4,1,31,button,15801387307295126938,31,31
1400,40,0.35,Bot1,1,38,button,3176795989266391580,38,40
1400,40,0.35,Bot2,1,38,button,3176795989266391580,38,40
1400,40,0.35,Bot3,1,38,button,3176795989266391580,38,40
1400,40,0.35,Bot4,1,38,button,3176795989266391580,38,40
1401,40,0.35,Bot1,0,32,caught_by_fire,17931105539852803493,47,7
1401,40,0.35,Bot2,0,83,caught_by_fire,17931105539852803493,47,7
1401,40,0.35,Bot3,0,83,caught_by_fire,17931105539852803493,47,7
1401,40,0.35,Bot4,0,83,caught_by_fire,17931105539852803493,47,7
1402,40,0.35,Bot1,0,21,walked_into_fire,17294475204674631112,36,9
1402,40,0.35,Bot2,0,33,caught_by_fire,17294475204674631112,36,9
1402,40,0.35,Bot3,0,32,caught_by_fire,17294475204674631112,36,9
1402,40,0.35,Bot4,0,35,caught_by_fire,17294475204674631112,36,9
1403,40,0.35,Bot1,1,47,button,8523048455710641354,47,49
1403,40,0.35,Bot2,1,47,button,8523048455710641354,47,49
1403,40,0.35,Bot3,1,47,button,8523048455710641354,47,49
1403,40,0.35,Bot4,1,47,button,8523048455710641354,47,49
1404,40,0.35,Bot1,1,48,button,10156092971526544760,48,52
1404,40,0.35,Bot2,1,48,button,10156092971526544760,48,52
1404,40,0.35,Bot3,1,48,button,10156092971526544760,48,52
1404,40,0.35,Bot4,1,48,button,10156092971526544760,48,52
1405,40,0.35,Bot1,1,29,button,256174010898330638,29,25
1405,40,0.35,Bot2,1,29,button,256174010898330638,29,25
1405,40,0.35,Bot3,1,29,button,256174010898330638,29,25
1405,40,0.35,Bot4,1,29,button,256174010898330638,29,25
1406,40,0.35,Bot1,1,47,button,6994444434020606301,47,48
1406,40,0.35,Bot2,1,47,button,6994444434020606301,47,48
1406,40,0.35,Bot3,1,47,button,6994444434020606301,47,48
1406,40,0.35,Bot4,1,47,button,6994444434020606301,47,48
1407,40,0.35,Bot1,1,12,button,10088989182895276502,12,33
1407,40,0.35,Bot2,1,12,button,10088989182895276502,12,33
1407,40,0.35,Bot3,1,12,button,10088989182895276502,12,33
1407,40,0.35,Bot4,1,12,button,10088989182895276502,12,33
1408,40,0.35,Bot1,1,15,button,10648465357974454857,15,41
1408,40,0.35,Bot2,1,15,button,10648465357974454857,15,41
1408,40,0.35,Bot3,1,15,button,10648465357974454857,15,41
1408,40,0.35,Bot4,1,15,button,10648465357974454857,15,41
1409,40,0.35,Bot1,1,47,button,6737524048929267264,47,38
1409,40,0.35,Bot2,1,47,button,6737524048929267264,47,38
1409,40,0.35,Bot3,1,47,button,6737524048929267264,47,38
1409,40,0.35,Bot4,1,47,button,6737524048929267264,47,38
1410,40,0.35,Bot1,1,2,button,17560946758559795565,2,52
1410,40,0.35,Bot2,1,2,button,17560946758559795565,2,52
1410,40,0.35,Bot3,1,2,button,17560946758559795565,2,52
1410,40,0.35,Bot4,1,2,button,17560946758559795565,2,52
1411,40,0.35,Bot1,1,23,button,10343005560692429544,23,57
1411,40,0.35,Bot2,1,23,button,10343005560692429544,23,57
1411,40,0.35,Bot3,1,23,button,10343005560692429544,23,57
1411,40,0.35,Bot4,1,23,button,10343005560692429544,23,57
1412,40,0.35,Bot1,1,22,button,15659661425423918528,22,48
1412,40,0.35,Bot2,1,22,button,15659661425423918528,22,48
1412,40,0.35,Bot3,1,22,button,15659661425423918528,22,48
1412,40,0.35,Bot4,1,22,button,15659661425423918528,22,48
1413,40,0.35,Bot1,0,16,caught_by_fire,16705940083134074702,34,13
1413,40,0.35,Bot2,0,68,caught_by_fire,16705940083134074702,34,13
1413,40,0.35,Bot3,0,68,caught_by_fire,16705940083134074702,34,13
1413,40,0.35,Bot4,0,64,caught_by_fire,16705940083134074702,34,13
1414,40,0.35,Bot1,1,44,button,13655479508123453840,42,39
1414,40,0.35,Bot2,1,44,button,13655479508123453840,42,39
1414,40,0.35,Bot3,1,44,button,13655479508123453840,42,39
1414,40,0.35,Bot4,1,44,button,13655479508123453840,42,39
1415,40,0.35,Bot1,0,28,walked_into_fire,15676941797546525428,51,19
1415,40,0.35,Bot2,0,80,caught_by_fire,15676941797546525428,51,19
1415,40,0.35,Bot3,0,78,caught_by_fire,15676941797546525428,51,19
1415,40,0.35,Bot4,1,51,button,15676941797546525428,51,19
1416,40,0.35,Bot1,1,49,button,15738648726553910814,49,28
1416,40,0.35,Bot2,1,49,button,15738648726553910814,49,28
1416,40,0.35,Bot3,1,49,button,15738648726553910814,49,28
1416,40,0.35,Bot4,1,49,button,15738648726553910814,49,28
1417,40,0.35,Bot1,1,42,button,14433695233859006401,42,49
1417,40,0.35,Bot2,1,42,button,14433695233859006401,42,49
1417,40,0.35,Bot3,1,42,button,14433695233859006401,42,49
1417,40,0.35,Bot4,1,42,button,14433695233859006401,42,49
1418,40,0.35,Bot1,1,27,button,10793453098244044245,27,29
1418,40,0.35,Bot2,1,27,button,10793453098244044245,27,29
1418,40,0.35,Bot3,1,27,button,10793453098244044245,27,29
1418,40,0.35,Bot4,1,27,button,10793453098244044245,27,29
1419,40,0.35,Bot1,1,45,button,12142591664255292647,45,46
1419,40,0.35,Bot2,1,45,button,12142591664255292647,45,46
1419,40,0.35,Bot3,1,45,button,12142591664255292647,45,46
1419,40,0.35,Bot4,1,45,button,12142591664255292647,45,46
1420,40,0.35,Bot1,1,26,button,9002800947560226905,26,26
1420,40,0.35,Bot2,1,26,button,9002800947560226905,26,26
1420,40,0.35,Bot3,1,26,button,9002800947560226905,26,26
1420,40,0.35,Bot4,1,26,button,9002800947560226905,26,26
1421,40,0.35,Bot1,1,34,button,14264603801413295068,34,33
1421,40,0.35,Bot2,1,34,button,14264603801413295068,34,33
1421,40,0.35,Bot3,1,34,button,14264603801413295068,34,33
1421,40,0.35,Bot4,1,34,button,14264603801413295068,34,33
1422,40,0.35,Bot1,1,39,button,7562590523781245802,39,58
1422,40,0.35,Bot2,1,39,button,7562590523781245802,39,58
1422,40,0.35,Bot3,1,39,button,7562590523781245802,39,58
1422,40,0.35,Bot4,1,39,button,7562590523781245802,39,58
1423,40,0.35,Bot1,1,74,button,10652858632583215813,74,47
1423,40,0.35,Bot2,1,74,button,10652858632583215813,74,47
1423,40,0.35,Bot3,1,74,button,10652858632583215813,74,47
1423,40,0.35,Bot4,1,74,button,10652858632583215813,74,47
1424,40,0.35,Bot1,1,2,button,1069055844545214360,2,9
1424,40,0.35,Bot2,1,2,button,1069055844545214360,2,9
1424,40,0.35,Bot3,1,2,button,1069055844545214360,2,9
1424,40,0.35,Bot4,1,2,button,1069055844545214360,2,9
1425,40,0.35,Bot1,1,31,button,15745299556116202128,31,46
1425,40,0.35,Bot2,1,31,button,15745299556116202128,31,46
1425,40,0.35,Bot3,1,31,button,15745299556116202128,31,46
1425,40,0.35,Bot4,1,31,button,15745299556116202128,31,46
1426,40,0.35,Bot1,0,31,caught_by_fire,6260653374174620482,40,25
1426,40,0.35,Bot2,0,31,caught_by_fire,6260653374174620482,40,25
1426,40,0.35,Bot3,0,64,caught_by_fire,6260653374174620482,40,25
1426,40,0.35,Bot4,0,31,caught_by_fire,6260653374174620482,40,25
1427,40,0.35,Bot1,1,22,button,14535966227059804633,22,16
1427,40,0.35,Bot2,1,22,button,14535966227059804633,22,16
1427,40,0.35,Bot3,1,22,button,14535966227059804633,22,16
1427,40,0.35,Bot4,1,22,button,14535966227059804633,22,16
1428,40,0.35,Bot1,1,37,button,15839258610295270035,37,61
1428,40,0.35,Bot2,1,37,button,15839258610295270035,37,61
1428,40,0.35,Bot3,1,37,button,15839258610295270035,37,61
1428,40,0.35,Bot4,1,37,button,15839258610295270035,37,61
1429,40,0.35,Bot1,1,15,button,4389943004410579623,15,66
1429,40,0.35,Bot2,1,15,button,4389943004410579623,15,66
1429,40,0.35,Bot3,1,15,button,4389943004410579623,15,66
1429,40,0.35,Bot4,1,15,button,4389943004410579623,15,66
1430,40,0.35,Bot1,1,34,button,18050978928223743535,34,37
1430,40,0.35,Bot2,1,34,button,18050978928223743535,34,37
1430,40,0.35,Bot3,1,34,button,18050978928223743535,34,37
1430,40,0.35,Bot4,1,34,button,18050978928223743535,34,37
1431,40,0.35,Bot1,1,19,button,4813219448123811146,19,49
1431,40,0.35,Bot2,1,19,button,4813219448123811146,19,49
1431,40,0.35,Bot3,1,19,button,4813219448123811146,19,49
1431,40,0.35,Bot4,1,19,button,4813219448123811146,19,49
1432,40,0.35,Bot1,1,25,button,2519184793661572463,25,50
1432,40,0.35,Bot2,1,25,button,2519184793661572463,25,50
1432,40,0.35,Bot3,1,25,button,2519184793661572463,25,50
1432,40,0.35,Bot4,1,25,button,2519184793661572463,25,50
1433,40,0.35,Bot1,1,31,button,9740390637363109198,31,30
1433,40,0.35,Bot2,1,31,button,9740390637363109198,31,30
1433,40,0.35,Bot3,1,31,button,9740390637363109198,31,30
1433,40,0.35,Bot4,1,31,button,9740390637363109198,31,30
1434,40,0.35,Bot1,1,27,button,3233222209393222699,27,32
1434,40,0.35,Bot2,1,27,button,3233222209393222699,27,32
1434,40,0.35,Bot3,1,27,button,3233222209393222699,27,32
1434,40,0.35,Bot4,1,27,button,3233222209393222699,27,32
1435,40,0.35,Bot1,1,40,button,10703378394310008228,40,19
1435,40,0.35,Bot2,1,40,button,10703378394310008228,40,19
1435,40,0.35,Bot3,1,40,button,10703378394310008228,40,19
1435,40,0.35,Bot4,1,40,button,10703378394310008228,40,19
1436,40,0.35,Bot1,1,37,button,11288479840209164838,37,44
1436,40,0.35,Bot2,1,37,button,11288479840209164838,37,44
1436,40,0.35,Bot3,1,37,button,11288479840209164838,37,44
1436,40,0.35,Bot4,1,37,button,11288479840209164838,37,44
1437,40,0.35,Bot1,1,42,button,7689593081351510428,42,43
1437,40,0.35,Bot2,1,42,button,7689593081351510428,42,43
1437,40,0.35,Bot3,1,42,button,7689593081351510428,42,43
1437,40,0.35,Bot4,1,42,button,7689593081351510428,42,43
1438,40,0.35,Bot1,0,13,walked_into_fire,10793423022010627889,36,22
1438,40,0.35,Bot2,0,89,caught_by_fire,10793423022010627889,36,22
1438,40,0.35,Bot3,0,82,caught_by_fire,10793423022010627889,36,22
1438,40,0.35,Bot4,0,88,caught_by_fire,10793423022010627889,36,22
1439,40,0.35,Bot1,1,41,button,16343395385091882666,41,25
1439,40,0.35,Bot2,1,41,button,16343395385091882666,41,25
1439,40,0.35,Bot3,1,41,button,16343395385091882666,41,25
1439,40,0.35,Bot4,1,41,button,16343395385091882666,41,25
1440,40,0.35,Bot1,1,21,button,5868436838343241663,21,46
1440,40,0.35,Bot2,1,21,button,5868436838343241663,21,46
1440,40,0.35,Bot3,1,21,button,5868436838343241663,21,46
1440,40,0.35,Bot4,1,21,button,5868436838343241663,21,46
1441,40,0.35,Bot1,1,72,button,11892126995285906024,72,44
1441,40,0.35,Bot2,1,72,button,11892126995285906024,72,44
1441,40,0.35,Bot3,1,72,button,11892126995285906024,72,44
1441,40,0.35,Bot4,1,72,button,11892126995285906024,72,44
1442,40,0.35,Bot1,1,42,button,3719486917562280405,42,26
1442,40,0.35,Bot2,1,42,button,3719486917562280405,42,26
1442,40,0.35,Bot3,1,50,button,3719486917562280405,42,26
1442,40,0.35,Bot4,1,42,button,3719486917562280405,42,26
1443,40,0.35,Bot1,0,19,walked_into_fire,9206947249527939532,38,25
1443,40,0.35,Bot2,1,40,button,9206947249527939532,38,25
1443,40,0.35,Bot3,1,40,button,9206947249527939532,38,25
1443,40,0.35,Bot4,1,40,button,9206947249527939532,38,25
1444,40,0.35,Bot1,1,17,button,11292807905417245433,17,18
1444,40,0.35,Bot2,1,17,button,11292807905417245433,17,18
1444,40,0.35,Bot3,1,17,button,11292807905417245433,17,18
1444,40,0.35,Bot4,1,17,button,11292807905417245433,17,18
1445,40,0.35,Bot1,1,44,button,3579322959007001929,44,27
1445,40,0.35,Bot2,1,44,button,3579322959007001929,44,27
1445,40,0.35,Bot3,1,44,button,3579322959007001929,44,27
1445,40,0.35,Bot4,1,44,button,3579322959007001929,44,27
1446,40,0.35,Bot1,1,19,button,8209219347824956904,19,37
1446,40,0.35,Bot2,1,19,button,8209219347824956904,19,37
1446,40,0.35,Bot3,1,19,button,8209219347824956904,19,37
1446,40,0.35,Bot4,1,19,button,8209219347824956904,19,37
1447,40,0.35,Bot1,1,37,button,9591105049811308958,37,52
1447,40,0.35,Bot2,1,37,button,9591105049811308958,37,52
1447,40,0.35,Bot3,1,37,button,9591105049811308958,37,52
1447,40,0.35,Bot4,1,37,button,9591105049811308958,37,52
1448,40,0.35,Bot1,0,24,walked_into_fire,6076276850769393649,36,17
1448,40,0.35,Bot2,0,49,caught_by_fire,6076276850769393649,36,17
1448,40,0.35,Bot3,0,49,caught_by_fire,6076276850769393649,36,17
1448,40,0.35,Bot4,0,49,caught_by_fire,6076276850769393649,36,17
1449,40,0.35,Bot1,1,49,button,3849906864762501585,49,28
1449,40,0.35,Bot2,1,49,button,3849906864762501585,49,28
1449,40,0.35,Bot3,1,49,button,3849906864762501585,49,28
1449,40,0.35,Bot4,1,49,button,3849906864762501585,49,28
1450,40,0.35,Bot1,1,49,button,17443404905499336446,49,57
1450,40,0.35,Bot2,1,49,button,17443404905499336446,49,57
1450,40,0.35,Bot3,1,49,button,17443404905499336446,49,57
1450,40,0.35,Bot4,1,49,button,17443404905499336446,49,57
1451,40,0.35,Bot1,1,5,button,565709078731138602,5,50
1451,40,0.35,Bot2,1,5,button,565709078731138602,5,50
1451,40,0.35,Bot3,1,5,button,565709078731138602,5,50
1451,40,0.35,Bot4,1,5,button,565709078731138602,5,50
1452,40,0.35,Bot1,1,19,button,1228681737818128088,19,33
1452,40,0.35,Bot2,1,19,button,1228681737818128088,19,33
1452,40,0.35,Bot3,1,19,button,1228681737818128088,19,33
1452,40,0.35,Bot4,1,19,button,1228681737818128088,19,33
1453,40,0.35,Bot1,1,83,button,16635342530688976033,83,54
1453,40,0.35,Bot2,1,83,button,16635342530688976033,83,54
1453,40,0.35,Bot3,1,83,button,16635342530688976033,83,54
1453,40,0.35,Bot4,1,83,button,16635342530688976033,83,54
1454,40,0.35,Bot1,1,51,button,10132829545448024796,51,33
1454,40,0.35,Bot2,1,51,button,10132829545448024796,51,33
1454,40,0.35,Bot3,1,51,button,10132829545448024796,51,33
1454,40,0.35,Bot4,1,51,button,10132829545448024796,51,33
1455,40,0.35,Bot1,1,23,button,18236376009163327297,23,23
1455,40,0.35,Bot2,1,23,button,18236376009163327297,23,23
1455,40,0.35,Bot3,1,23,button,18236376009163327297,23,23
1455,40,0.35,Bot4,1,23,button,18236376009163327297,23,23
1456,40,0.35,Bot1,1,31,button,18025452603949685211,31,18
1456,40,0.35,Bot2,1,31,button,18025452603949685211,31,18
1456,40,0.35,Bot3,1,31,button,18025452603949685211,31,18
1456,40,0.35,Bot4,1,31,button,18025452603949685211,31,18
1457,40,0.35,Bot1,1,30,button,12297669506201939072,30,24
1457,40,0.35,Bot2,1,30,button,12297669506201939072,30,24
1457,40,0.35,Bot3,1,30,button,12297669506201939072,30,24
1457,40,0.35,Bot4,1,30,button,12297669506201939072,30,24
1458,40,0.35,Bot1,1,13,button,1771432313696551784,13,41
1458,40,0.35,Bot2,1,13,button,1771432313696551784,13,41
1458,40,0.35,Bot3,1,13,button,1771432313696551784,13,41
1458,40,0.35,Bot4,1,13,button,1771432313696551784,13,41
1459,40,0.35,Bot1,1,22,button,17423850212947917335,22,30
1459,40,0.35,Bot2,1,22,button,17423850212947917335,22,30
1459,40,0.35,Bot3,1,22,button,17423850212947917335,22,30
1459,40,0.35,Bot4,1,22,button,17423850212947917335,22,30
1460,40,0.35,Bot1,0,15,caught_by_fire,4507326930143122481,52,32
1460,40,0.35,Bot2,0,48,caught_by_fire,4507326930143122481,52,32
1460,40,0.35,Bot3,0,48,caught_by_fire,4507326930143122481,52,32
1460,40,0.35,Bot4,0,48,caught_by_fire,4507326930143122481,52,32
1461,40,0.35,Bot1,1,31,button,5687600915076541800,31,35
1461,40,0.35,Bot2,1,31,button,5687600915076541800,31,35
1461,40,0.35,Bot3,1,31,button,5687600915076541800,31,35
1461,40,0.35,Bot4,1,31,button,5687600915076541800,31,35
1462,40,0.35,Bot1,0,54,caught_by_fire,3235081368903144217,69,18
1462,40,0.35,Bot2,0,66,caught_by_fire,3235081368903144217,69,18
1462,40,0.35,Bot3,0,66,caught_by_fire,3235081368903144217,69,18
1462,40,0.35,Bot4,0,66,caught_by_fire,3235081368903144217,69,18
1463,40,0.35,Bot1,1,13,button,8951820393985760423,13,23
1463,40,0.35,Bot2,1,13,button,8951820393985760423,13,23
1463,40,0.35,Bot3,1,13,button,8951820393985760423,13,23
1463,40,0.35,Bot4,1,13,button,8951820393985760423,13,23
1464,40,0.35,Bot1,1,26,button,3018253980162440476,26,43
1464,40,0.35,Bot2,1,26,button,3018253980162440476,26,43
1464,40,0.35,Bot3,1,26,button,3018253980162440476,26,43
1464,40,0.35,Bot4,1,26,button,3018253980162440476,26,43
1465,40,0.35,Bot1,1,39,button,17388495883418650024,39,49
1465,40,0.35,Bot2,1,39,button,17388495883418650024,39,49
1465,40,0.35,Bot3,1,39,button,17388495883418650024,39,49
1465,40,0.35,Bot4,1,39,button,17388495883418650024,39,49
1466,40,0.35,Bot1,1,32,button,5634980562661598213,32,41
1466,40,0.35,Bot2,1,32,button,5634980562661598213,32,41
1466,40,0.35,Bot3,1,32,button,5634980562661598213,32,41
1466,40,0.35,Bot4,1,32,button,5634980562661598213,32,41
1467,40,0.35,Bot1,1,42,button,6786054372844326901,42,45
1467,40,0.35,Bot2,1,42,button,6786054372844326901,42,45
1467,40,0.35,Bot3,1,42,button,6786054372844326901,42,45
1467,40,0.35,Bot4,1,42,button,6786054372844326901,42,45
1468,40,0.35,Bot1,0,41,walked_into_fire,4008596024561539938,48,15
1468,40,0.35,Bot2,0,63,caught_by_fire,4008596024561539938,48,15
1468,40,0.35,Bot3,0,63,caught_by_fire,4008596024561539938,48,15
1468,40,0.35,Bot4,0,63,caught_by_fire,4008596024561539938,48,15
1469,40,0.35,Bot1,1,51,button,1598923714758391839,51,33
1469,40,0.35,Bot2,1,51,button,1598923714758391839,51,33
1469,40,0.35,Bot3,1,51,button,1598923714758391839,51,33
1469,40,0.35,Bot4,1,51,button,1598923714758391839,51,33
1470,40,0.35,Bot1,1,5,button,8931605786944568722,5,54
1470,40,0.35,Bot2,1,5,button,8931605786944568722,5,54
1470,40,0.35,Bot3,1,5,button,8931605786944568722,5,54
1470,40,0.35,Bot4,1,5,button,8931605786944568722,5,54
1471,40,0.35,Bot1,1,13,button,2557088889608069926,13,27
1471,40,0.35,Bot2,1,13,button,2557088889608069926,13,27
1471,40,0.35,Bot3,1,13,button,2557088889608069926,13,27
1471,40,0.35,Bot4,1,13,button,2557088889608069926,13,27
1472,40,0.35,Bot1,1,29,button,8972156274097320324,29,34
1472,40,0.35,Bot2,1,29,button,8972156274097320324,29,34
1472,40,0.35,Bot3,1,29,button,8972156274097320324,29,34
1472,40,0.35,Bot4,1,29,button,8972156274097320324,29,34
1473,40,0.35,Bot1,1,30,button,8662113255554626277,30,27
1473,40,0.35,Bot2,1,30,button,8662113255554626277,30,27
1473,40,0.35,Bot3,1,30,button,8662113255554626277,30,27
1473,40,0.35,Bot4,1,30,button,8662113255554626277,30,27
1474,40,0.35,Bot1,0,18,caught_by_fire,13943134653647171875,77,54
1474,40,0.35,Bot2,0,18,caught_by_fire,13943134653647171875,77,54
1474,40,0.35,Bot3,0,29,caught_by_fire,13943134653647171875,77,54
1474,40,0.35,Bot4,0,19,caught_by_fire,13943134653647171875,77,54
1475,40,0.35,Bot1,1,59,button,14992945141147689888,59,66
1475,40,0.35,Bot2,1,59,button,14992945141147689888,59,66
1475,40,0.35,Bot3,1,59,button,14992945141147689888,59,66
1475,40,0.35,Bot4,1,59,button,14992945141147689888,59,66
1476,40,0.35,Bot1,1,46,button,5903094687326135788,46,47
1476,40,0.35,Bot2,1,46,button,5903094687326135788,46,47
1476,40,0.35,Bot3,1,46,button,5903094687326135788,46,47
1476,40,0.35,Bot4,1,46,button,5903094687326135788,46,47
1477,40,0.35,Bot1,1,13,button,13424685344407522857,13,34
1477,40,0.35,Bot2,1,13,button,13424685344407522857,13,34
1477,40,0.35,Bot3,1,13,button,13424685344407522857,13,34
1477,40,0.35,Bot4,1,13,button,13424685344407522857,13,34
1478,40,0.35,Bot1,1,51,button,13254157173937507441,51,58
1478,40,0.35,Bot2,1,51,button,13254157173937507441,51,58
1478,40,0.35,Bot3,1,51,button,13254157173937507441,51,58
1478,40,0.35,Bot4,1,51,button,13254157173937507441,51,58
1479,40,0.35,Bot1,0,28,walked_into_fire,16071200534956047884,32,8
1479,40,0.35,Bot2,0,54,caught_by_fire,16071200534956047884,32,8
1479,40,0.35,Bot3,0,54,caught_by_fire,16071200534956047884,32,8
1479,40,0.35,Bot4,0,47,caught_by_fire,16071200534956047884,32,8
1480,40,0.35,Bot1,1,25,button,6103793744278824091,25,46
1480,40,0.35,Bot2,1,25,button,6103793744278824091,25,46
1480,40,0.35,Bot3,1,25,button,6103793744278824091,25,46
1480,40,0.35,Bot4,1,25,button,6103793744278824091,25,46
1481,40,0.35,Bot1,0,21,walked_into_fire,11522446085516777353,43,32
1481,40,0.35,Bot2,0,21,caught_by_fire,11522446085516777353,43,32
1481,40,0.35,Bot3,0,21,caught_by_fire,11522446085516777353,43,32
1481,40,0.35,Bot4,0,21,caught_by_fire,11522446085516777353,43,32
1482,40,0.35,Bot1,1,21,button,8231173165495331952,21,25
1482,40,0.35,Bot2,1,21,button,8231173165495331952,21,25
1482,40,0.35,Bot3,1,21,button,8231173165495331952,21,25
1482,40,0.35,Bot4,1,21,button,8231173165495331952,21,25
1483,40,0.35,Bot1,1,57,button,12599176825648484625,57,36
1483,40,0.35,Bot2,1,57,button,12599176825648484625,57,36
1483,40,0.35,Bot3,1,57,button,12599176825648484625,57,36
1483,40,0.35,Bot4,1,57,button,12599176825648484625,57,36
1484,40,0.35,Bot1,1,10,button,6439514148944927715,10,47
1484,40,0.35,Bot2,1,10,button,6439514148944927715,10,47
1484,40,0.35,Bot3,1,10,button,6439514148944927715,10,47
1484,40,0.35,Bot4,1,10,button,6439514148944927715,10,47
1485,40,0.35,Bot1,1,14,button,4596124468585985270,14,36
1485,40,0.35,Bot2,1,14,button,4596124468585985270,14,36
1485,40,0.35,Bot3,1,14,button,4596124468585985270,14,36
1485,40,0.35,Bot4,1,14,button,4596124468585985270,14,36
1486,40,0.35,Bot1,1,47,button,15145894664282660554,47,44
1486,40,0.35,Bot2,1,47,button,15145894664282660554,47,44
1486,40,0.35,Bot3,1,47,button,15145894664282660554,47,44
1486,40,0.35,Bot4,1,47,button,15145894664282660554,47,44
1487,40,0.35,Bot1,1,30,button,8295087120789903752,30,37
1487,40,0.35,Bot2,1,30,button,8295087120789903752,30,37
1487,40,0.35,Bot3,1,30,button,8295087120789903752,30,37
1487,40,0.35,Bot4,1,30,button,8295087120789903752,30,37
1488,40,0.35,Bot1,0,16,caught_by_fire,10439701978678749640,54,40
1488,40,0.35,Bot2,0,57,caught_by_fire,10439701978678749640,54,40
1488,40,0.35,Bot3,0,54,caught_by_fire,10439701978678749640,54,40
1488,40,0.35,Bot4,0,57,caught_by_fire,10439701978678749640,54,40
1489,40,0.35,Bot1,0,22,walked_into_fire,2156568663276514151,30,6
1489,40,0.35,Bot2,0,67,caught_by_fire,2156568663276514151,30,6
1489,40,0.35,Bot3,0,67,caught_by_fire,2156568663276514151,30,6
1489,40,0.35,Bot4,0,68,caught_by_fire,2156568663276514151,30,6
1490,40,0.35,Bot1,1,24,button,2443600303880859032,24,37
1490,40,0.35,Bot2,1,24,button,2443600303880859032,24,37
1490,40,0.35,Bot3,1,24,button,2443600303880859032,24,37
1490,40,0.35,Bot4,1,24,button,2443600303880859032,24,37
1491,40,0.35,Bot1,1,53,button,11396865539433794300,53,39
1491,40,0.35,Bot2,1,53,button,11396865539433794300,53,39
1491,40,0.35,Bot3,1,53,button,11396865539433794300,53,39
1491,40,0.35,Bot4,1,53,button,11396865539433794300,53,39
1492,40,0.35,Bot1,1,50,button,14294933866899642806,50,18
1492,40,0.35,Bot2,1,50,button,14294933866899642806,50,18
1492,40,0.35,Bot3,1,50,button,14294933866899642806,50,18
1492,40,0.35,Bot4,1,50,button,14294933866899642806,50,18
1493,40,0.35,Bot1,1,19,button,5144700096209119385,19,27
1493,40,0.35,Bot2,1,19,button,5144700096209119385,19,27
1493,40,0.35,Bot3,1,19,button,5144700096209119385,19,27
1493,40,0.35,Bot4,1,19,button,5144700096209119385,19,27
1494,40,0.35,Bot1,1,56,button,17301325089700630535,56,15
1494,40,0.35,Bot2,1,56,button,17301325089700630535,56,15
1494,40,0.35,Bot3,1,56,button,17301325089700630535,56,15
1494,40,0.35,Bot4,1,56,button,17301325089700630535,56,15
1495,40,0.35,Bot1,1,14,button,10207662870428112483,14,20
1495,40,0.35,Bot2,1,14,button,10207662870428112483,14,20
1495,40,0.35,Bot3,1,14,button,10207662870428112483,14,20
1495,40,0.35,Bot4,1,14,button,10207662870428112483,14,20
1496,40,0.35,Bot1,1,15,button,16971577479698569206,15,11
1496,40,0.35,Bot2,1,15,button,16971577479698569206,15,11
1496,40,0.35,Bot3,1,15,button,16971577479698569206,15,11
1496,40,0.35,Bot4,1,15,button,16971577479698569206,15,11
1497,40,0.35,Bot1,1,10,button,5415440364514242566,10,23
1497,40,0.35,Bot2,1,10,button,5415440364514242566,10,23
1497,40,0.35,Bot3,1,10,button,5415440364514242566,10,23
1497,40,0.35,Bot4,1,10,button,5415440364514242566,10,23
1498,40,0.35,Bot1,1,14,button,2544475698942551816,14,23
1498,40,0.35,Bot2,1,14,button,2544475698942551816,14,23
1498,40,0.35,Bot3,1,14,button,2544475698942551816,14,23
1498,40,0.35,Bot4,1,14,button,2544475698942551816,14,23
1499,40,0.35,Bot1,1,6,button,9116115399383333341,6,44
1499,40,0.35,Bot2,1,6,button,9116115399383333341,6,44
1499,40,0.35,Bot3,1,6,button,9116115399383333341,6,44
1499,40,0.35,Bot4,1,6,button,9116115399383333341,6,44
1500,40,0.35,Bot1,1,37,button,12716300288633401983,37,42
1500,40,0.35,Bot2,1,37,button,12716300288633401983,37,42
1500,40,0.35,Bot3,1,37,button,12716300288633401983,37,42
1500,40,0.35,Bot4,1,37,button,12716300288633401983,37,42
1501,40,0.35,Bot1,1,40,button,6284274094436318540,40,46
1501,40,0.35,Bot2,1,40,button,6284274094436318540,40,46
1501,40,0.35,Bot3,1,40,button,6284274094436318540,40,46
1501,40,0.35,Bot4,1,40,button,6284274094436318540,40,46
1502,40,0.35,Bot1,1,17,button,3809828659200093000,17,17
1502,40,0.35,Bot2,1,17,button,3809828659200093000,17,17
1502,40,0.35,Bot3,1,17,button,3809828659200093000,17,17
1502,40,0.35,Bot4,1,17,button,3809828659200093000,17,17
1503,40,0.35,Bot1,0,38,walked_into_fire,4534336896850091594,54,2
1503,40,0.35,Bot2,0,117,caught_by_fire,4534336896850091594,54,2
1503,40,0.35,Bot3,0,117,caught_by_fire,4534336896850091594,54,2
1503,40,0.35,Bot4,0,114,caught_by_fire,4534336896850091594,54,2
1504,40,0.35,Bot1,0,9,walked_into_fire,14113181539894935256,26,15
1504,40,0.35,Bot2,0,48,caught_by_fire,14113181539894935256,26,15
1504,40,0.35,Bot3,0,52,caught_by_fire,14113181539894935256,26,15
1504,40,0.35,Bot4,0,48,caught_by_fire,14113181539894935256,26,15
1505,40,0.35,Bot1,1,22,button,12233227139761277533,22,26
1505,40,0.35,Bot2,1,22,button,12233227139761277533,22,26
1505,40,0.35,Bot3,1,22,button,12233227139761277533,22,26
1505,40,0.35,Bot4,1,22,button,12233227139761277533,22,26
1506,40,0.35,Bot1,0,39,caught_by_fire,7999232121424782450,63,21
1506,40,0.35,Bot2,0,66,caught_by_fire,7999232121424782450,63,21
1506,40,0.35,Bot3,0,66,caught_by_fire,7999232121424782450,63,21
1506,40,0.35,Bot4,0,66,caught_by_fire,7999232121424782450,63,21
1507,40,0.35,Bot1,1,50,button,5682301604716843363,50,30
1507,40,0.35,Bot2,1,50,button,5682301604716843363,50,30
1507,40,0.35,Bot3,1,50,button,5682301604716843363,50,30
1507,40,0.35,Bot4,1,50,button,5682301604716843363,50,30
1508,40,0.35,Bot1,0,37,caught_by_fire,13416614932957402799,44,11
1508,40,0.35,Bot2,0,79,caught_by_fire,13416614932957402799,44,11
1508,40,0.35,Bot3,0,79,caught_by_fire,13416614932957402799,44,11
1508,40,0.35,Bot4,0,79,caught_by_fire,13416614932957402799,44,11
1509,40,0.35,Bot1,1,21,button,1694574529806454642,21,39
1509,40,0.35,Bot2,1,21,button,1694574529806454642,21,39
1509,40,0.35,Bot3,1,21,button,1694574529806454642,21,39
1509,40,0.35,Bot4,1,21,button,1694574529806454642,21,39
1510,40,0.35,Bot1,1,55,button,15492448382597849569,55,48
1510,40,0.35,Bot2,1,55,button,15492448382597849569,55,48
1510,40,0.35,Bot3,1,55,button,15492448382597849569,55,48
1510,40,0.35,Bot4,1,55,button,15492448382597849569,55,48
1511,40,0.35,Bot1,1,32,button,10144115809605131455,32,25
1511,40,0.35,Bot2,1,32,button,10144115809605131455,32,25
1511,40,0.35,Bot3,1,32,button,10144115809605131455,32,25
1511,40,0.35,Bot4,1,32,button,10144115809605131455,32,25
1512,40,0.35,Bot1,0,15,walked_into_fire,11643152426125426754,28,9
1512,40,0.35,Bot2,0,30,caught_by_fire,11643152426125426754,28,9
1512,40,0.35,Bot3,0,43,caught_by_fire,11643152426125426754,28,9
1512,40,0.35,Bot4,0,39,caught_by_fire,11643152426125426754,28,9
1513,40,0.35,Bot1,1,39,button,5069236446597758170,39,36
1513,40,0.35,Bot2,1,39,button,5069236446597758170,39,36
1513,40,0.35,Bot3,1,39,button,5069236446597758170,39,36
1513,40,0.35,Bot4,1,39,button,5069236446597758170,39,36
1514,40,0.35,Bot1,0,18,caught_by_fire,13268807098491220601,21,11
1514,40,0.35,Bot2,0,21,caught_by_fire,13268807098491220601,21,11
1514,40,0.35,Bot3,0,21,caught_by_fire,13268807098491220601,21,11
1514,40,0.35,Bot4,0,21,caught_by_fire,13268807098491220601,21,11
1515,40,0.35,Bot1,0,26,walked_into_fire,8842673377947700217,35,10
1515,40,0.35,Bot2,0,33,caught_by_fire,8842673377947700217,35,10
1515,40,0.35,Bot3,0,28,caught_by_fire,8842673377947700217,35,10
1515,40,0.35,Bot4,0,36,caught_by_fire,8842673377947700217,35,10
1516,40,0.35,Bot1,1,17,button,16307243321879595137,17,37
1516,40,0.35,Bot2,1,17,button,16307243321879595137,17,37
1516,40,0.35,Bot3,1,17,button,16307243321879595137,17,37
1516,40,0.35,Bot4,1,17,button,16307243321879595137,17,37
1517,40,0.35,Bot1,1,13,button,8636938663331915640,13,44
1517,40,0.35,Bot2,1,13,button,8636938663331915640,13,44
1517,40,0.35,Bot3,1,13,button,8636938663331915640,13,44
1517,40,0.35,Bot4,1,13,button,8636938663331915640,13,44
1518,40,0.35,Bot1,1,28,button,7874976067587345120,28,40
1518,40,0.35,Bot2,1,28,button,7874976067587345120,28,40
1518,40,0.35,Bot3,1,28,button,7874976067587345120,28,40
1518,40,0.35,Bot4,1,28,button,7874976067587345120,28,40
1519,40,0.35,Bot1,0,27,walked_into_fire,5969558161014161908,37,3
1519,40,0.35,Bot2,0,89,caught_by_fire,5969558161014161908,37,3
1519,40,0.35,Bot3,0,89,caught_by_fire,5969558161014161908,37,3
1519,40,0.35,Bot4,0,86,caught_by_fire,5969558161014161908,37,3
1520,40,0.35,Bot1,1,23,button,10071392246117349195,23,17
1520,40,0.35,Bot2,1,23,button,10071392246117349195,23,17
1520,40,0.35,Bot3,1,23,button,10071392246117349195,23,17
1520,40,0.35,Bot4,1,23,button,10071392246117349195,23,17
1521,40,0.35,Bot1,1,58,button,8936641610014001303,58,56
1521,40,0.35,Bot2,1,58,button,8936641610014001303,58,56
1521,40,0.35,Bot3,1,58,button,8936641610014001303,58,56
1521,40,0.35,Bot4,1,58,button,8936641610014001303,58,56
1522,40,0.35,Bot1,1,17,button,3710433558709493834,17,31
1522,40,0.35,Bot2,1,17,button,3710433558709493834,17,31
1522,40,0.35,Bot3,1,17,button,3710433558709493834,17,31
1522,40,0.35,Bot4,1,17,button,3710433558709493834,17,31
1523,40,0.35,Bot1,1,12,button,2960817163071783449,12,24
1523,40,0.35,Bot2,1,12,button,2960817163071783449,12,24
1523,40,0.35,Bot3,1,12,button,2960817163071783449,12,24
1523,40,0.35,Bot4,1,12,button,2960817163071783449,12,24
1524,40,0.35,Bot1,1,30,button,42454046908169343,30,39
1524,40,0.35,Bot2,1,30,button,42454046908169343,30,39
1524,40,0.35,Bot3,1,30,button,42454046908169343,30,39
1524,40,0.35,Bot4,1,30,button,42454046908169343,30,39
1525,40,0.35,Bot1,1,55,button,10995929962903208466,55,41
1525,40,0.35,Bot2,1,55,button,10995929962903208466,55,41
1525,40,0.35,Bot3,1,55,button,10995929962903208466,55,41
1525,40,0.35,Bot4,1,55,button,10995929962903208466,55,41
1526,40,0.35,Bot1,1,5,button,4914534838203628110,5,28
1526,40,0.35,Bot2,1,5,button,4914534838203628110,5,28
1526,40,0.35,Bot3,1,5,button,4914534838203628110,5,28
1526,40,0.35,Bot4,1,5,button,4914534838203628110,5,28
1527,40,0.35,Bot1,1,40,button,6248955233537434869,40,26
1527,40,0.35,Bot2,1,40,button,6248955233537434869,40,26
1527,40,0.35,Bot3,1,40,button,6248955233537434869,40,26
1527,40,0.35,Bot4,1,40,button,6248955233537434869,40,26
1528,40,0.35,Bot1,0,20,walked_into_fire,1501232748206609737,53,36
1528,40,0.35,Bot2,0,54,caught_by_fire,1501232748206609737,53,36
1528,40,0.35,Bot3,1,61,button,1501232748206609737,53,36
1528,40,0.35,Bot4,0,54,caught_by_fire,1501232748206609737,53,36
1529,40,0.35,Bot1,0,17,walked_into_fire,17094464660410505422,53,33
1529,40,0.35,Bot2,1,73,button,17094464660410505422,53,33
1529,40,0.35,Bot3,1,73,button,17094464660410505422,53,33
1529,40,0.35,Bot4,1,73,button,17094464660410505422,53,33
1530,40,0.35,Bot1,1,26,button,14938914054050659043,26,20
1530,40,0.35,Bot2,1,26,button,14938914054050659043,26,20
1530,40,0.35,Bot3,1,26,button,14938914054050659043,26,20
1530,40,0.35,Bot4,1,26,button,14938914054050659043,26,20
1531,40,0.35,Bot1,1,54,button,13779424410379070774,54,49
1531,40,0.35,Bot2,1,54,button,13779424410379070774,54,49
1531,40,0.35,Bot3,1,54,button,13779424410379070774,54,49
1531,40,0.35,Bot4,1,54,button,13779424410379070774,54,49
1532,40,0.35,Bot1,1,35,button,4917774813223738446,35,41
1532,40,0.35,Bot2,1,35,button,4917774813223738446,35,41
1532,40,0.35,Bot3,1,35,button,4917774813223738446,35,41
1532,40,0.35,Bot4,1,35,button,4917774813223738446,35,41
1533,40,0.35,Bot1,1,32,button,14135631981480145685,32,35
1533,40,0.35,Bot2,1,32,button,14135631981480145685,32,35
1533,40,0.35,Bot3,1,32,button,14135631981480145685,32,35
1533,40,0.35,Bot4,1,32,button,14135631981480145685,32,35
1534,40,0.35,Bot1,1,61,button,1910634894627239546,61,43
1534,40,0.35,Bot2,1,61,button,1910634894627239546,61,43
1534,40,0.35,Bot3,1,61,button,1910634894627239546,61,43
1534,40,0.35,Bot4,1,61,button,1910634894627239546,61,43
1535,40,0.35,Bot1,0,37,walked_into_fire,2932415167515406394,53,25
1535,40,0.35,Bot2,0,111,caught_by_fire,2932415167515406394,53,25
1535,40,0.35,Bot3,0,111,caught_by_fire,2932415167515406394,53,25
1535,40,0.35,Bot4,0,99,caught_by_fire,2932415167515406394,53,25
1536,40,0.35,Bot1,1,21,button,16277261993600007741,21,41
1536,40,0.35,Bot2,1,21,button,16277261993600007741,21,41
1536,40,0.35,Bot3,1,21,button,16277261993600007741,21,41
1536,40,0.35,Bot4,1,21,button,16277261993600007741,21,41
1537,40,0.35,Bot1,1,37,button,16826382278930823284,37,24
1537,40,0.35,Bot2,1,37,button,16826382278930823284,37,24
1537,40,0.35,Bot3,1,37,button,16826382278930823284,37,24
1537,40,0.35,Bot4,1,37,button,16826382278930823284,37,24
1538,40,0.35,Bot1,0,15,walked_into_fire,2138698656702814130,35,18
1538,40,0.35,Bot2,0,51,caught_by_fire,2138698656702814130,35,18
1538,40,0.35,Bot3,0,57,caught_by_fire,2138698656702814130,35,18
1538,40,0.35,Bot4,0,51,caught_by_fire,2138698656702814130,35,18
1539,40,0.35,Bot1,1,4,button,7976978624812772212,4,22
1539,40,0.35,Bot2,1,4,button,7976978624812772212,4,22
1539,40,0.35,Bot3,1,4,button,7976978624812772212,4,22
1539,40,0.35,Bot4,1,4,button,7976978624812772212,4,22
1540,40,0.35,Bot1,1,35,button,11574841515717023975,35,45
1540,40,0.35,Bot2,1,35,button,11574841515717023975,35,45
1540,40,0.35,Bot3,1,35,button,11574841515717023975,35,45
1540,40,0.35,Bot4,1,35,button,11574841515717023975,35,45
1541,40,0.35,Bot1,1,39,button,10269116563947267648,39,42
1541,40,0.35,Bot2,1,39,button,10269116563947267648,39,42
1541,40,0.35,Bot3,1,39,button,10269116563947267648,39,42
1541,40,0.35,Bot4,1,39,button,10269116563947267648,39,42
1542,40,0.35,Bot1,1,27,button,650130743658015570,27,28
1542,40,0.35,Bot2,1,27,button,650130743658015570,27,28
1542,40,0.35,Bot3,1,27,button,650130743658015570,27,28
1542,40,0.35,Bot4,1,27,button,650130743658015570,27,28
1543,40,0.35,Bot1,1,16,button,5051081809680227347,16,30
1543,40,0.35,Bot2,1,16,button,5051081809680227347,16,30
1543,40,0.35,Bot3,1,16,button,5051081809680227347,16,30
1543,40,0.35,Bot4,1,16,button,5051081809680227347,16,30
1544,40,0.35,Bot1,1,39,button,3569830287474535659,39,44
1544,40,0.35,Bot2,1,39,button,3569830287474535659,39,44
1544,40,0.35,Bot3,1,39,button,3569830287474535659,39,44
1544,40,0.35,Bot4,1,39,button,3569830287474535659,39,44
1545,40,0.35,Bot1,1,36,button,18360552689541706398,36,42
1545,40,0.35,Bot2,1,36,button,18360552689541706398,36,42
1545,40,0.35,Bot3,1,36,button,18360552689541706398,36,42
1545,40,0.35,Bot4,1,36,button,18360552689541706398,36,42
1546,40,0.35,Bot1,1,36,button,14302522737068818676,36,55
1546,40,0.35,Bot2,1,36,button,14302522737068818676,36,55
1546,40,0.35,Bot3,1,36,button,14302522737068818676,36,55
1546,40,0.35,Bot4,1,36,button,14302522737068818676,36,55
1547,40,0.35,Bot1,1,30,button,11879296819671442341,30,24
1547,40,0.35,Bot2,1,30,button,11879296819671442341,30,24
1547,40,0.35,Bot3,1,30,button,11879296819671442341,30,24
1547,40,0.35,Bot4,1,30,button,11879296819671442341,30,24
1548,40,0.35,Bot1,1,32,button,13210965338370375818,32,23
1548,40,0.35,Bot2,1,32,button,13210965338370375818,32,23
1548,40,0.35,Bot3,1,32,button,13210965338370375818,32,23
1548,40,0.35,Bot4,1,32,button,13210965338370375818,32,23
1549,40,0.35,Bot1,1,8,button,13473436463350373988,8,15
1549,40,0.35,Bot2,1,8,button,13473436463350373988,8,15
1549,40,0.35,Bot3,1,8,button,13473436463350373988,8,15
1549,40,0.35,Bot4,1,8,button,13473436463350373988,8,15
1550,40,0.35,Bot1,1,53,button,7528530838594726195,53,32
1550,40,0.35,Bot2,1,53,button,7528530838594726195,53,32
1550,40,0.35,Bot3,1,53,button,7528530838594726195,53,32
1550,40,0.35,Bot4,1,53,button,7528530838594726195,53,32
1551,40,0.35,Bot1,1,10,button,14686038527232033568,10,51
1551,40,0.35,Bot2,1,10,button,14686038527232033568,10,51
1551,40,0.35,Bot3,1,10,button,14686038527232033568,10,51
1551,40,0.35,Bot4,1,10,button,14686038527232033568,10,51
1552,40,0.35,Bot1,1,4,button,4594220749851443508,4,15
1552,40,0.35,Bot2,1,4,button,4594220749851443508,4,15
1552,40,0.35,Bot3,1,4,button,4594220749851443508,4,15
1552,40,0.35,Bot4,1,4,button,4594220749851443508,4,15
1553,40,0.35,Bot1,0,26,walked_into_fire,15371290984580571020,52,26
1553,40,0.35,Bot2,0,42,caught_by_fire,15371290984580571020,52,26
1553,40,0.35,Bot3,0,36,caught_by_fire,15371290984580571020,52,26
1553,40,0.35,Bot4,0,42,caught_by_fire,15371290984580571020,52,26
1554,40,0.35,Bot1,0,23,caught_by_fire,9881488636533566158,50,25
1554,40,0.35,Bot2,1,70,button,9881488636533566158,50,25
1554,40,0.35,Bot3,1,68,button,9881488636533566158,50,25
1554,40,0.35,Bot4,1,70,button,9881488636533566158,50,25
1555,40,0.35,Bot1,1,7,button,16531502237081488428,7,28
1555,40,0.35,Bot2,1,7,button,16531502237081488428,7,28
1555,40,0.35,Bot3,1,7,button,16531502237081488428,7,28
1555,40,0.35,Bot4,1,7,button,16531502237081488428,7,28
1556,40,0.35,Bot1,1,41,button,5767388459334776688,41,43
1556,40,0.35,Bot2,1,41,button,5767388459334776688,41,43
1556,40,0.35,Bot3,1,41,button,5767388459334776688,41,43
1556,40,0.35,Bot4,1,41,button,5767388459334776688,41,43
1557,40,0.35,Bot1,0,23,caught_by_fire,775245597732101025,34,17
1557,40,0.35,Bot2,0,23,caught_by_fire,775245597732101025,34,17
1557,40,0.35,Bot3,1,36,button,775245597732101025,34,17
1557,40,0.35,Bot4,0,23,caught_by_fire,775245597732101025,34,17
1558,40,0.35,Bot1,1,44,button,12283822274193349270,44,34
1558,40,0.35,Bot2,1,44,button,12283822274193349270,44,34
1558,40,0.35,Bot3,1,44,button,12283822274193349270,44,34
1558,40,0.35,Bot4,1,44,button,12283822274193349270,44,34
1559,40,0.35,Bot1,1,15,button,15097853947354756536,15,22
1559,40,0.35,Bot2,1,15,button,15097853947354756536,15,22
1559,40,0.35,Bot3,1,15,button,15097853947354756536,15,22
1559,40,0.35,Bot4,1,15,button,15097853947354756536,15,22
1560,40,0.35,Bot1,1,17,button,13299939545499100391,17,58
1560,40,0.35,Bot2,1,17,button,13299939545499100391,17,58
1560,40,0.35,Bot3,1,17,button,13299939545499100391,17,58
1560,40,0.35,Bot4,1,17,button,13299939545499100391,17,58
1561,40,0.35,Bot1,1,12,button,8988502268648573740,12,18
1561,40,0.35,Bot2,1,12,button,8988502268648573740,12,18
1561,40,0.35,Bot3,1,12,button,8988502268648573740,12,18
1561,40,0.35,Bot4,1,12,button,8988502268648573740,12,18
1562,40,0.35,Bot1,1,11,button,6064571820883114026,11,20
1562,40,0.35,Bot2,1,11,button,6064571820883114026,11,20
1562,40,0.35,Bot3,1,11,button,6064571820883114026,11,20
1562,40,0.35,Bot4,1,11,button,6064571820883114026,11,20
1563,40,0.35,Bot1,1,22,button,6975420766564840093,22,50
1563,40,0.35,Bot2,1,22,button,6975420766564840093,22,50
1563,40,0.35,Bot3,1,22,button,6975420766564840093,22,50
1563,40,0.35,Bot4,1,22,button,6975420766564840093,22,50
1564,40,0.35,Bot1,1,29,button,8532278507807314565,29,56
1564,40,0.35,Bot2,1,29,button,8532278507807314565,29,56
1564,40,0.35,Bot3,1,29,button,8532278507807314565,29,56
1564,40,0.35,Bot4,1,29,button,8532278507807314565,29,56
1565,40,0.35,Bot1,1,22,button,14126628269038262149,22,13
1565,40,0.35,Bot2,1,22,button,14126628269038262149,22,13
1565,40,0.35,Bot3,1,22,button,14126628269038262149,22,13
1565,40,0.35,Bot4,1,22,button,14126628269038262149,22,13
1566,40,0.35,Bot1,1,19,button,2215421635888833461,19,24
1566,40,0.35,Bot2,1,19,button,2215421635888833461,19,24
1566,40,0.35,Bot3,1,19,button,2215421635888833461,19,24
1566,40,0.35,Bot4,1,19,button,2215421635888833461,19,24
1567,40,0.35,Bot1,1,45,button,928036375063140253,45,53
1567,40,0.35,Bot2,1,45,button,928036375063140253,45,53
1567,40,0.35,Bot3,1,45,button,928036375063140253,45,53
1567,40,0.35,Bot4,1,45,button,928036375063140253,45,53
1568,40,0.35,Bot1,0,28,walked_into_fire,12812635464275975487,43,3
1568,40,0.35,Bot2,0,89,caught_by_fire,12812635464275975487,43,3
1568,40,0.35,Bot3,0,89,caught_by_fire,12812635464275975487,43,3
1568,40,0.35,Bot4,0,80,caught_by_fire,12812635464275975487,43,3
1569,40,0.35,Bot1,1,24,button,11419698068358137737,24,20
1569,40,0.35,Bot2,1,24,button,11419698068358137737,24,20
1569,40,0.35,Bot3,1,24,button,11419698068358137737,24,20
1569,40,0.35,Bot4,1,24,button,11419698068358137737,24,20
1570,40,0.35,Bot1,1,13,button,17032721079827952345,13,32
1570,40,0.35,Bot2,1,13,button,17032721079827952345,13,32
1570,40,0.35,Bot3,1,13,button,17032721079827952345,13,32
1570,40,0.35,Bot4,1,13,button,17032721079827952345,13,32
1571,40,0.35,Bot1,1,38,button,518460360133686818,38,30
1571,40,0.35,Bot2,1,38,button,518460360133686818,38,30
1571,40,0.35,Bot3,1,38,button,518460360133686818,38,30
1571,40,0.35,Bot4,1,38,button,518460360133686818,38,30
1572,40,0.35,Bot1,0,19,walked_into_fire,5854100289518800743,23,8
1572,40,0.35,Bot2,0,27,caught_by_fire,5854100289518800743,23,8
1572,40,0.35,Bot3,0,29,caught_by_fire,5854100289518800743,23,8
1572,40,0.35,Bot4,0,31,caught_by_fire,5854100289518800743,23,8
1573,40,0.35,Bot1,1,53,button,4412515565491929588,53,61
1573,40,0.35,Bot2,1,53,button,4412515565491929588,53,61
1573,40,0.35,Bot3,1,53,button,4412515565491929588,53,61
1573,40,0.35,Bot4,1,53,button,4412515565491929588,53,61
1574,40,0.35,Bot1,1,16,button,14349615019401529312,16,38
1574,40,0.35,Bot2,1,16,button,14349615019401529312,16,38
1574,40,0.35,Bot3,1,16,button,14349615019401529312,16,38
1574,40,0.35,Bot4,1,16,button,14349615019401529312,16,38
1575,40,0.35,Bot1,1,54,button,12726225546320235675,54,38
1575,40,0.35,Bot2,1,54,button,12726225546320235675,54,38
1575,40,0.35,Bot3,1,54,button,12726225546320235675,54,38
1575,40,0.35,Bot4,1,54,button,12726225546320235675,54,38
1576,40,0.35,Bot1,1,13,button,9883960829284148704,13,44
1576,40,0.35,Bot2,1,13,button,9883960829284148704,13,44
1576,40,0.35,Bot3,1,13,button,9883960829284148704,13,44
1576,40,0.35,Bot4,1,13,button,9883960829284148704,13,44
1577,40,0.35,Bot1,1,47,button,4441246099559413756,47,25
1577,40,0.35,Bot2,1,47,button,4441246099559413756,47,25
1577,40,0.35,Bot3,1,47,button,4441246099559413756,47,25
1577,40,0.35,Bot4,1,47,button,4441246099559413756,47,25
1578,40,0.35,Bot1,1,40,button,7807866818934905692,40,48
1578,40,0.35,Bot2,1,40,button,7807866818934905692,40,48
1578,40,0.35,Bot3,1,40,button,7807866818934905692,40,48
1578,40,0.35,Bot4,1,40,button,7807866818934905692,40,48
1579,40,0.35,Bot1,0,16,walked_into_fire,8677189376673478496,46,29
1579,40,0.35,Bot2,1,58,button,8677189376673478496,46,29
1579,40,0.35,Bot3,1,62,button,8677189376673478496,46,29
1579,40,0.35,Bot4,1,58,button,8677189376673478496,46,29
1580,40,0.35,Bot1,1,32,button,18160098750779070451,32,58
1580,40,0.35,Bot2,1,32,button,18160098750779070451,32,58
1580,40,0.35,Bot3,1,32,button,18160098750779070451,32,58
1580,40,0.35,Bot4,1,32,button,18160098750779070451,32,58
1581,40,0.35,Bot1,1,18,button,10940473950937625702,18,15
1581,40,0.35,Bot2,1,18,button,10940473950937625702,18,15
1581,40,0.35,Bot3,1,18,button,10940473950937625702,18,15
1581,40,0.35,Bot4,1,18,button,10940473950937625702,18,15
1582,40,0.35,Bot1,1,40,button,14862956770227025735,40,51
1582,40,0.35,Bot2,1,40,button,14862956770227025735,40,51
1582,40,0.35,Bot3,1,40,button,14862956770227025735,40,51
1582,40,0.35,Bot4,1,40,button,14862956770227025735,40,51
1583,40,0.35,Bot1,1,25,button,10315600286919030753,25,25
1583,40,0.35,Bot2,1,25,button,10315600286919030753,25,25
1583,40,0.35,Bot3,1,25,button,10315600286919030753,25,25
1583,40,0.35,Bot4,1,25,button,10315600286919030753,25,25
1584,40,0.35,Bot1,1,9,button,1779920988501018410,9,15
1584,40,0.35,Bot2,1,9,button,1779920988501018410,9,15
1584,40,0.35,Bot3,1,9,button,1779920988501018410,9,15
1584,40,0.35,Bot4,1,9,button,1779920988501018410,9,15
1585,40,0.35,Bot1,1,39,button,732839736279247186,39,33
1585,40,0.35,Bot2,1,39,button,732839736279247186,39,33
1585,40,0.35,Bot3,1,39,button,732839736279247186,39,33
1585,40,0.35,Bot4,1,39,button,732839736279247186,39,33
1586,40,0.35,Bot1,1,32,button,6484056632481555193,32,41
1586,40,0.35,Bot2,1,32,button,6484056632481555193,32,41
1586,40,0.35,Bot3,1,32,button,6484056632481555193,32,41
1586,40,0.35,Bot4,1,32,button,6484056632481555193,32,41
1587,40,0.35,Bot1,1,48,button,14208436336423511019,48,26
1587,40,0.35,Bot2,1,48,button,14208436336423511019,48,26
1587,40,0.35,Bot3,1,48,button,14208436336423511019,48,26
1587,40,0.35,Bot4,1,48,button,14208436336423511019,48,26
1588,40,0.35,Bot1,1,36,button,17064726229735105416,36,45
1588,40,0.35,Bot2,1,36,button,17064726229735105416,36,45
1588,40,0.35,Bot3,1,36,button,17064726229735105416,36,45
1588,40,0.35,Bot4,1,36,button,17064726229735105416,36,45
1589,40,0.35,Bot1,1,13,button,4353951870369928888,13,59
1589,40,0.35,Bot2,1,13,button,4353951870369928888,13,59
1589,40,0.35,Bot3,1,13,button,4353951870369928888,13,59
1589,40,0.35,Bot4,1,13,button,4353951870369928888,13,59
1590,40,0.35,Bot1,1,4,button,6745864658616283123,4,30
1590,40,0.35,Bot2,1,4,button,6745864658616283123,4,30
1590,40,0.35,Bot3,1,4,button,6745864658616283123,4,30
1590,40,0.35,Bot4,1,4,button,6745864658616283123,4,30
1591,40,0.35,Bot1,1,21,button,9961843687905441775,21,33
1591,40,0.35,Bot2,1,21,button,9961843687905441775,21,33
1591,40,0.35,Bot3,1,21,button,9961843687905441775,21,33
1591,40,0.35,Bot4,1,21,button,9961843687905441775,21,33
1592,40,0.35,Bot1,1,33,button,5289315786534641400,33,46
1592,40,0.35,Bot2,1,33,button,5289315786534641400,33,46
1592,40,0.35,Bot3,1,33,button,5289315786534641400,33,46
1592,40,0.35,Bot4,1,33,button,5289315786534641400,33,46
1593,40,0.35,Bot1,0,29,walked_into_fire,7179341427515681614,35,12
1593,40,0.35,Bot2,0,73,caught_by_fire,7179341427515681614,35,12
1593,40,0.35,Bot3,0,73,caught_by_fire,7179341427515681614,35,12
1593,40,0.35,Bot4,0,72,caught_by_fire,7179341427515681614,35,12
1594,40,0.35,Bot1,0,26,walked_into_fire,7168762307378146607,44,13
1594,40,0.35,Bot2,0,34,caught_by_fire,7168762307378146607,44,13
1594,40,0.35,Bot3,0,45,caught_by_fire,7168762307378146607,44,13
1594,40,0.35,Bot4,0,42,caught_by_fire,7168762307378146607,44,13
1595,40,0.35,Bot1,0,32,walked_into_fire,62779600766400235,55,18
1595,40,0.35,Bot2,0,65,caught_by_fire,62779600766400235,55,18
1595,40,0.35,Bot3,0,65,caught_by_fire,62779600766400235,55,18
1595,40,0.35,Bot4,0,65,caught_by_fire,62779600766400235,55,18
1596,40,0.35,Bot1,1,31,button,14548396821938293130,31,41
1596,40,0.35,Bot2,1,31,button,14548396821938293130,31,41
1596,40,0.35,Bot3,1,31,button,14548396821938293130,31,41
1596,40,0.35,Bot4,1,31,button,14548396821938293130,31,41
1597,40,0.35,Bot1,0,28,walked_into_fire,7390125620873983384,42,14
1597,40,0.35,Bot2,0,57,caught_by_fire,7390125620873983384,42,14
1597,40,0.35,Bot3,0,57,caught_by_fire,7390125620873983384,42,14
1597,40,0.35,Bot4,0,57,caught_by_fire,7390125620873983384,42,14
1598,40,0.35,Bot1,0,18,caught_by_fire,6740648500321587066,40,19
1598,40,0.35,Bot2,0,69,caught_by_fire,6740648500321587066,40,19
1598,40,0.35,Bot3,0,58,caught_by_fire,6740648500321587066,40,19
1598,40,0.35,Bot4,0,58,caught_by_fire,6740648500321587066,40,19
1599,40,0.35,Bot1,1,39,button,15258237882253459207,39,23
1599,40,0.35,Bot2,1,39,button,15258237882253459207,39,23
1599,40,0.35,Bot3,1,39,button,15258237882253459207,39,23
1599,40,0.35,Bot4,1,39,button,15258237882253459207,39,23
1600,40,0.40,Bot1,0,16,caught_by_fire,2598036557553114889,46,25
1600,40,0.40,Bot2,0,16,caught_by_fire,2598036557553114889,46,25
1600,40,0.40,Bot3,0,118,caught_by_fire,2598036557553114889,46,25
1600,40,0.40,Bot4,0,16,caught_by_fire,2598036557553114889,46,25
1601,40,0.40,Bot1,0,44,walked_into_fire,18365516294685503080,61,29
1601,40,0.40,Bot2,0,53,caught_by_fire,18365516294685503080,61,29
1601,40,0.40,Bot3,0,61,caught_by_fire,18365516294685503080,61,29
1601,40,0.40,Bot4,0,55,caught_by_fire,18365516294685503080,61,29
1602,40,0.40,Bot1,1,14,button,3569838598454459834,14,14
1602,40,0.40,Bot2,1,14,button,3569838598454459834,14,14
1602,40,0.40,Bot3,1,14,button,3569838598454459834,14,14
1602,40,0.40,Bot4,1,14,button,3569838598454459834,14,14
1603,40,0.40,Bot1,0,32,walked_into_fire,12251111756141580059,56,23
1603,40,0.40,Bot2,0,58,caught_by_fire,12251111756141580059,56,23
1603,40,0.40,Bot3,0,60,caught_by_fire,12251111756141580059,56,23
1603,40,0.40,Bot4,0,46,caught_by_fire,12251111756141580059,56,23
1604,40,0.40,Bot1,1,24,button,7939618281773546815,24,27
1604,40,0.40,Bot2,1,24,button,7939618281773546815,24,27
1604,40,0.40,Bot3,1,24,button,7939618281773546815,24,27
1604,40,0.40,Bot4,1,24,button,7939618281773546815,24,27
1605,40,0.40,Bot1,1,39,button,3802443474092035870,39,55
1605,40,0.40,Bot2,1,39,button,3802443474092035870,39,55
1605,40,0.40,Bot3,1,39,button,3802443474092035870,39,55
1605,40,0.40,Bot4,1,39,button,3802443474092035870,39,55
1606,40,0.40,Bot1,1,46,button,12208166158673264213,46,39
1606,40,0.40,Bot2,1,46,button,12208166158673264213,46,39
1606,40,0.40,Bot3,1,46,button,12208166158673264213,46,39
1606,40,0.40,Bot4,1,46,button,12208166158673264213,46,39
1607,40,0.40,Bot1,1,55,button,17956043818256725661,55,35
1607,40,0.40,Bot2,1,55,button,17956043818256725661,55,35
1607,40,0.40,Bot3,1,55,button,17956043818256725661,55,35
1607,40,0.40,Bot4,1,55,button,17956043818256725661,55,35
1608,40,0.40,Bot1,1,43,button,7302682499987771120,43,25
1608,40,0.40,Bot2,1,43,button,7302682499987771120,43,25
1608,40,0.40,Bot3,1,43,button,7302682499987771120,43,25
1608,40,0.40,Bot4,1,43,button,7302682499987771120,43,25
1609,40,0.40,Bot1,1,29,button,10017720456954235635,29,34
1609,40,0.40,Bot2,1,29,button,10017720456954235635,29,34
1609,40,0.40,Bot3,1,29,button,10017720456954235635,29,34
1609,40,0.40,Bot4,1,29,button,10017720456954235635,29,34
1610,40,0.40,Bot1,1,56,button,12137797473496341634,56,59
1610,40,0.40,Bot2,1,56,button,12137797473496341634,56,59
1610,40,0.40,Bot3,1,56,button,12137797473496341634,56,59
1610,40,0.40,Bot4,1,56,button,12137797473496341634,56,59
1611,40,0.40,Bot1,0,23,walked_into_fire,535644965016919116,51,33
1611,40,0.40,Bot2,0,36,caught_by_fire,535644965016919116,51,33
1611,40,0.40,Bot3,0,36,caught_by_fire,535644965016919116,51,33
1611,40,0.40,Bot4,0,36,caught_by_fire,535644965016919116,51,33
1612,40,0.40,Bot1,1,31,button,17216645410232203336,31,32
1612,40,0.40,Bot2,1,31,button,17216645410232203336,31,32
1612,40,0.40,Bot3,1,31,button,17216645410232203336,31,32
1612,40,0.40,Bot4,1,31,button,17216645410232203336,31,32
1613,40,0.40,Bot1,1,26,button,9404607620985078915,26,51
1613,40,0.40,Bot2,1,26,button,9404607620985078915,26,51
1613,40,0.40,Bot3,1,26,button,9404607620985078915,26,51
1613,40,0.40,Bot4,1,26,button,9404607620985078915,26,51
1614,40,0.40,Bot1,0,49,walked_into_fire,2554125612438494086,63,32
1614,40,0.40,Bot2,0,79,caught_by_fire,2554125612438494086,63,32
1614,40,0.40,Bot3,0,72,caught_by_fire,2554125612438494086,63,32
1614,40,0.40,Bot4,0,79,caught_by_fire,2554125612438494086,63,32
1615,40,0.40,Bot1,1,56,button,13304733859133325829,56,57
1615,40,0.40,Bot2,1,56,button,13304733859133325829,56,57
1615,40,0.40,Bot3,1,56,button,13304733859133325829,56,57
1615,40,0.40,Bot4,1,56,button,13304733859133325829,56,57
1616,40,0.40,Bot1,0,23,walked_into_fire,6225919674484888918,34,1
1616,40,0.40,Bot2,0,69,caught_by_fire,6225919674484888918,34,1
1616,40,0.40,Bot3,0,69,caught_by_fire,6225919674484888918,34,1
1616,40,0.40,Bot4,0,66,caught_by_fire,6225919674484888918,34,1
1617,40,0.40,Bot1,1,5,button,7326338367865382782,5,57
1617,40,0.40,Bot2,1,5,button,7326338367865382782,5,57
1617,40,0.40,Bot3,1,5,button,7326338367865382782,5,57
1617,40,0.40,Bot4,1,5,button,7326338367865382782,5,57
1618,40,0.40,Bot1,1,34,button,15894197428334604379,34,33
1618,40,0.40,Bot2,1,34,button,15894197428334604379,34,33
1618,40,0.40,Bot3,1,34,button,15894197428334604379,34,33
1618,40,0.40,Bot4,1,34,button,15894197428334604379,34,33
1619,40,0.40,Bot1,1,10,button,14621985459005192200,10,20
1619,40,0.40,Bot2,1,10,button,14621985459005192200,10,20
1619,40,0.40,Bot3,1,10,button,14621985459005192200,10,20
1619,40,0.40,Bot4,1,10,button,14621985459005192200,10,20
1620,40,0.40,Bot1,1,43,button,17407924773294546050,43,46
1620,40,0.40,Bot2,1,43,button,17407924773294546050,43,46
1620,40,0.40,Bot3,1,43,button,17407924773294546050,43,46
1620,40,0.40,Bot4,1,43,button,17407924773294546050,43,46
1621,40,0.40,Bot1,1,20,button,17805298056657657608,20,34
1621,40,0.40,Bot2,1,20,button,17805298056657657608,20,34
1621,40,0.40,Bot3,1,20,button,17805298056657657608,20,34
1621,40,0.40,Bot4,1,20,button,17805298056657657608,20,34
1622,40,0.40,Bot1,1,46,button,296249248924849066,46,37
1622,40,0.40,Bot2,1,46,button,296249248924849066,46,37
1622,40,0.40,Bot3,1,60,button,296249248924849066,46,37
1622,40,0.40,Bot4,1,46,button,296249248924849066,46,37
1623,40,0.40,Bot1,0,50,walked_into_fire,17910461626034849158,68,14
1623,40,0.40,Bot2,0,114,caught_by_fire,17910461626034849158,68,14
1623,40,0.40,Bot3,0,114,caught_by_fire,17910461626034849158,68,14
1623,40,0.40,Bot4,0,114,caught_by_fire,17910461626034849158,68,14
1624,40,0.40,Bot1,1,30,button,10991735633645014380,30,55
1624,40,0.40,Bot2,1,30,button,10991735633645014380,30,55
1624,40,0.40,Bot3,1,30,button,10991735633645014380,30,55
1624,40,0.40,Bot4,1,30,button,10991735633645014380,30,55
1625,40,0.40,Bot1,1,18,button,2380489722337318439,18,16
1625,40,0.40,Bot2,1,18,button,2380489722337318439,18,16
1625,40,0.40,Bot3,1,18,button,2380489722337318439,18,16
1625,40,0.40,Bot4,1,18,button,2380489722337318439,18,16
1626,40,0.40,Bot1,1,15,button,8714656991799585685,15,22
1626,40,0.40,Bot2,1,15,button,8714656991799585685,15,22
1626,40,0.40,Bot3,1,15,button,8714656991799585685,15,22
1626,40,0.40,Bot4,1,15,button,8714656991799585685,15,22
1627,40,0.40,Bot1,1,22,button,10829220627451062345,22,32
1627,40,0.40,Bot2,1,22,button,10829220627451062345,22,32
1627,40,0.40,Bot3,1,22,button,10829220627451062345,22,32
1627,40,0.40,Bot4,1,22,button,10829220627451062345,22,32
1628,40,0.40,Bot1,1,39,button,1937068189888966627,39,45
1628,40,0.40,Bot2,1,39,button,1937068189888966627,39,45
1628,40,0.40,Bot3,1,39,button,1937068189888966627,39,45
1628,40,0.40,Bot4,1,39,button,1937068189888966627,39,45
1629,40,0.40,Bot1,1,37,button,9908193908775915545,37,28
1629,40,0.40,Bot2,1,37,button,9908193908775915545,37,28
1629,40,0.40,Bot3,1,37,button,9908193908775915545,37,28
1629,40,0.40,Bot4,1,37,button,9908193908775915545,37,28
1630,40,0.40,Bot1,0,21,caught_by_fire,13153213192488407858,29,12
1630,40,0.40,Bot2,0,28,caught_by_fire,13153213192488407858,29,12
1630,40,0.40,Bot3,0,28,caught_by_fire,13153213192488407858,29,12
1630,40,0.40,Bot4,0,34,caught_by_fire,13153213192488407858,29,12
1631,40,0.40,Bot1,0,22,walked_into_fire,17364378206595210711,39,21
1631,40,0.40,Bot2,0,26,caught_by_fire,17364378206595210711,39,21
1631,40,0.40,Bot3,0,55,caught_by_fire,17364378206595210711,39,21
1631,40,0.40,Bot4,0,26,caught_by_fire,17364378206595210711,39,21
1632,40,0.40,Bot1,1,28,button,3500660522774872068,28,24
1632,40,0.40,Bot2,1,28,button,3500660522774872068,28,24
1632,40,0.40,Bot3,1,28,button,3500660522774872068,28,24
1632,40,0.40,Bot4,1,28,button,3500660522774872068,28,24
1633,40,0.40,Bot1,1,27,button,17459327183510791275,27,47
1633,40,0.40,Bot2,1,27,button,17459327183510791275,27,47
1633,40,0.40,Bot3,1,27,button,17459327183510791275,27,47
1633,40,0.40,Bot4,1,27,button,17459327183510791275,27,47
1634,40,0.40,Bot1,0,37,walked_into_fire,16867437953866428567,40,8
1634,40,0.40,Bot2,0,48,caught_by_fire,16867437953866428567,40,8
1634,40,0.40,Bot3,0,48,caught_by_fire,16867437953866428567,40,8
1634,40,0.40,Bot4,0,49,caught_by_fire,16867437953866428567,40,8
1635,40,0.40,Bot1,1,38,button,3036548222525398429,38,38
1635,40,0.40,Bot2,1,38,button,3036548222525398429,38,38
1635,40,0.40,Bot3,1,38,button,3036548222525398429,38,38
1635,40,0.40,Bot4,1,38,button,3036548222525398429,38,38
1636,40,0.40,Bot1,1,26,button,1173892488727611696,26,43
1636,40,0.40,Bot2,1,26,button,1173892488727611696,26,43
1636,40,0.40,Bot3,1,26,button,1173892488727611696,26,43
1636,40,0.40,Bot4,1,26,button,1173892488727611696,26,43
1637,40,0.40,Bot1,1,39,button,6717348988919401701,39,46
1637,40,0.40,Bot2,1,39,button,6717348988919401701,39,46
1637,40,0.40,Bot3,1,39,button,6717348988919401701,39,46
1637,40,0.40,Bot4,1,39,button,6717348988919401701,39,46
1638,40,0.40,Bot1,1,35,button,101960046501083465,35,40
1638,40,0.40,Bot2,1,35,button,101960046501083465,35,40
1638,40,0.40,Bot3,1,35,button,101960046501083465,35,40
1638,40,0.40,Bot4,1,35,button,101960046501083465,35,40
1639,40,0.40,Bot1,1,17,button,7499879198445690834,17,22
1639,40,0.40,Bot2,1,17,button,7499879198445690834,17,22
1639,40,0.40,Bot3,1,17,button,7499879198445690834,17,22
1639,40,0.40,Bot4,1,17,button,7499879198445690834,17,22
1640,40,0.40,Bot1,1,42,button,12049876779466896730,42,30
1640,40,0.40,Bot2,1,42,button,12049876779466896730,42,30
1640,40,0.40,Bot3,1,42,button,12049876779466896730,42,30
1640,40,0.40,Bot4,1,42,button,12049876779466896730,42,30
1641,40,0.40,Bot1,0,27,walked_into_fire,10547644998176132646,51,18
1641,40,0.40,Bot2,0,67,caught_by_fire,10547644998176132646,51,18
1641,40,0.40,Bot3,0,67,caught_by_fire,10547644998176132646,51,18
1641,40,0.40,Bot4,0,79,caught_by_fire,10547644998176132646,51,18
1642,40,0.40,Bot1,1,53,button,6208607140741562448,53,51
1642,40,0.40,Bot2,1,53,button,6208607140741562448,53,51
1642,40,0.40,Bot3,1,53,button,6208607140741562448,53,51
1642,40,0.40,Bot4,1,53,button,6208607140741562448,53,51
1643,40,0.40,Bot1,0,14,caught_by_fire,5878791757589219098,38,21
1643,40,0.40,Bot2,1,38,button,5878791757589219098,38,21
1643,40,0.40,Bot3,1,38,button,5878791757589219098,38,21
1643,40,0.40,Bot4,1,38,button,5878791757589219098,38,21
1644,40,0.40,Bot1,1,42,button,1500861799409889861,42,51
1644,40,0.40,Bot2,1,42,button,1500861799409889861,42,51
1644,40,0.40,Bot3,1,42,button,1500861799409889861,42,51
1644,40,0.40,Bot4,1,42,button,1500861799409889861,42,51
1645,40,0.40,Bot1,1,37,button,10153316096951650422,37,58
1645,40,0.40,Bot2,1,37,button,10153316096951650422,37,58
1645,40,0.40,Bot3,1,37,button,10153316096951650422,37,58
1645,40,0.40,Bot4,1,37,button,10153316096951650422,37,58
1646,40,0.40,Bot1,1,54,button,18404739646324075993,54,50
1646,40,0.40,Bot2,1,54,button,18404739646324075993,54,50
1646,40,0.40,Bot3,1,54,button,18404739646324075993,54,50
1646,40,0.40,Bot4,1,54,button,18404739646324075993,54,50
1647,40,0.40,Bot1,1,7,button,4381490922836513880,7,41
1647,40,0.40,Bot2,1,7,button,4381490922836513880,7,41
1647,40,0.40,Bot3,1,7,button,4381490922836513880,7,41
1647,40,0.40,Bot4,1,7,button,4381490922836513880,7,41
1648,40,0.40,Bot1,1,21,button,7611537843411911996,21,19
1648,40,0.40,Bot2,1,21,button,7611537843411911996,21,19
1648,40,0.40,Bot3,1,21,button,7611537843411911996,21,19
1648,40,0.40,Bot4,1,21,button,7611537843411911996,21,19
1649,40,0.40,Bot1,1,28,button,12550311335460211711,28,29
1649,40,0.40,Bot2,1,28,button,12550311335460211711,28,29
1649,40,0.40,Bot3,1,28,button,12550311335460211711,28,29
1649,40,0.40,Bot4,1,28,button,12550311335460211711,28,29
1650,40,0.40,Bot1,1,43,button,4938867542294894332,43,37
1650,40,0.40,Bot2,1,43,button,4938867542294894332,43,37
1650,40,0.40,Bot3,1,43,button,4938867542294894332,43,37
1650,40,0.40,Bot4,1,43,button,4938867542294894332,43,37
1651,40,0.40,Bot1,1,24,button,3767462561788338405,24,44
1651,40,0.40,Bot2,1,24,button,3767462561788338405,24,44
1651,40,0.40,Bot3,1,24,button,3767462561788338405,24,44
1651,40,0.40,Bot4,1,24,button,3767462561788338405,24,44
1652,40,0.40,Bot1,0,8,caught_by_fire,15046788962398533681,33,26
1652,40,0.40,Bot2,0,8,caught_by_fire,15046788962398533681,33,26
1652,40,0.40,Bot3,0,65,caught_by_fire,15046788962398533681,33,26
1652,40,0.40,Bot4,0,8,caught_by_fire,15046788962398533681,33,26
1653,40,0.40,Bot1,1,10,button,5935159601832048431,10,19
1653,40,0.40,Bot2,1,10,button,5935159601832048431,10,19
1653,40,0.40,Bot3,1,10,button,5935159601832048431,10,19
1653,40,0.40,Bot4,1,10,button,5935159601832048431,10,19
1654,40,0.40,Bot1,0,27,caught_by_fire,11586184318606163723,48,10
1654,40,0.40,Bot2,0,73,caught_by_fire,11586184318606163723,48,10
1654,40,0.40,Bot3,0,73,caught_by_fire,11586184318606163723,48,10
1654,40,0.40,Bot4,0,73,caught_by_fire,11586184318606163723,48,10
1655,40,0.40,Bot1,0,24,walked_into_fire,14035511102517397353,56,26
1655,40,0.40,Bot2,0,70,caught_by_fire,14035511102517397353,56,26
1655,40,0.40,Bot3,0,59,caught_by_fire,14035511102517397353,56,26
1655,40,0.40,Bot4,0,70,caught_by_fire,14035511102517397353,56,26
1656,40,0.40,Bot1,0,16,walked_into_fire,7280030905571660953,35,13
1656,40,0.40,Bot2,0,43,caught_by_fire,7280030905571660953,35,13
1656,40,0.40,Bot3,0,44,caught_by_fire,7280030905571660953,35,13
1656,40,0.40,Bot4,0,36,caught_by_fire,7280030905571660953,35,13
1657,40,0.40,Bot1,1,34,button,10577094480185923397,34,46
1657,40,0.40,Bot2,1,34,button,10577094480185923397,34,46
1657,40,0.40,Bot3,1,34,button,10577094480185923397,34,46
1657,40,0.40,Bot4,1,34,button,10577094480185923397,34,46
1658,40,0.40,Bot1,1,33,button,14980451798291600252,33,31
1658,40,0.40,Bot2,1,33,button,14980451798291600252,33,31
1658,40,0.40,Bot3,1,33,button,14980451798291600252,33,31
1658,40,0.40,Bot4,1,33,button,14980451798291600252,33,31
1659,40,0.40,Bot1,1,21,button,7735686262555425550,21,41
1659,40,0.40,Bot2,1,21,button,7735686262555425550,21,41
1659,40,0.40,Bot3,1,21,button,7735686262555425550,21,41
1659,40,0.40,Bot4,1,21,button,7735686262555425550,21,41
1660,40,0.40,Bot1,1,5,button,8929104432329072382,5,10
1660,40,0.40,Bot2,1,5,button,8929104432329072382,5,10
1660,40,0.40,Bot3,1,5,button,8929104432329072382,5,10
1660,40,0.40,Bot4,1,5,button,8929104432329072382,5,10
1661,40,0.40,Bot1,1,29,button,17716920651682235079,29,37
1661,40,0.40,Bot2,1,29,button,17716920651682235079,29,37
1661,40,0.40,Bot3,1,29,button,17716920651682235079,29,37
1661,40,0.40,Bot4,1,29,button,17716920651682235079,29,37
1662,40,0.40,Bot1,1,32,button,15538989129413593093,32,23
1662,40,0.40,Bot2,1,32,button,15538989129413593093,32,23
1662,40,0.40,Bot3,1,32,button,15538989129413593093,32,23
1662,40,0.40,Bot4,1,32,button,15538989129413593093,32,23
1663,40,0.40,Bot1,1,17,button,7089143353860055304,17,45
1663,40,0.40,Bot2,1,17,button,7089143353860055304,17,45
1663,40,0.40,Bot3,1,17,button,7089143353860055304,17,45
1663,40,0.40,Bot4,1,17,button,7089143353860055304,17,45
1664,40,0.40,Bot1,1,13,button,5375887241330248865,13,38
1664,40,0.40,Bot2,1,13,button,5375887241330248865,13,38
1664,40,0.40,Bot3,1,13,button,5375887241330248865,13,38
1664,40,0.40,Bot4,1,13,button,5375887241330248865,13,38
1665,40,0.40,Bot1,1,36,button,4177029520423819554,36,30
1665,40,0.40,Bot2,1,36,button,4177029520423819554,36,30
1665,40,0.40,Bot3,1,36,button,4177029520423819554,36,30
1665,40,0.40,Bot4,1,36,button,4177029520423819554,36,30
1666,40,0.40,Bot1,1,13,button,17709047737988869288,13,28
1666,40,0.40,Bot2,1,13,button,17709047737988869288,13,28
1666,40,0.40,Bot3,1,13,button,17709047737988869288,13,28
1666,40,0.40,Bot4,1,13,button,17709047737988869288,13,28
1667,40,0.40,Bot1,1,16,button,9167699309908256318,16,23
1667,40,0.40,Bot2,1,16,button,9167699309908256318,16,23
1667,40,0.40,Bot3,1,16,button,9167699309908256318,16,23
1667,40,0.40,Bot4,1,16,button,9167699309908256318,16,23
1668,40,0.40,Bot1,1,16,button,16639680884619763610,16,36
1668,40,0.40,Bot2,1,16,button,16639680884619763610,16,36
1668,40,0.40,Bot3,1,16,button,16639680884619763610,16,36
1668,40,0.40,Bot4,1,16,button,16639680884619763610,16,36
1669,40,0.40,Bot1,1,30,button,14226125111729158650,30,38
1669,40,0.40,Bot2,1,30,button,14226125111729158650,30,38
1669,40,0.40,Bot3,1,30,button,14226125111729158650,30,38
1669,40,0.40,Bot4,1,30,button,14226125111729158650,30,38
1670,40,0.40,Bot1,1,46,button,3439760176921253885,46,37
1670,40,0.40,Bot2,1,46,button,3439760176921253885,46,37
1670,40,0.40,Bot3,1,46,button,3439760176921253885,46,37
1670,40,0.40,Bot4,1,46,button,3439760176921253885,46,37
1671,40,0.40,Bot1,1,33,button,15020756718157183688,33,49
1671,40,0.40,Bot2,1,33,button,15020756718157183688,33,49
1671,40,0.40,Bot3,1,33,button,15020756718157183688,33,49
1671,40,0.40,Bot4,1,33,button,15020756718157183688,33,49
1672,40,0.40,Bot1,1,53,button,15364955493369781369,53,45
1672,40,0.40,Bot2,1,53,button,15364955493369781369,53,45
1672,40,0.40,Bot3,1,53,button,15364955493369781369,53,45
1672,40,0.40,Bot4,1,53,button,15364955493369781369,53,45
1673,40,0.40,Bot1,1,35,button,1776246783205512633,35,56
1673,40,0.40,Bot2,1,35,button,1776246783205512633,35,56
1673,40,0.40,Bot3,1,35,button,1776246783205512633,35,56
1673,40,0.40,Bot4,1,35,button,1776246783205512633,35,56
1674,40,0.40,Bot1,1,3,button,1149301681380848833,3,32
1674,40,0.40,Bot2,1,3,button,1149301681380848833,3,32
1674,40,0.40,Bot3,1,3,button,1149301681380848833,3,32
1674,40,0.40,Bot4,1,3,button,1149301681380848833,3,32
1675,40,0.40,Bot1,1,39,button,10672303757717975056,39,24
1675,40,0.40,Bot2,1,39,button,10672303757717975056,39,24
1675,40,0.40,Bot3,1,39,button,10672303757717975056,39,24
1675,40,0.40,Bot4,1,39,button,10672303757717975056,39,24
1676,40,0.40,Bot1,1,25,button,3501883820221753660,25,30
1676,40,0.40,Bot2,1,25,button,3501883820221753660,25,30
1676,40,0.40,Bot3,1,25,button,3501883820221753660,25,30
1676,40,0.40,Bot4,1,25,button,3501883820221753660,25,30
1677,40,0.40,Bot1,1,8,button,6229234330621262866,8,30
1677,40,0.40,Bot2,1,8,button,6229234330621262866,8,30
1677,40,0.40,Bot3,1,8,button,6229234330621262866,8,30
1677,40,0.40,Bot4,1,8,button,6229234330621262866,8,30
1678,40,0.40,Bot1,1,48,button,16922775373996129972,48,33
1678,40,0.40,Bot2,1,48,button,16922775373996129972,48,33
1678,40,0.40,Bot3,1,48,button,16922775373996129972,48,33
1678,40,0.40,Bot4,1,48,button,16922775373996129972,48,33
1679,40,0.40,Bot1,1,12,button,16096172169901586623,12,12
1679,40,0.40,Bot2,1,12,button,16096172169901586623,12,12
1679,40,0.40,Bot3,1,12,button,16096172169901586623,12,12
1679,40,0.40,Bot4,1,12,button,16096172169901586623,12,12
1680,40,0.40,Bot1,1,32,button,227487665694946903,32,74
1680,40,0.40,Bot2,1,32,button,227487665694946903,32,74
1680,40,0.40,Bot3,1,32,button,227487665694946903,32,74
1680,40,0.40,Bot4,1,32,button,227487665694946903,32,74
1681,40,0.40,Bot1,0,61,walked_into_fire,14088077138833112183,67,18
1681,40,0.40,Bot2,0,89,caught_by_fire,14088077138833112183,67,18
1681,40,0.40,Bot3,0,89,caught_by_fire,14088077138833112183,67,18
1681,40,0.40,Bot4,0,92,caught_by_fire,14088077138833112183,67,18
1682,40,0.40,Bot1,1,12,button,17374868221198098514,12,52
1682,40,0.40,Bot2,1,12,button,17374868221198098514,12,52
1682,40,0.40,Bot3,1,12,button,17374868221198098514,12,52
1682,40,0.40,Bot4,1,12,button,17374868221198098514,12,52
1683,40,0.40,Bot1,1,22,button,4657875984337529514,22,39
1683,40,0.40,Bot2,1,22,button,4657875984337529514,22,39
1683,40,0.40,Bot3,1,22,button,4657875984337529514,22,39
1683,40,0.40,Bot4,1,22,button,4657875984337529514,22,39
1684,40,0.40,Bot1,1,23,button,1543915312601601801,23,19
1684,40,0.40,Bot2,1,23,button,1543915312601601801,23,19
1684,40,0.40,Bot3,1,23,button,1543915312601601801,23,19
1684,40,0.40,Bot4,1,23,button,1543915312601601801,23,19
1685,40,0.40,Bot1,1,30,button,11449866030866680497,30,27
1685,40,0.40,Bot2,1,30,button,11449866030866680497,30,27
1685,40,0.40,Bot3,1,30,button,11449866030866680497,30,27
1685,40,0.40,Bot4,1,30,button,11449866030866680497,30,27
1686,40,0.40,Bot1,1,24,button,13790465757740217811,24,24
1686,40,0.40,Bot2,1,24,button,13790465757740217811,24,24
1686,40,0.40,Bot3,1,24,button,13790465757740217811,24,24
1686,40,0.40,Bot4,1,24,button,13790465757740217811,24,24
1687,40,0.40,Bot1,1,32,button,10518898581415624665,32,43
1687,40,0.40,Bot2,1,32,button,10518898581415624665,32,43
1687,40,0.40,Bot3,1,32,button,10518898581415624665,32,43
1687,40,0.40,Bot4,1,32,button,10518898581415624665,32,43
1688,40,0.40,Bot1,1,55,button,4629697335845922259,55,46
1688,40,0.40,Bot2,1,55,button,4629697335845922259,55,46
1688,40,0.40,Bot3,1,55,button,4629697335845922259,55,46
1688,40,0.40,Bot4,1,55,button,4629697335845922259,55,46
1689,40,0.40,Bot1,1,36,button,4793857438177196385,36,16
1689,40,0.40,Bot2,1,36,button,4793857438177196385,36,16
1689,40,0.40,Bot3,1,36,button,4793857438177196385,36,16
1689,40,0.40,Bot4,1,36,button,4793857438177196385,36,16
1690,40,0.40,Bot1,1,3,button,7955976525057324358,3,19
1690,40,0.40,Bot2,1,3,button,7955976525057324358,3,19
1690,40,0.40,Bot3,1,3,button,7955976525057324358,3,19
1690,40,0.40,Bot4,1,3,button,7955976525057324358,3,19
1691,40,0.40,Bot1,1,37,button,810285772475490707,37,24
1691,40,0.40,Bot2,1,37,button,810285772475490707,37,24
1691,40,0.40,Bot3,1,37,button,810285772475490707,37,24
1691,40,0.40,Bot4,1,37,button,810285772475490707,37,24
1692,40,0.40,Bot1,1,27,button,11649614781011761755,27,45
1692,40,0.40,Bot2,1,27,button,11649614781011761755,27,45
1692,40,0.40,Bot3,1,27,button,11649614781011761755,27,45
1692,40,0.40,Bot4,1,27,button,11649614781011761755,27,45
1693,40,0.40,Bot1,1,57,button,7342660587307456228,57,37
1693,40,0.40,Bot2,1,57,button,7342660587307456228,57,37
1693,40,0.40,Bot3,1,57,button,7342660587307456228,57,37
1693,40,0.40,Bot4,1,57,button,7342660587307456228,57,37
1694,40,0.40,Bot1,0,24,walked_into_fire,5089795353499345385,42,17
1694,40,0.40,Bot2,0,52,caught_by_fire,5089795353499345385,42,17
1694,40,0.40,Bot3,0,52,caught_by_fire,5089795353499345385,42,17
1694,40,0.40,Bot4,0,52,caught_by_fire,5089795353499345385,42,17
1695,40,0.40,Bot1,1,58,button,17914265908888539525,58,35
1695,40,0.40,Bot2,1,58,button,17914265908888539525,58,35
1695,40,0.40,Bot3,1,58,button,17914265908888539525,58,35
1695,40,0.40,Bot4,1,58,button,17914265908888539525,58,35
1696,40,0.40,Bot1,0,26,walked_into_fire,10255757443701572217,36,14
1696,40,0.40,Bot2,0,64,caught_by_fire,10255757443701572217,36,14
1696,40,0.40,Bot3,0,74,caught_by_fire,10255757443701572217,36,14
1696,40,0.40,Bot4,0,64,caught_by_fire,10255757443701572217,36,14
1697,40,0.40,Bot1,1,41,button,15801955342209696048,41,51
1697,40,0.40,Bot2,1,41,button,15801955342209696048,41,51
1697,40,0.40,Bot3,1,41,button,15801955342209696048,41,51
1697,40,0.40,Bot4,1,41,button,15801955342209696048,41,51
1698,40,0.40,Bot1,0,29,walked_into_fire,9567585032183263345,43,18
1698,40,0.40,Bot2,0,40,caught_by_fire,9567585032183263345,43,18
1698,40,0.40,Bot3,0,40,caught_by_fire,9567585032183263345,43,18
1698,40,0.40,Bot4,0,49,caught_by_fire,9567585032183263345,43,18
1699,40,0.40,Bot1,1,62,button,8663248707580013,62,49
1699,40,0.40,Bot2,1,62,button,8663248707580013,62,49
1699,40,0.40,Bot3,1,62,button,8663248707580013,62,49
1699,40,0.40,Bot4,1,62,button,8663248707580013,62,49
1700,40,0.40,Bot1,1,51,button,1689802301854450268,51,46
1700,40,0.40,Bot2,1,51,button,1689802301854450268,51,46
1700,40,0.40,Bot3,1,51,button,1689802301854450268,51,46
1700,40,0.40,Bot4,1,51,button,1689802301854450268,51,46
1701,40,0.40,Bot1,1,80,button,1268509921534796289,80,54
1701,40,0.40,Bot2,1,80,button,1268509921534796289,80,54
1701,40,0.40,Bot3,1,80,button,1268509921534796289,80,54
1701,40,0.40,Bot4,1,80,button,1268509921534796289,80,54
1702,40,0.40,Bot1,1,24,button,1805713805287609079,24,60
1702,40,0.40,Bot2,1,24,button,1805713805287609079,24,60
1702,40,0.40,Bot3,1,24,button,1805713805287609079,24,60
1702,40,0.40,Bot4,1,24,button,1805713805287609079,24,60
1703,40,0.40,Bot1,1,36,button,14101263480105984477,34,33
1703,40,0.40,Bot2,1,36,button,14101263480105984477,34,33
1703,40,0.40,Bot3,1,36,button,14101263480105984477,34,33
1703,40,0.40,Bot4,1,36,button,14101263480105984477,34,33
1704,40,0.40,Bot1,1,38,button,10681214977762590918,38,38
1704,40,0.40,Bot2,1,38,button,10681214977762590918,38,38
1704,40,0.40,Bot3,1,38,button,10681214977762590918,38,38
1704,40,0.40,Bot4,1,38,button,10681214977762590918,38,38
1705,40,0.40,Bot1,1,55,button,14986612720845924319,55,57
1705,40,0.40,Bot2,1,55,button,14986612720845924319,55,57
1705,40,0.40,Bot3,1,55,button,14986612720845924319,55,57
1705,40,0.40,Bot4,1,55,button,14986612720845924319,55,57
1706,40,0.40,Bot1,1,14,button,3842241131533042603,14,32
1706,40,0.40,Bot2,1,14,button,3842241131533042603,14,32
1706,40,0.40,Bot3,1,14,button,3842241131533042603,14,32
1706,40,0.40,Bot4,1,14,button,3842241131533042603,14,32
1707,40,0.40,Bot1,1,17,button,11992399067961399044,17,44
1707,40,0.40,Bot2,1,17,button,11992399067961399044,17,44
1707,40,0.40,Bot3,1,17,button,11992399067961399044,17,44
1707,40,0.40,Bot4,1,17,button,11992399067961399044,17,44
1708,40,0.40,Bot1,1,32,button,9214168425613757613,32,38
1708,40,0.40,Bot2,1,32,button,9214168425613757613,32,38
1708,40,0.40,Bot3,1,32,button,9214168425613757613,32,38
1708,40,0.40,Bot4,1,32,button,9214168425613757613,32,38
1709,40,0.40,Bot1,1,11,button,5793407045429149907,11,43
1709,40,0.40,Bot2,1,11,button,5793407045429149907,11,43
1709,40,0.40,Bot3,1,11,button,5793407045429149907,11,43
1709,40,0.40,Bot4,1,11,button,5793407045429149907,11,43
1710,40,0.40,Bot1,1,35,button,14145426837605261457,35,27
1710,40,0.40,Bot2,1,35,button,14145426837605261457,35,27
1710,40,0.40,Bot3,1,35,button,14145426837605261457,35,27
1710,40,0.40,Bot4,1,35,button,14145426837605261457,35,27
1711,40,0.40,Bot1,1,12,button,18130862446146073582,12,33
1711,40,0.40,Bot2,1,12,button,18130862446146073582,12,33
1711,40,0.40,Bot3,1,12,button,18130862446146073582,12,33
1711,40,0.40,Bot4,1,12,button,18130862446146073582,12,33
1712,40,0.40,Bot1,1,49,button,5515634695561867348,49,37
1712,40,0.40,Bot2,1,49,button,5515634695561867348,49,37
1712,40,0.40,Bot3,1,71,button,5515634695561867348,49,37
1712,40,0.40,Bot4,1,49,button,5515634695561867348,49,37
1713,40,0.40,Bot1,1,22,button,5295158147736920140,22,33
1713,40,0.40,Bot2,1,22,button,5295158147736920140,22,33
1713,40,0.40,Bot3,1,22,button,5295158147736920140,22,33
1713,40,0.40,Bot4,1,22,button,5295158147736920140,22,33
1714,40,0.40,Bot1,1,21,button,2313095584967687476,21,39
1714,40,0.40,Bot2,1,21,button,2313095584967687476,21,39
1714,40,0.40,Bot3,1,21,button,2313095584967687476,21,39
1714,40,0.40,Bot4,1,21,button,2313095584967687476,21,39
1715,40,0.40,Bot1,1,48,button,4546328364061917882,48,55
1715,40,0.40,Bot2,1,48,button,4546328364061917882,48,55
1715,40,0.40,Bot3,1,48,button,4546328364061917882,48,55
1715,40,0.40,Bot4,1,48,button,4546328364061917882,48,55
1716,40,0.40,Bot1,1,50,button,13853824318394976577,48,45
1716,40,0.40,Bot2,1,50,button,13853824318394976577,48,45
1716,40,0.40,Bot3,1,50,button,13853824318394976577,48,45
1716,40,0.40,Bot4,1,50,button,13853824318394976577,48,45
1717,40,0.40,Bot1,0,32,walked_into_fire,13650073940034631134,40,22
1717,40,0.40,Bot2,0,34,caught_by_fire,13650073940034631134,40,22
1717,40,0.40,Bot3,0,36,caught_by_fire,13650073940034631134,40,22
1717,40,0.40,Bot4,0,34,caught_by_fire,13650073940034631134,40,22
1718,40,0.40,Bot1,0,41,caught_by_fire,5958067050681940093,42,19
1718,40,0.40,Bot2,0,43,caught_by_fire,5958067050681940093,42,19
1718,40,0.40,Bot3,0,43,caught_by_fire,5958067050681940093,42,19
1718,40,0.40,Bot4,0,41,caught_by_fire,5958067050681940093,42,19
1719,40,0.40,Bot1,0,18,walked_into_fire,120422588697423237,40,21
1719,40,0.40,Bot2,0,52,caught_by_fire,120422588697423237,40,21
1719,40,0.40,Bot3,0,46,caught_by_fire,120422588697423237,40,21
1719,40,0.40,Bot4,0,52,caught_by_fire,120422588697423237,40,21
1720,40,0.40,Bot1,1,32,button,11604834078202008649,32,24
1720,40,0.40,Bot2,1,32,button,11604834078202008649,32,24
1720,40,0.40,Bot3,1,32,button,11604834078202008649,32,24
1720,40,0.40,Bot4,1,32,button,11604834078202008649,32,24
1721,40,0.40,Bot1,1,32,button,2984372878690299207,32,45
1721,40,0.40,Bot2,1,32,button,2984372878690299207,32,45
1721,40,0.40,Bot3,1,32,button,2984372878690299207,32,45
1721,40,0.40,Bot4,1,32,button,2984372878690299207,32,45
1722,40,0.40,Bot1,0,40,walked_into_fire,733659488018340585,50,18
1722,40,0.40,Bot2,0,42,caught_by_fire,733659488018340585,50,18
1722,40,0.40,Bot3,0,51,caught_by_fire,733659488018340585,50,18
1722,40,0.40,Bot4,0,42,caught_by_fire,733659488018340585,50,18
1723,40,0.40,Bot1,1,42,button,6238765263894462092,42,45
1723,40,0.40,Bot2,1,42,button,6238765263894462092,42,45
1723,40,0.40,Bot3,1,42,button,6238765263894462092,42,45
1723,40,0.40,Bot4,1,42,button,6238765263894462092,42,45
1724,40,0.40,Bot1,1,27,button,8657810831981287376,27,39
1724,40,0.40,Bot2,1,27,button,8657810831981287376,27,39
1724,40,0.40,Bot3,1,27,button,8657810831981287376,27,39
1724,40,0.40,Bot4,1,27,button,8657810831981287376,27,39
1725,40,0.40,Bot1,0,26,walked_into_fire,8787975120947206655,54,23
1725,40,0.40,Bot2,0,59,caught_by_fire,8787975120947206655,54,23
1725,40,0.40,Bot3,0,61,caught_by_fire,8787975120947206655,54,23
1725,40,0.40,Bot4,0,59,caught_by_fire,8787975120947206655,54,23
1726,40,0.40,Bot1,0,15,caught_by_fire,17718855706988688611,57,41
1726,40,0.40,Bot2,0,15,caught_by_fire,17718855706988688611,57,41
1726,40,0.40,Bot3,1,61,button,17718855706988688611,57,41
1726,40,0.40,Bot4,0,15,caught_by_fire,17718855706988688611,57,41
1727,40,0.40,Bot1,1,23,button,13026872523659529748,23,58
1727,40,0.40,Bot2,1,23,button,13026872523659529748,23,58
1727,40,0.40,Bot3,1,23,button,13026872523659529748,23,58
1727,40,0.40,Bot4,1,23,button,13026872523659529748,23,58
1728,40,0.40,Bot1,1,47,button,14325490333519466933,47,35
1728,40,0.40,Bot2,1,47,button,14325490333519466933,47,35
1728,40,0.40,Bot3,1,47,button,14325490333519466933,47,35
1728,40,0.40,Bot4,1,47,button,14325490333519466933,47,35
1729,40,0.40,Bot1,1,51,button,9041318633373454386,51,38
1729,40,0.40,Bot2,1,51,button,9041318633373454386,51,38
1729,40,0.40,Bot3,1,51,button,9041318633373454386,51,38
1729,40,0.40,Bot4,1,51,button,9041318633373454386,51,38
1730,40,0.40,Bot1,1,37,button,17014389068103729079,37,45
1730,40,0.40,Bot2,1,37,button,17014389068103729079,37,45
1730,40,0.40,Bot3,1,37,button,17014389068103729079,37,45
1730,40,0.40,Bot4,1,37,button,17014389068103729079,37,45
1731,40,0.40,Bot1,1,30,button,9993087028189743819,30,50
1731,40,0.40,Bot2,1,30,button,9993087028189743819,30,50
1731,40,0.40,Bot3,1,30,button,9993087028189743819,30,50
1731,40,0.40,Bot4,1,30,button,9993087028189743819,30,50
1732,40,0.40,Bot1,1,23,button,9314455397353728831,23,46
1732,40,0.40,Bot2,1,23,button,9314455397353728831,23,46
1732,40,0.40,Bot3,1,23,button,9314455397353728831,23,46
1732,40,0.40,Bot4,1,23,button,9314455397353728831,23,46
1733,40,0.40,Bot1,0,14,walked_into_fire,18151263588246167240,32,21
1733,40,0.40,Bot2,1,38,button,18151263588246167240,32,21
1733,40,0.40,Bot3,1,36,button,18151263588246167240,32,21
1733,40,0.40,Bot4,1,38,button,18151263588246167240,32,21
1734,40,0.40,Bot1,1,38,button,7690300617406030708,38,35
1734,40,0.40,Bot2,1,38,button,7690300617406030708,38,35
1734,40,0.40,Bot3,1,38,button,7690300617406030708,38,35
1734,40,0.40,Bot4,1,38,button,7690300617406030708,38,35
1735,40,0.40,Bot1,0,21,caught_by_fire,10112782591940070457,34,4
1735,40,0.40,Bot2,0,68,caught_by_fire,10112782591940070457,34,4
1735,40,0.40,Bot3,0,68,caught_by_fire,10112782591940070457,34,4
1735,40,0.40,Bot4,0,68,caught_by_fire,10112782591940070457,34,4
1736,40,0.40,Bot1,1,45,button,1638098192600055705,45,43
1736,40,0.40,Bot2,1,45,button,1638098192600055705,45,43
1736,40,0.40,Bot3,1,45,button,1638098192600055705,45,43
1736,40,0.40,Bot4,1,45,button,1638098192600055705,45,43
1737,40,0.40,Bot1,1,16,button,14528427872574152222,16,43
1737,40,0.40,Bot2,1,16,button,14528427872574152222,16,43
1737,40,0.40,Bot3,1,16,button,14528427872574152222,16,43
1737,40,0.40,Bot4,1,16,button,14528427872574152222,16,43
1738,40,0.40,Bot1,1,18,button,2193275382943375608,18,29
1738,40,0.40,Bot2,1,18,button,2193275382943375608,18,29
1738,40,0.40,Bot3,1,18,button,2193275382943375608,18,29
1738,40,0.40,Bot4,1,18,button,2193275382943375608,18,29
1739,40,0.40,Bot1,0,27,caught_by_fire,13615107767655498783,39,22
1739,40,0.40,Bot2,1,41,button,13615107767655498783,39,22
1739,40,0.40,Bot3,1,41,button,13615107767655498783,39,22
1739,40,0.40,Bot4,1,41,button,13615107767655498783,39,22
1740,40,0.40,Bot1,1,17,button,14333884767203651159,17,52
1740,40,0.40,Bot2,1,17,button,14333884767203651159,17,52
1740,40,0.40,Bot3,1,17,button,14333884767203651159,17,52
1740,40,0.40,Bot4,1,17,button,14333884767203651159,17,52
1741,40,0.40,Bot1,1,32,button,8027270039166509936,32,28
1741,40,0.40,Bot2,1,32,button,8027270039166509936,32,28
1741,40,0.40,Bot3,1,32,button,8027270039166509936,32,28
1741,40,0.40,Bot4,1,32,button,8027270039166509936,32,28
1742,40,0.40,Bot1,1,34,button,10033113025220125127,34,46
1742,40,0.40,Bot2,1,34,button,10033113025220125127,34,46
1742,40,0.40,Bot3,1,34,button,10033113025220125127,34,46
1742,40,0.40,Bot4,1,34,button,10033113025220125127,34,46
1743,40,0.40,Bot1,1,43,button,3817238210539317900,43,58
1743,40,0.40,Bot2,1,43,button,3817238210539317900,43,58
1743,40,0.40,Bot3,1,43,button,3817238210539317900,43,58
1743,40,0.40,Bot4,1,43,button,3817238210539317900,43,58
1744,40,0.40,Bot1,1,12,button,13512737903913391676,12,15
1744,40,0.40,Bot2,1,12,button,13512737903913391676,12,15
1744,40,0.40,Bot3,1,12,button,13512737903913391676,12,15
1744,40,0.40,Bot4,1,12,button,13512737903913391676,12,15
1745,40,0.40,Bot1,1,16,button,13400619551122311463,16,46
1745,40,0.40,Bot2,1,16,button,13400619551122311463,16,46
1745,40,0.40,Bot3,1,16,button,13400619551122311463,16,46
1745,40,0.40,Bot4,1,16,button,13400619551122311463,16,46
1746,40,0.40,Bot1,0,3,caught_by_fire,1506253060347849781,16,11
1746,40,0.40,Bot2,1,24,button,1506253060347849781,16,11
1746,40,0.40,Bot3,1,22,button,1506253060347849781,16,11
1746,40,0.40,Bot4,1,24,button,1506253060347849781,16,11
1747,40,0.40,Bot1,1,5,button,4146750635627143783,5,44
1747,40,0.40,Bot2,1,5,button,4146750635627143783,5,44
1747,40,0.40,Bot3,1,5,button,4146750635627143783,5,44
1747,40,0.40,Bot4,1,5,button,4146750635627143783,5,44
1748,40,0.40,Bot1,1,35,button,9234496633597194099,35,33
1748,40,0.40,Bot2,1,35,button,9234496633597194099,35,33
1748,40,0.40,Bot3,1,35,button,9234496633597194099,35,33
1748,40,0.40,Bot4,1,35,button,9234496633597194099,35,33
1749,40,0.40,Bot1,1,18,button,14102850231444668518,18,16
1749,40,0.40,Bot2,1,18,button,14102850231444668518,18,16
1749,40,0.40,Bot3,1,18,button,14102850231444668518,18,16
1749,40,0.40,Bot4,1,18,button,14102850231444668518,18,16
1750,40,0.40,Bot1,1,44,button,6473448267374864390,44,58
1750,40,0.40,Bot2,1,44,button,6473448267374864390,44,58
1750,40,0.40,Bot3,1,44,button,6473448267374864390,44,58
1750,40,0.40,Bot4,1,44,button,6473448267374864390,44,58
1751,40,0.40,Bot1,1,34,button,5520776448848680667,34,43
1751,40,0.40,Bot2,1,34,button,5520776448848680667,34,43
1751,40,0.40,Bot3,1,34,button,5520776448848680667,34,43
1751,40,0.40,Bot4,1,34,button,5520776448848680667,34,43
1752,40,0.40,Bot1,1,22,button,18248434058935426758,22,45
1752,40,0.40,Bot2,1,22,button,18248434058935426758,22,45
1752,40,0.40,Bot3,1,22,button,18248434058935426758,22,45
1752,40,0.40,Bot4,1,22,button,18248434058935426758,22,45
1753,40,0.40,Bot1,1,22,button,9883038741099336295,22,55
1753,40,0.40,Bot2,1,22,button,9883038741099336295,22,55
1753,40,0.40,Bot3,1,22,button,9883038741099336295,22,55
1753,40,0.40,Bot4,1,22,button,9883038741099336295,22,55
1754,40,0.40,Bot1,0,29,walked_into_fire,14702859084581259907,42,10
1754,40,0.40,Bot2,0,66,caught_by_fire,14702859084581259907,42,10
1754,40,0.40,Bot3,0,66,caught_by_fire,14702859084581259907,42,10
1754,40,0.40,Bot4,0,66,caught_by_fire,14702859084581259907,42,10
1755,40,0.40,Bot1,1,12,button,494358549335381627,12,28
1755,40,0.40,Bot2,1,12,button,494358549335381627,12,28
1755,40,0.40,Bot3,1,12,button,494358549335381627,12,28
1755,40,0.40,Bot4,1,12,button,494358549335381627,12,28
1756,40,0.40,Bot1,1,1,button,6587434128421184875,1,27
1756,40,0.40,Bot2,1,1,button,6587434128421184875,1,27
1756,40,0.40,Bot3,1,1,button,6587434128421184875,1,27
1756,40,0.40,Bot4,1,1,button,6587434128421184875,1,27
1757,40,0.40,Bot1,1,9,button,12861516161798796206,9,33
1757,40,0.40,Bot2,1,9,button,12861516161798796206,9,33
1757,40,0.40,Bot3,1,9,button,12861516161798796206,9,33
1757,40,0.40,Bot4,1,9,button,12861516161798796206,9,33
1758,40,0.40,Bot1,1,27,button,8516396611735385935,27,40
1758,40,0.40,Bot2,1,27,button,8516396611735385935,27,40
1758,40,0.40,Bot3,1,27,button,8516396611735385935,27,40
1758,40,0.40,Bot4,1,27,button,8516396611735385935,27,40
1759,40,0.40,Bot1,1,4,button,18254910126221736955,4,29
1759,40,0.40,Bot2,1,4,button,18254910126221736955,4,29
1759,40,0.40,Bot3,1,4,button,18254910126221736955,4,29
1759,40,0.40,Bot4,1,4,button,18254910126221736955,4,29
1760,40,0.40,Bot1,1,45,button,17344886369139395767,45,43
1760,40,0.40,Bot2,1,45,button,17344886369139395767,45,43
1760,40,0.40,Bot3,1,45,button,17344886369139395767,45,43
1760,40,0.40,Bot4,1,45,button,17344886369139395767,45,43
1761,40,0.40,Bot1,1,55,button,4573084923964439296,55,57
1761,40,0.40,Bot2,1,55,button,4573084923964439296,55,57
1761,40,0.40,Bot3,1,55,button,4573084923964439296,55,57
1761,40,0.40,Bot4,1,55,button,4573084923964439296,55,57
1762,40,0.40,Bot1,1,19,button,8752905322615649899,19,21
1762,40,0.40,Bot2,1,19,button,8752905322615649899,19,21
1762,40,0.40,Bot3,1,19,button,8752905322615649899,19,21
1762,40,0.40,Bot4,1,19,button,8752905322615649899,19,21
1763,40,0.40,Bot1,1,13,button,17585102821418846806,13,54
1763,40,0.40,Bot2,1,13,button,17585102821418846806,13,54
1763,40,0.40,Bot3,1,13,button,17585102821418846806,13,54
1763,40,0.40,Bot4,1,13,button,17585102821418846806,13,54
1764,40,0.40,Bot1,1,44,button,16628941001175105051,44,26
1764,40,0.40,Bot2,1,44,button,16628941001175105051,44,26
1764,40,0.40,Bot3,1,44,button,16628941001175105051,44,26
1764,40,0.40,Bot4,1,44,button,16628941001175105051,44,26
1765,40,0.40,Bot1,1,32,button,7909683591796084455,32,47
1765,40,0.40,Bot2,1,32,button,7909683591796084455,32,47
1765,40,0.40,Bot3,1,32,button,7909683591796084455,32,47
1765,40,0.40,Bot4,1,32,button,7909683591796084455,32,47
1766,40,0.40,Bot1,1,28,button,14193349276364605215,28,38
1766,40,0.40,Bot2,1,28,button,14193349276364605215,28,38
1766,40,0.40,Bot3,1,28,button,14193349276364605215,28,38
1766,40,0.40,Bot4,1,28,button,14193349276364605215,28,38
1767,40,0.40,Bot1,0,38,walked_into_fire,15930760949394684824,53,15
1767,40,0.40,Bot2,0,58,caught_by_fire,15930760949394684824,53,15
1767,40,0.40,Bot3,0,58,caught_by_fire,15930760949394684824,53,15
1767,40,0.40,Bot4,0,67,caught_by_fire,15930760949394684824,53,15
1768,40,0.40,Bot1,1,54,button,9035688679532296433,54,45
1768,40,0.40,Bot2,1,54,button,9035688679532296433,54,45
1768,40,0.40,Bot3,1,54,button,9035688679532296433,54,45
1768,40,0.40,Bot4,1,54,button,9035688679532296433,54,45
1769,40,0.40,Bot1,1,17,button,3958654824952129915,17,38
1769,40,0.40,Bot2,1,17,button,3958654824952129915,17,38
1769,40,0.40,Bot3,1,17,button,3958654824952129915,17,38
1769,40,0.40,Bot4,1,17,button,3958654824952129915,17,38
1770,40,0.40,Bot1,1,14,button,17330269020255709312,14,27
1770,40,0.40,Bot2,1,14,button,17330269020255709312,14,27
1770,40,0.40,Bot3,1,14,button,17330269020255709312,14,27
1770,40,0.40,Bot4,1,14,button,17330269020255709312,14,27
1771,40,0.40,Bot1,1,24,button,12089633694966657949,24,30
1771,40,0.40,Bot2,1,24,button,12089633694966657949,24,30
1771,40,0.40,Bot3,1,24,button,12089633694966657949,24,30
1771,40,0.40,Bot4,1,24,button,12089633694966657949,24,30
1772,40,0.40,Bot1,0,33,walked_into_fire,5245957668076171062,40,14
1772,40,0.40,Bot2,0,45,caught_by_fire,5245957668076171062,40,14
1772,40,0.40,Bot3,0,45,caught_by_fire,5245957668076171062,40,14
1772,40,0.40,Bot4,0,45,caught_by_fire,5245957668076171062,40,14
1773,40,0.40,Bot1,1,42,button,8415941568513788577,42,32
1773,40,0.40,Bot2,1,42,button,8415941568513788577,42,32
1773,40,0.40,Bot3,1,42,button,8415941568513788577,42,32
1773,40,0.40,Bot4,1,42,button,8415941568513788577,42,32
1774,40,0.40,Bot1,0,20,caught_by_fire,16371490571230395076,27,12
1774,40,0.40,Bot2,0,26,caught_by_fire,16371490571230395076,27,12
1774,40,0.40,Bot3,0,26,caught_by_fire,16371490571230395076,27,12
1774,40,0.40,Bot4,0,26,caught_by_fire,16371490571230395076,27,12
1775,40,0.40,Bot1,1,46,button,3261707399083030549,46,20
1775,40,0.40,Bot2,1,46,button,3261707399083030549,46,20
1775,40,0.40,Bot3,1,46,button,3261707399083030549,46,20
1775,40,0.40,Bot4,1,46,button,3261707399083030549,46,20
1776,40,0.40,Bot1,1,4,button,13206867322323916699,4,30
1776,40,0.40,Bot2,1,4,button,13206867322323916699,4,30
1776,40,0.40,Bot3,1,4,button,13206867322323916699,4,30
1776,40,0.40,Bot4,1,4,button,13206867322323916699,4,30
1777,40,0.40,Bot1,0,9,caught_by_fire,4941722535997478443,38,26
1777,40,0.40,Bot2,0,30,caught_by_fire,4941722535997478443,38,26
1777,40,0.40,Bot3,0,24,caught_by_fire,4941722535997478443,38,26
1777,40,0.40,Bot4,1,58,button,4941722535997478443,38,26
1778,40,0.40,Bot1,1,60,button,5999546104107083779,56,34
1778,40,0.40,Bot2,1,60,button,5999546104107083779,56,34
1778,40,0.40,Bot3,1,60,button,5999546104107083779,56,34
1778,40,0.40,Bot4,1,60,button,5999546104107083779,56,34
1779,40,0.40,Bot1,1,37,button,15864309627212104608,37,39
1779,40,0.40,Bot2,1,37,button,15864309627212104608,37,39
1779,40,0.40,Bot3,1,37,button,15864309627212104608,37,39
1779,40,0.40,Bot4,1,37,button,15864309627212104608,37,39
1780,40,0.40,Bot1,1,57,button,15937775392541397549,57,60
1780,40,0.40,Bot2,1,57,button,15937775392541397549,57,60
1780,40,0.40,Bot3,1,57,button,15937775392541397549,57,60
1780,40,0.40,Bot4,1,57,button,15937775392541397549,57,60
1781,40,0.40,Bot1,1,16,button,5193015454620524056,16,10
1781,40,0.40,Bot2,1,16,button,5193015454620524056,16,10
1781,40,0.40,Bot3,1,16,button,5193015454620524056,16,10
1781,40,0.40,Bot4,1,16,button,5193015454620524056,16,10
1782,40,0.40,Bot1,1,37,button,2548369753265020992,37,31
1782,40,0.40,Bot2,1,37,button,2548369753265020992,37,31
1782,40,0.40,Bot3,1,37,button,2548369753265020992,37,31
1782,40,0.40,Bot4,1,37,button,2548369753265020992,37,31
1783,40,0.40,Bot1,0,8,walked_into_fire,6262319265850853267,29,17
1783,40,0.40,Bot2,0,26,caught_by_fire,6262319265850853267,29,17
1783,40,0.40,Bot3,0,47,caught_by_fire,6262319265850853267,29,17
1783,40,0.40,Bot4,0,26,caught_by_fire,6262319265850853267,29,17
1784,40,0.40,Bot1,1,36,button,9361469669139625702,36,18
1784,40,0.40,Bot2,1,36,button,9361469669139625702,36,18
1784,40,0.40,Bot3,1,36,button,9361469669139625702,36,18
1784,40,0.40,Bot4,1,36,button,9361469669139625702,36,18
1785,40,0.40,Bot1,0,34,walked_into_fire,12364900698250344862,52,32
1785,40,0.40,Bot2,0,82,caught_by_fire,12364900698250344862,52,32
1785,40,0.40,Bot3,0,84,caught_by_fire,12364900698250344862,52,32
1785,40,0.40,Bot4,0,82,caught_by_fire,12364900698250344862,52,32
1786,40,0.40,Bot1,1,40,button,13536179250212390388,40,31
1786,40,0.40,Bot2,1,40,button,13536179250212390388,40,31
1786,40,0.40,Bot3,1,40,button,13536179250212390388,40,31
1786,40,0.40,Bot4,1,40,button,13536179250212390388,40,31
1787,40,0.40,Bot1,1,33,button,1925981666928230971,33,53
1787,40,0.40,Bot2,1,33,button,1925981666928230971,33,53
1787,40,0.40,Bot3,1,33,button,1925981666928230971,33,53
1787,40,0.40,Bot4,1,33,button,1925981666928230971,33,53
1788,40,0.40,Bot1,1,47,button,9394217693108921818,47,63
1788,40,0.40,Bot2,1,47,button,9394217693108921818,47,63
1788,40,0.40,Bot3,1,47,button,9394217693108921818,47,63
1788,40,0.40,Bot4,1,47,button,9394217693108921818,47,63
1789,40,0.40,Bot1,0,28,walked_into_fire,7447801105328225453,47,13
1789,40,0.40,Bot2,0,37,caught_by_fire,7447801105328225453,47,13
1789,40,0.40,Bot3,0,37,caught_by_fire,7447801105328225453,47,13
1789,40,0.40,Bot4,0,39,caught_by_fire,7447801105328225453,47,13
1790,40,0.40,Bot1,1,32,button,3829868300175136416,32,59
1790,40,0.40,Bot2,1,32,button,3829868300175136416,32,59
1790,40,0.40,Bot3,1,32,button,3829868300175136416,32,59
1790,40,0.40,Bot4,1,32,button,3829868300175136416,32,59
1791,40,0.40,Bot1,1,48,button,15185290983872367415,48,51
1791,40,0.40,Bot2,1,48,button,15185290983872367415,48,51
1791,40,0.40,Bot3,1,48,button,15185290983872367415,48,51
1791,40,0.40,Bot4,1,48,button,15185290983872367415,48,51
1792,40,0.40,Bot1,1,9,button,11971370384406786490,9,36
1792,40,0.40,Bot2,1,9,button,11971370384406786490,9,36
1792,40,0.40,Bot3,1,9,button,11971370384406786490,9,36
1792,40,0.40,Bot4,1,9,button,11971370384406786490,9,36
1793,40,0.40,Bot1,1,20,button,15492813215705212075,20,30
1793,40,0.40,Bot2,1,20,button,15492813215705212075,20,30
1793,40,0.40,Bot3,1,20,button,15492813215705212075,20,30
1793,40,0.40,Bot4,1,20,button,15492813215705212075,20,30
1794,40,0.40,Bot1,1,33,button,18180570550973468153,33,33
1794,40,0.40,Bot2,1,33,button,18180570550973468153,33,33
1794,40,0.40,Bot3,1,41,button,18180570550973468153,33,33
1794,40,0.40,Bot4,1,33,button,18180570550973468153,33,33
1795,40,0.40,Bot1,1,35,button,9304998893040870391,35,25
1795,40,0.40,Bot2,1,35,button,9304998893040870391,35,25
1795,40,0.40,Bot3,1,35,button,9304998893040870391,35,25
1795,40,0.40,Bot4,1,35,button,9304998893040870391,35,25
1796,40,0.40,Bot1,0,39,caught_by_fire,14990613573048739496,53,4
1796,40,0.40,Bot2,0,108,caught_by_fire,14990613573048739496,53,4
1796,40,0.40,Bot3,0,108,caught_by_fire,14990613573048739496,53,4
1796,40,0.40,Bot4,0,94,caught_by_fire,14990613573048739496,53,4
1797,40,0.40,Bot1,1,28,button,3885026093593435100,28,37
1797,40,0.40,Bot2,1,28,button,3885026093593435100,28,37
1797,40,0.40,Bot3,1,28,button,3885026093593435100,28,37
1797,40,0.40,Bot4,1,28,button,3885026093593435100,28,37
1798,40,0.40,Bot1,1,24,button,18307948466275822344,24,34
1798,40,0.40,Bot2,1,24,button,18307948466275822344,24,34
1798,40,0.40,Bot3,1,24,button,18307948466275822344,24,34
1798,40,0.40,Bot4,1,24,button,18307948466275822344,24,34
1799,40,0.40,Bot1,0,43,walked_into_fire,3274838897600638611,49,15
1799,40,0.40,Bot2,0,66,caught_by_fire,3274838897600638611,49,15
1799,40,0.40,Bot3,0,66,caught_by_fire,3274838897600638611,49,15
1799,40,0.40,Bot4,0,61,caught_by_fire,3274838897600638611,49,15
1800,40,0.45,Bot1,1,42,button,9549773424132110953,42,47
1800,40,0.45,Bot2,1,42,button,9549773424132110953,42,47
1800,40,0.45,Bot3,1,42,button,9549773424132110953,42,47
1800,40,0.45,Bot4,1,42,button,9549773424132110953,42,47
1801,40,0.45,Bot1,1,29,button,7607808433982488497,29,25
1801,40,0.45,Bot2,1,29,button,7607808433982488497,29,25
1801,40,0.45,Bot3,1,29,button,7607808433982488497,29,25
1801,40,0.45,Bot4,1,29,button,7607808433982488497,29,25
1802,40,0.45,Bot1,1,31,button,7343749598814494163,31,29
1802,40,0.45,Bot2,1,31,button,7343749598814494163,31,29
1802,40,0.45,Bot3,1,31,button,7343749598814494163,31,29
1802,40,0.45,Bot4,1,31,button,7343749598814494163,31,29
1803,40,0.45,Bot1,0,21,walked_into_fire,4138042241017841284,22,10
1803,40,0.45,Bot2,0,26,caught_by_fire,4138042241017841284,22,10
1803,40,0.45,Bot3,0,26,caught_by_fire,4138042241017841284,22,10
1803,40,0.45,Bot4,0,25,caught_by_fire,4138042241017841284,22,10
1804,40,0.45,Bot1,1,11,button,10360837758788623396,11,14
1804,40,0.45,Bot2,1,11,button,10360837758788623396,11,14
1804,40,0.45,Bot3,1,11,button,10360837758788623396,11,14
1804,40,0.45,Bot4,1,11,button,10360837758788623396,11,14
1805,40,0.45,Bot1,1,15,button,18080683910971090327,15,41
1805,40,0.45,Bot2,1,15,button,18080683910971090327,15,41
1805,40,0.45,Bot3,1,15,button,18080683910971090327,15,41
1805,40,0.45,Bot4,1,15,button,18080683910971090327,15,41
1806,40,0.45,Bot1,0,38,walked_into_fire,6788616144806735103,45,22
1806,40,0.45,Bot2,0,44,caught_by_fire,6788616144806735103,45,22
1806,40,0.45,Bot3,0,52,caught_by_fire,6788616144806735103,45,22
1806,40,0.45,Bot4,0,46,caught_by_fire,6788616144806735103,45,22
1807,40,0.45,Bot1,1,6,button,2585873501961150752,6,45
1807,40,0.45,Bot2,1,6,button,2585873501961150752,6,45
1807,40,0.45,Bot3,1,6,button,2585873501961150752,6,45
1807,40,0.45,Bot4,1,6,button,2585873501961150752,6,45
1808,40,0.45,Bot1,1,27,button,14785152812018802366,27,29
1808,40,0.45,Bot2,1,27,button,14785152812018802366,27,29
1808,40,0.45,Bot3,1,27,button,14785152812018802366,27,29
1808,40,0.45,Bot4,1,27,button,14785152812018802366,27,29
1809,40,0.45,Bot1,1,49,button,16000526513184605827,49,43
1809,40,0.45,Bot2,1,49,button,16000526513184605827,49,43
1809,40,0.45,Bot3,1,49,button,16000526513184605827,49,43
1809,40,0.45,Bot4,1,49,button,16000526513184605827,49,43
1810,40,0.45,Bot1,1,16,button,3606827343974070448,16,38
1810,40,0.45,Bot2,1,16,button,3606827343974070448,16,38
1810,40,0.45,Bot3,1,16,button,3606827343974070448,16,38
1810,40,0.45,Bot4,1,16,button,3606827343974070448,16,38
1811,40,0.45,Bot1,1,47,button,12931686138785183513,47,34
1811,40,0.45,Bot2,1,47,button,12931686138785183513,47,34
1811,40,0.45,Bot3,1,47,button,12931686138785183513,47,34
1811,40,0.45,Bot4,1,47,button,12931686138785183513,47,34
1812,40,0.45,Bot1,1,54,button,8597979399963346789,54,42
1812,40,0.45,Bot2,1,54,button,8597979399963346789,54,42
1812,40,0.45,Bot3,1,54,button,8597979399963346789,54,42
1812,40,0.45,Bot4,1,54,button,8597979399963346789,54,42
1813,40,0.45,Bot1,1,38,button,14762379404594071094,38,62
1813,40,0.45,Bot2,1,38,button,14762379404594071094,38,62
1813,40,0.45,Bot3,1,38,button,14762379404594071094,38,62
1813,40,0.45,Bot4,1,38,button,14762379404594071094,38,62
1814,40,0.45,Bot1,1,16,button,16523343701086652003,16,26
1814,40,0.45,Bot2,1,16,button,16523343701086652003,16,26
1814,40,0.45,Bot3,1,16,button,16523343701086652003,16,26
1814,40,0.45,Bot4,1,16,button,16523343701086652003,16,26
1815,40,0.45,Bot1,1,33,button,2809969151703249392,33,54
1815,40,0.45,Bot2,1,33,button,2809969151703249392,33,54
1815,40,0.45,Bot3,1,33,button,2809969151703249392,33,54
1815,40,0.45,Bot4,1,33,button,2809969151703249392,33,54
1816,40,0.45,Bot1,0,34,caught_by_fire,204721908732890915,38,16
1816,40,0.45,Bot2,0,41,caught_by_fire,204721908732890915,38,16
1816,40,0.45,Bot3,0,41,caught_by_fire,204721908732890915,38,16
1816,40,0.45,Bot4,0,39,caught_by_fire,204721908732890915,38,16
1817,40,0.45,Bot1,1,12,button,15124384928754150052,12,49
1817,40,0.45,Bot2,1,12,button,15124384928754150052,12,49
1817,40,0.45,Bot3,1,12,button,15124384928754150052,12,49
1817,40,0.45,Bot4,1,12,button,15124384928754150052,12,49
1818,40,0.45,Bot1,0,19,caught_by_fire,3684728558189431061,40,26
1818,40,0.45,Bot2,0,19,caught_by_fire,3684728558189431061,40,26
1818,40,0.45,Bot3,0,52,caught_by_fire,3684728558189431061,40,26
1818,40,0.45,Bot4,0,19,caught_by_fire,3684728558189431061,40,26
1819,40,0.45,Bot1,1,27,button,11141944168827352611,27,42
1819,40,0.45,Bot2,1,27,button,11141944168827352611,27,42
1819,40,0.45,Bot3,1,27,button,11141944168827352611,27,42
1819,40,0.45,Bot4,1,27,button,11141944168827352611,27,42
1820,40,0.45,Bot1,1,23,button,242983943770450880,23,42
1820,40,0.45,Bot2,1,23,button,242983943770450880,23,42
1820,40,0.45,Bot3,1,23,button,242983943770450880,23,42
1820,40,0.45,Bot4,1,23,button,242983943770450880,23,42
1821,40,0.45,Bot1,1,13,button,5725073746949048602,13,55
1821,40,0.45,Bot2,1,13,button,5725073746949048602,13,55
1821,40,0.45,Bot3,1,13,button,5725073746949048602,13,55
1821,40,0.45,Bot4,1,13,button,5725073746949048602,13,55
1822,40,0.45,Bot1,1,49,button,5173870830327764032,49,30
1822,40,0.45,Bot2,1,49,button,5173870830327764032,49,30
1822,40,0.45,Bot3,1,49,button,5173870830327764032,49,30
1822,40,0.45,Bot4,1,49,button,5173870830327764032,49,30
1823,40,0.45,Bot1,0,38,caught_by_fire,325565977728482938,42,11
1823,40,0.45,Bot2,0,46,caught_by_fire,325565977728482938,42,11
1823,40,0.45,Bot3,0,46,caught_by_fire,325565977728482938,42,11
1823,40,0.45,Bot4,0,46,caught_by_fire,325565977728482938,42,11
1824,40,0.45,Bot1,1,3,button,14153997856376586936,3,46
1824,40,0.45,Bot2,1,3,button,14153997856376586936,3,46
1824,40,0.45,Bot3,1,3,button,14153997856376586936,3,46
1824,40,0.45,Bot4,1,3,button,14153997856376586936,3,46
1825,40,0.45,Bot1,0,14,walked_into_fire,11025072604221374913,34,16
1825,40,0.45,Bot2,0,55,caught_by_fire,11025072604221374913,34,16
1825,40,0.45,Bot3,0,49,caught_by_fire,11025072604221374913,34,16
1825,40,0.45,Bot4,0,55,caught_by_fire,11025072604221374913,34,16
1826,40,0.45,Bot1,1,25,button,15617626394700690685,25,47
1826,40,0.45,Bot2,1,25,button,15617626394700690685,25,47
1826,40,0.45,Bot3,1,25,button,15617626394700690685,25,47
1826,40,0.45,Bot4,1,25,button,15617626394700690685,25,47
1827,40,0.45,Bot1,1,69,button,15905631077797388451,69,51
1827,40,0.45,Bot2,1,69,button,15905631077797388451,69,51
1827,40,0.45,Bot3,1,69,button,15905631077797388451,69,51
1827,40,0.45,Bot4,1,69,button,15905631077797388451,69,51
1828,40,0.45,Bot1,1,51,button,5747049639359201239,51,57
1828,40,0.45,Bot2,1,51,button,5747049639359201239,51,57
1828,40,0.45,Bot3,1,51,button,5747049639359201239,51,57
1828,40,0.45,Bot4,1,51,button,5747049639359201239,51,57
1829,40,0.45,Bot1,1,25,button,4687550249812275016,25,46
1829,40,0.45,Bot2,1,25,button,4687550249812275016,25,46
1829,40,0.45,Bot3,1,25,button,4687550249812275016,25,46
1829,40,0.45,Bot4,1,25,button,4687550249812275016,25,46
1830,40,0.45,Bot1,1,40,button,4509539946952309753,40,27
1830,40,0.45,Bot2,1,40,button,4509539946952309753,40,27
1830,40,0.45,Bot3,1,40,button,4509539946952309753,40,27
1830,40,0.45,Bot4,1,40,button,4509539946952309753,40,27
1831,40,0.45,Bot1,0,10,walked_into_fire,8059007455542654908,35,30
1831,40,0.45,Bot2,0,63,caught_by_fire,8059007455542654908,35,30
1831,40,0.45,Bot3,0,67,caught_by_fire,8059007455542654908,35,30
1831,40,0.45,Bot4,0,65,caught_by_fire,8059007455542654908,35,30
1832,40,0.45,Bot1,0,18,walked_into_fire,4153578427690016006,38,18
1832,40,0.45,Bot2,0,49,caught_by_fire,4153578427690016006,38,18
1832,40,0.45,Bot3,0,55,caught_by_fire,4153578427690016006,38,18
1832,40,0.45,Bot4,0,51,caught_by_fire,4153578427690016006,38,18
1833,40,0.45,Bot1,1,27,button,4553011937062187921,27,31
1833,40,0.45,Bot2,1,27,button,4553011937062187921,27,31
1833,40,0.45,Bot3,1,27,button,4553011937062187921,27,31
1833,40,0.45,Bot4,1,27,button,4553011937062187921,27,31
1834,40,0.45,Bot1,1,16,button,12974946436587985016,16,32
1834,40,0.45,Bot2,1,16,button,12974946436587985016,16,32
1834,40,0.45,Bot3,1,16,button,12974946436587985016,16,32
1834,40,0.45,Bot4,1,16,button,12974946436587985016,16,32
1835,40,0.45,Bot1,1,22,button,15645443938436648669,22,18
1835,40,0.45,Bot2,1,22,button,15645443938436648669,22,18
1835,40,0.45,Bot3,1,22,button,15645443938436648669,22,18
1835,40,0.45,Bot4,1,22,button,15645443938436648669,22,18
1836,40,0.45,Bot1,1,53,button,2742479136390017390,53,58
1836,40,0.45,Bot2,1,53,button,2742479136390017390,53,58
1836,40,0.45,Bot3,1,53,button,2742479136390017390,53,58
1836,40,0.45,Bot4,1,53,button,2742479136390017390,53,58
1837,40,0.45,Bot1,1,4,button,1456577560671847348,4,21
1837,40,0.45,Bot2,1,4,button,1456577560671847348,4,21
1837,40,0.45,Bot3,1,4,button,1456577560671847348,4,21
1837,40,0.45,Bot4,1,4,button,1456577560671847348,4,21
1838,40,0.45,Bot1,1,38,button,5870831986982542241,38,37
1838,40,0.45,Bot2,1,38,button,5870831986982542241,38,37
1838,40,0.45,Bot3,1,38,button,5870831986982542241,38,37
1838,40,0.45,Bot4,1,38,button,5870831986982542241,38,37
1839,40,0.45,Bot1,1,14,button,17088156179380046976,14,54
1839,40,0.45,Bot2,1,14,button,17088156179380046976,14,54
1839,40,0.45,Bot3,1,14,button,17088156179380046976,14,54
1839,40,0.45,Bot4,1,14,button,17088156179380046976,14,54
1840,40,0.45,Bot1,1,7,button,15519560409341014043,7,60
1840,40,0.45,Bot2,1,7,button,15519560409341014043,7,60
1840,40,0.45,Bot3,1,7,button,15519560409341014043,7,60
1840,40,0.45,Bot4,1,7,button,15519560409341014043,7,60
1841,40,0.45,Bot1,1,27,button,12080211344998302546,27,29
1841,40,0.45,Bot2,1,27,button,12080211344998302546,27,29
1841,40,0.45,Bot3,1,27,button,12080211344998302546,27,29
1841,40,0.45,Bot4,1,27,button,12080211344998302546,27,29
1842,40,0.45,Bot1,1,30,button,2249964512867370247,30,26
1842,40,0.45,Bot2,1,30,button,2249964512867370247,30,26
1842,40,0.45,Bot3,1,30,button,2249964512867370247,30,26
1842,40,0.45,Bot4,1,30,button,2249964512867370247,30,26
1843,40,0.45,Bot1,1,38,button,10066567726780836943,38,41
1843,40,0.45,Bot2,1,38,button,10066567726780836943,38,41
1843,40,0.45,Bot3,1,38,button,10066567726780836943,38,41
1843,40,0.45,Bot4,1,38,button,10066567726780836943,38,41
1844,40,0.45,Bot1,1,23,button,10661704125940427740,23,40
1844,40,0.45,Bot2,1,23,button,10661704125940427740,23,40
1844,40,0.45,Bot3,1,23,button,10661704125940427740,23,40
1844,40,0.45,Bot4,1,23,button,10661704125940427740,23,40
1845,40,0.45,Bot1,1,23,button,15382542209745280984,23,13
1845,40,0.45,Bot2,1,23,button,15382542209745280984,23,13
1845,40,0.45,Bot3,1,23,button,15382542209745280984,23,13
1845,40,0.45,Bot4,1,23,button,15382542209745280984,23,13
1846,40,0.45,Bot1,1,30,button,13569667396074145031,30,44
1846,40,0.45,Bot2,1,30,button,13569667396074145031,30,44
1846,40,0.45,Bot3,1,30,button,13569667396074145031,30,44
1846,40,0.45,Bot4,1,30,button,13569667396074145031,30,44
1847,40,0.45,Bot1,1,43,button,18350101382413684400,43,40
1847,40,0.45,Bot2,1,43,button,18350101382413684400,43,40
1847,40,0.45,Bot3,1,43,button,18350101382413684400,43,40
1847,40,0.45,Bot4,1,43,button,18350101382413684400,43,40
1848,40,0.45,Bot1,1,44,button,8527100234216920810,44,35
1848,40,0.45,Bot2,1,44,button,8527100234216920810,44,35
1848,40,0.45,Bot3,1,44,button,8527100234216920810,44,35
1848,40,0.45,Bot4,1,44,button,8527100234216920810,44,35
1849,40,0.45,Bot1,1,22,button,2728452737893853651,22,16
1849,40,0.45,Bot2,1,22,button,2728452737893853651,22,16
1849,40,0.45,Bot3,1,22,button,2728452737893853651,22,16
1849,40,0.45,Bot4,1,22,button,2728452737893853651,22,16
1850,40,0.45,Bot1,1,34,button,3352896088982540314,34,44
1850,40,0.45,Bot2,1,34,button,3352896088982540314,34,44
1850,40,0.45,Bot3,1,34,button,3352896088982540314,34,44
1850,40,0.45,Bot4,1,34,button,3352896088982540314,34,44
1851,40,0.45,Bot1,1,39,button,11342130966896673579,39,42
1851,40,0.45,Bot2,1,39,button,11342130966896673579,39,42
1851,40,0.45,Bot3,1,39,button,11342130966896673579,39,42
1851,40,0.45,Bot4,1,39,button,11342130966896673579,39,42
1852,40,0.45,Bot1,1,22,button,713614949545662831,22,47
1852,40,0.45,Bot2,1,22,button,713614949545662831,22,47
1852,40,0.45,Bot3,1,22,button,713614949545662831,22,47
1852,40,0.45,Bot4,1,22,button,713614949545662831,22,47
1853,40,0.45,Bot1,0,26,walked_into_fire,5688356673203609427,46,31
1853,40,0.45,Bot2,0,65,caught_by_fire,5688356673203609427,46,31
1853,40,0.45,Bot3,0,63,caught_by_fire,5688356673203609427,46,31
1853,40,0.45,Bot4,0,65,caught_by_fire,5688356673203609427,46,31
1854,40,0.45,Bot1,1,29,button,3111670085414186821,29,62
1854,40,0.45,Bot2,1,29,button,3111670085414186821,29,62
1854,40,0.45,Bot3,1,29,button,3111670085414186821,29,62
1854,40,0.45,Bot4,1,29,button,3111670085414186821,29,62
1855,40,0.45,Bot1,0,13,walked_into_fire,4897555128493642922,23,16
1855,40,0.45,Bot2,0,38,caught_by_fire,4897555128493642922,23,16
1855,40,0.45,Bot3,0,40,caught_by_fire,4897555128493642922,23,16
1855,40,0.45,Bot4,0,38,caught_by_fire,4897555128493642922,23,16
1856,40,0.45,Bot1,1,39,button,15919135683581452265,39,65
1856,40,0.45,Bot2,1,39,button,15919135683581452265,39,65
1856,40,0.45,Bot3,1,39,button,15919135683581452265,39,65
1856,40,0.45,Bot4,1,39,button,15919135683581452265,39,65
1857,40,0.45,Bot1,1,17,button,2795212450060570495,17,19
1857,40,0.45,Bot2,1,17,button,2795212450060570495,17,19
1857,40,0.45,Bot3,1,17,button,2795212450060570495,17,19
1857,40,0.45,Bot4,1,17,button,2795212450060570495,17,19
1858,40,0.45,Bot1,0,13,caught_by_fire,10902805497945401845,34,28
1858,40,0.45,Bot2,0,29,caught_by_fire,10902805497945401845,34,28
1858,40,0.45,Bot3,0,29,caught_by_fire,10902805497945401845,34,28
1858,40,0.45,Bot4,0,29,caught_by_fire,10902805497945401845,34,28
1859,40,0.45,Bot1,1,12,button,5725447227123002110,12,20
1859,40,0.45,Bot2,1,12,button,5725447227123002110,12,20
1859,40,0.45,Bot3,1,12,button,5725447227123002110,12,20
1859,40,0.45,Bot4,1,12,button,5725447227123002110,12,20
1860,40,0.45,Bot1,1,23,button,13519637921014491249,23,15
1860,40,0.45,Bot2,1,23,button,13519637921014491249,23,15
1860,40,0.45,Bot3,1,23,button,13519637921014491249,23,15
1860,40,0.45,Bot4,1,23,button,13519637921014491249,23,15
1861,40,0.45,Bot1,0,13,caught_by_fire,1589697634840149623,40,30
1861,40,0.45,Bot2,1,54,button,1589697634840149623,40,30
1861,40,0.45,Bot3,1,54,button,1589697634840149623,40,30
1861,40,0.45,Bot4,1,54,button,1589697634840149623,40,30
1862,40,0.45,Bot1,1,34,button,2863566786278014349,34,39
1862,40,0.45,Bot2,1,34,button,2863566786278014349,34,39
1862,40,0.45,Bot3,1,34,button,2863566786278014349,34,39
1862,40,0.45,Bot4,1,34,button,2863566786278014349,34,39
1863,40,0.45,Bot1,1,23,button,15660955484349483640,23,46
1863,40,0.45,Bot2,1,23,button,15660955484349483640,23,46
1863,40,0.45,Bot3,1,23,button,15660955484349483640,23,46
1863,40,0.45,Bot4,1,23,button,15660955484349483640,23,46
1864,40,0.45,Bot1,1,31,button,4612461690846436602,31,30
1864,40,0.45,Bot2,1,31,button,4612461690846436602,31,30
1864,40,0.45,Bot3,1,31,button,4612461690846436602,31,30
1864,40,0.45,Bot4,1,31,button,4612461690846436602,31,30
1865,40,0.45,Bot1,0,48,walked_into_fire,11580664589040370649,69,24
1865,40,0.45,Bot2,0,62,caught_by_fire,11580664589040370649,69,24
1865,40,0.45,Bot3,0,72,caught_by_fire,11580664589040370649,69,24
1865,40,0.45,Bot4,0,72,caught_by_fire,11580664589040370649,69,24
1866,40,0.45,Bot1,1,25,button,7613412269149970945,25,32
1866,40,0.45,Bot2,1,25,button,7613412269149970945,25,32
1866,40,0.45,Bot3,1,25,button,7613412269149970945,25,32
1866,40,0.45,Bot4,1,25,button,7613412269149970945,25,32
1867,40,0.45,Bot1,1,30,button,483678634721099987,30,43
1867,40,0.45,Bot2,1,30,button,483678634721099987,30,43
1867,40,0.45,Bot3,1,30,button,483678634721099987,30,43
1867,40,0.45,Bot4,1,30,button,483678634721099987,30,43
1868,40,0.45,Bot1,1,53,button,9399561327764172177,53,68
1868,40,0.45,Bot2,1,53,button,9399561327764172177,53,68
1868,40,0.45,Bot3,1,53,button,9399561327764172177,53,68
1868,40,0.45,Bot4,1,53,button,9399561327764172177,53,68
1869,40,0.45,Bot1,1,29,button,4999895305234855758,29,30
1869,40,0.45,Bot2,1,29,button,4999895305234855758,29,30
1869,40,0.45,Bot3,1,29,button,4999895305234855758,29,30
1869,40,0.45,Bot4,1,29,button,4999895305234855758,29,30
1870,40,0.45,Bot1,1,66,button,6317227274060056900,66,48
1870,40,0.45,Bot2,1,66,button,6317227274060056900,66,48
1870,40,0.45,Bot3,1,66,button,6317227274060056900,66,48
1870,40,0.45,Bot4,1,66,button,6317227274060056900,66,48
1871,40,0.45,Bot1,1,32,button,4129552631389399246,32,32
1871,40,0.45,Bot2,1,32,button,4129552631389399246,32,32
1871,40,0.45,Bot3,1,32,button,4129552631389399246,32,32
1871,40,0.45,Bot4,1,32,button,4129552631389399246,32,32
1872,40,0.45,Bot1,0,33,walked_into_fire,8289577985914997404,45,11
1872,40,0.45,Bot2,0,56,caught_by_fire,8289577985914997404,45,11
1872,40,0.45,Bot3,0,56,caught_by_fire,8289577985914997404,45,11
1872,40,0.45,Bot4,0,54,caught_by_fire,8289577985914997404,45,11
1873,40,0.45,Bot1,1,48,button,15201597669508597936,48,50
1873,40,0.45,Bot2,1,48,button,15201597669508597936,48,50
1873,40,0.45,Bot3,1,48,button,15201597669508597936,48,50
1873,40,0.45,Bot4,1,48,button,15201597669508597936,48,50
1874,40,0.45,Bot1,1,14,button,1277423351774862495,14,13
1874,40,0.45,Bot2,1,14,button,1277423351774862495,14,13
1874,40,0.45,Bot3,1,14,button,1277423351774862495,14,13
1874,40,0.45,Bot4,1,14,button,1277423351774862495,14,13
1875,40,0.45,Bot1,1,25,button,18172031732988626344,25,24
1875,40,0.45,Bot2,1,25,button,18172031732988626344,25,24
1875,40,0.45,Bot3,1,25,button,18172031732988626344,25,24
1875,40,0.45,Bot4,1,25,button,18172031732988626344,25,24
1876,40,0.45,Bot1,1,39,button,18309433216224952384,39,42
1876,40,0.45,Bot2,1,39,button,18309433216224952384,39,42
1876,40,0.45,Bot3,1,39,button,18309433216224952384,39,42
1876,40,0.45,Bot4,1,39,button,18309433216224952384,39,42
1877,40,0.45,Bot1,1,68,button,12681739767339148518,68,62
1877,40,0.45,Bot2,1,68,button,12681739767339148518,68,62
1877,40,0.45,Bot3,1,68,button,12681739767339148518,68,62
1877,40,0.45,Bot4,1,68,button,12681739767339148518,68,62
1878,40,0.45,Bot1,1,16,button,12631726829166751738,16,38
1878,40,0.45,Bot2,1,16,button,12631726829166751738,16,38
1878,40,0.45,Bot3,1,16,button,12631726829166751738,16,38
1878,40,0.45,Bot4,1,16,button,12631726829166751738,16,38
1879,40,0.45,Bot1,1,61,button,13475005777211974925,61,56
1879,40,0.45,Bot2,1,61,button,13475005777211974925,61,56
1879,40,0.45,Bot3,1,61,button,13475005777211974925,61,56
1879,40,0.45,Bot4,1,61,button,13475005777211974925,61,56
1880,40,0.45,Bot1,1,28,button,10711360219606597672,28,29
1880,40,0.45,Bot2,1,28,button,10711360219606597672,28,29
1880,40,0.45,Bot3,1,28,button,10711360219606597672,28,29
1880,40,0.45,Bot4,1,28,button,10711360219606597672,28,29
1881,40,0.45,Bot1,0,28,walked_into_fire,3697835696093281215,53,20
1881,40,0.45,Bot2,0,33,caught_by_fire,3697835696093281215,53,20
1881,40,0.45,Bot3,0,33,caught_by_fire,3697835696093281215,53,20
1881,40,0.45,Bot4,0,33,caught_by_fire,3697835696093281215,53,20
1882,40,0.45,Bot1,0,14,walked_into_fire,17832621551904855854,43,24
1882,40,0.45,Bot2,0,46,caught_by_fire,17832621551904855854,43,24
1882,40,0.45,Bot3,0,42,caught_by_fire,17832621551904855854,43,24
1882,40,0.45,Bot4,0,46,caught_by_fire,17832621551904855854,43,24
1883,40,0.45,Bot1,0,21,caught_by_fire,4481712329359613365,44,15
1883,40,0.45,Bot2,0,32,caught_by_fire,4481712329359613365,44,15
1883,40,0.45,Bot3,0,28,caught_by_fire,4481712329359613365,44,15
1883,40,0.45,Bot4,0,42,caught_by_fire,4481712329359613365,44,15
1884,40,0.45,Bot1,1,15,button,13183389285602755454,15,38
1884,40,0.45,Bot2,1,15,button,13183389285602755454,15,38
1884,40,0.45,Bot3,1,15,button,13183389285602755454,15,38
1884,40,0.45,Bot4,1,15,button,13183389285602755454,15,38
1885,40,0.45,Bot1,0,12,walked_into_fire,17009383640148213508,34,20
1885,40,0.45,Bot2,0,27,caught_by_fire,17009383640148213508,34,20
1885,40,0.45,Bot3,0,26,caught_by_fire,17009383640148213508,34,20
1885,40,0.45,Bot4,0,27,caught_by_fire,17009383640148213508,34,20
1886,40,0.45,Bot1,1,33,button,13549141245002466699,33,38
1886,40,0.45,Bot2,1,33,button,13549141245002466699,33,38
1886,40,0.45,Bot3,1,33,button,13549141245002466699,33,38
1886,40,0.45,Bot4,1,33,button,13549141245002466699,33,38
1887,40,0.45,Bot1,0,12,walked_into_fire,8002035852174994996,38,31
1887,40,0.45,Bot2,1,52,button,8002035852174994996,38,31
1887,40,0.45,Bot3,1,44,button,8002035852174994996,38,31
1887,40,0.45,Bot4,1,52,button,8002035852174994996,38,31
1888,40,0.45,Bot1,1,39,button,3681493204786170249,39,45
1888,40,0.45,Bot2,1,39,button,3681493204786170249,39,45
1888,40,0.45,Bot3,1,39,button,3681493204786170249,39,45
1888,40,0.45,Bot4,1,39,button,3681493204786170249,39,45
1889,40,0.45,Bot1,0,29,walked_into_fire,12285212819543017201,62,38
1889,40,0.45,Bot2,0,50,caught_by_fire,12285212819543017201,62,38
1889,40,0.45,Bot3,0,45,caught_by_fire,12285212819543017201,62,38
1889,40,0.45,Bot4,0,52,caught_by_fire,12285212819543017201,62,38
1890,40,0.45,Bot1,0,30,caught_by_fire,950624100178292731,44,6
1890,40,0.45,Bot2,0,57,caught_by_fire,950624100178292731,44,6
1890,40,0.45,Bot3,0,57,caught_by_fire,950624100178292731,44,6
1890,40,0.45,Bot4,0,53,caught_by_fire,950624100178292731,44,6
1891,40,0.45,Bot1,1,27,button,14860617107890816286,27,55
1891,40,0.45,Bot2,1,27,button,14860617107890816286,27,55
1891,40,0.45,Bot3,1,27,button,14860617107890816286,27,55
1891,40,0.45,Bot4,1,27,button,14860617107890816286,27,55
1892,40,0.45,Bot1,1,7,button,4808471956028970905,7,48
1892,40,0.45,Bot2,1,7,button,4808471956028970905,7,48
1892,40,0.45,Bot3,1,7,button,4808471956028970905,7,48
1892,40,0.45,Bot4,1,7,button,4808471956028970905,7,48
1893,40,0.45,Bot1,1,55,button,6206663444540979193,55,49
1893,40,0.45,Bot2,1,55,button,6206663444540979193,55,49
1893,40,0.45,Bot3,1,55,button,6206663444540979193,55,49
1893,40,0.45,Bot4,1,55,button,6206663444540979193,55,49
1894,40,0.45,Bot1,1,18,button,4782776380073120581,18,37
1894,40,0.45,Bot2,1,18,button,4782776380073120581,18,37
1894,40,0.45,Bot3,1,18,button,4782776380073120581,18,37
1894,40,0.45,Bot4,1,18,button,4782776380073120581,18,37
1895,40,0.45,Bot1,1,11,button,8597122078918930405,11,26
1895,40,0.45,Bot2,1,11,button,8597122078918930405,11,26
1895,40,0.45,Bot3,1,11,button,8597122078918930405,11,26
1895,40,0.45,Bot4,1,11,button,8597122078918930405,11,26
1896,40,0.45,Bot1,1,36,button,5137830912156656183,36,37
1896,40,0.45,Bot2,1,36,button,5137830912156656183,36,37
1896,40,0.45,Bot3,1,36,button,5137830912156656183,36,37
1896,40,0.45,Bot4,1,36,button,5137830912156656183,36,37
1897,40,0.45,Bot1,0,8,caught_by_fire,16912525383130806695,32,24
1897,40,0.45,Bot2,0,69,caught_by_fire,16912525383130806695,32,24
1897,40,0.45,Bot3,0,72,caught_by_fire,16912525383130806695,32,24
1897,40,0.45,Bot4,0,71,caught_by_fire,16912525383130806695,32,24
1898,40,0.45,Bot1,0,36,caught_by_fire,3286731506049017188,45,9
1898,40,0.45,Bot2,0,73,caught_by_fire,3286731506049017188,45,9
1898,40,0.45,Bot3,0,73,caught_by_fire,3286731506049017188,45,9
1898,40,0.45,Bot4,0,72,caught_by_fire,3286731506049017188,45,9
1899,40,0.45,Bot1,1,30,button,17806038239207556967,30,35
1899,40,0.45,Bot2,1,30,button,17806038239207556967,30,35
1899,40,0.45,Bot3,1,30,button,17806038239207556967,30,35
1899,40,0.45,Bot4,1,30,button,17806038239207556967,30,35
1900,40,0.45,Bot1,0,17,caught_by_fire,3540931551314535057,41,18
1900,40,0.45,Bot2,0,17,caught_by_fire,3540931551314535057,41,18
1900,40,0.45,Bot3,0,46,caught_by_fire,3540931551314535057,41,18
1900,40,0.45,Bot4,0,21,caught_by_fire,3540931551314535057,41,18
1901,40,0.45,Bot1,1,20,button,5031381885990125348,20,10
1901,40,0.45,Bot2,1,20,button,5031381885990125348,20,10
1901,40,0.45,Bot3,1,20,button,5031381885990125348,20,10
1901,40,0.45,Bot4,1,20,button,5031381885990125348,20,10
1902,40,0.45,Bot1,1,31,button,15464666944795149705,31,28
1902,40,0.45,Bot2,1,31,button,15464666944795149705,31,28
1902,40,0.45,Bot3,1,31,button,15464666944795149705,31,28
1902,40,0.45,Bot4,1,31,button,15464666944795149705,31,28
1903,40,0.45,Bot1,1,23,button,9848704268938097036,23,30
1903,40,0.45,Bot2,1,23,button,9848704268938097036,23,30
1903,40,0.45,Bot3,1,23,button,9848704268938097036,23,30
1903,40,0.45,Bot4,1,23,button,9848704268938097036,23,30
1904,40,0.45,Bot1,0,21,caught_by_fire,13968044436957806615,50,24
1904,40,0.45,Bot2,0,25,caught_by_fire,13968044436957806615,50,24
1904,40,0.45,Bot3,0,37,caught_by_fire,13968044436957806615,50,24
1904,40,0.45,Bot4,0,25,caught_by_fire,13968044436957806615,50,24
1905,40,0.45,Bot1,1,34,button,12907083446458208503,34,57
1905,40,0.45,Bot2,1,34,button,12907083446458208503,34,57
1905,40,0.45,Bot3,1,34,button,12907083446458208503,34,57
1905,40,0.45,Bot4,1,34,button,12907083446458208503,34,57
1906,40,0.45,Bot1,1,22,button,6855880234207445922,22,33
1906,40,0.45,Bot2,1,22,button,6855880234207445922,22,33
1906,40,0.45,Bot3,1,22,button,6855880234207445922,22,33
1906,40,0.45,Bot4,1,22,button,6855880234207445922,22,33
1907,40,0.45,Bot1,1,53,button,15365186803261757168,53,55
1907,40,0.45,Bot2,1,53,button,15365186803261757168,53,55
1907,40,0.45,Bot3,1,53,button,15365186803261757168,53,55
1907,40,0.45,Bot4,1,53,button,15365186803261757168,53,55
1908,40,0.45,Bot1,1,22,button,3191153473480316493,22,44
1908,40,0.45,Bot2,1,22,button,3191153473480316493,22,44
1908,40,0.45,Bot3,1,22,button,3191153473480316493,22,44
1908,40,0.45,Bot4,1,22,button,3191153473480316493,22,44
1909,40,0.45,Bot1,1,21,button,16076807596068172120,21,30
1909,40,0.45,Bot2,1,21,button,16076807596068172120,21,30
1909,40,0.45,Bot3,1,21,button,16076807596068172120,21,30
1909,40,0.45,Bot4,1,21,button,16076807596068172120,21,30
1910,40,0.45,Bot1,1,34,button,6107071349813784595,34,47
1910,40,0.45,Bot2,1,34,button,6107071349813784595,34,47
1910,40,0.45,Bot3,1,34,button,6107071349813784595,34,47
1910,40,0.45,Bot4,1,34,button,6107071349813784595,34,47
1911,40,0.45,Bot1,1,5,button,18041902509146487972,5,14
1911,40,0.45,Bot2,1,5,button,18041902509146487972,5,14
1911,40,0.45,Bot3,1,5,button,18041902509146487972,5,14
1911,40,0.45,Bot4,1,5,button,18041902509146487972,5,14
1912,40,0.45,Bot1,1,59,button,17818053105903185435,59,57
1912,40,0.45,Bot2,1,59,button,17818053105903185435,59,57
1912,40,0.45,Bot3,1,59,button,17818053105903185435,59,57
1912,40,0.45,Bot4,1,59,button,17818053105903185435,59,57
1913,40,0.45,Bot1,0,33,walked_into_fire,16374394711108110995,34,14
1913,40,0.45,Bot2,0,36,caught_by_fire,16374394711108110995,34,14
1913,40,0.45,Bot3,0,36,caught_by_fire,16374394711108110995,34,14
1913,40,0.45,Bot4,0,34,caught_by_fire,16374394711108110995,34,14
1914,40,0.45,Bot1,0,34,caught_by_fire,16601966326085019911,48,17
1914,40,0.45,Bot2,0,45,caught_by_fire,16601966326085019911,48,17
1914,40,0.45,Bot3,0,45,caught_by_fire,16601966326085019911,48,17
1914,40,0.45,Bot4,0,46,caught_by_fire,16601966326085019911,48,17
1915,40,0.45,Bot1,1,25,button,8779991381047657533,25,27
1915,40,0.45,Bot2,1,25,button,8779991381047657533,25,27
1915,40,0.45,Bot3,1,25,button,8779991381047657533,25,27
1915,40,0.45,Bot4,1,25,button,8779991381047657533,25,27
1916,40,0.45,Bot1,1,18,button,15824247073104555379,18,31
1916,40,0.45,Bot2,1,18,button,15824247073104555379,18,31
1916,40,0.45,Bot3,1,18,button,15824247073104555379,18,31
1916,40,0.45,Bot4,1,18,button,15824247073104555379,18,31
1917,40,0.45,Bot1,1,34,button,15856231210962518372,34,54
1917,40,0.45,Bot2,1,34,button,15856231210962518372,34,54
1917,40,0.45,Bot3,1,34,button,15856231210962518372,34,54
1917,40,0.45,Bot4,1,34,button,15856231210962518372,34,54
1918,40,0.45,Bot1,0,29,caught_by_fire,18087418500437790909,48,15
1918,40,0.45,Bot2,0,74,caught_by_fire,18087418500437790909,48,15
1918,40,0.45,Bot3,0,74,caught_by_fire,18087418500437790909,48,15
1918,40,0.45,Bot4,0,74,caught_by_fire,18087418500437790909,48,15
1919,40,0.45,Bot1,1,39,button,15690655744440071898,39,22
1919,40,0.45,Bot2,1,39,button,15690655744440071898,39,22
1919,40,0.45,Bot3,1,39,button,15690655744440071898,39,22
1919,40,0.45,Bot4,1,39,button,15690655744440071898,39,22
1920,40,0.45,Bot1,1,32,button,18123369558898266050,32,30
1920,40,0.45,Bot2,1,32,button,18123369558898266050,32,30
1920,40,0.45,Bot3,1,32,button,18123369558898266050,32,30
1920,40,0.45,Bot4,1,32,button,18123369558898266050,32,30
1921,40,0.45,Bot1,1,44,button,1251230811003109394,44,32
1921,40,0.45,Bot2,1,44,button,1251230811003109394,44,32
1921,40,0.45,Bot3,1,44,button,1251230811003109394,44,32
1921,40,0.45,Bot4,1,44,button,1251230811003109394,44,32
1922,40,0.45,Bot1,1,14,button,18327907332846766853,14,52
1922,40,0.45,Bot2,1,14,button,18327907332846766853,14,52
1922,40,0.45,Bot3,1,14,button,18327907332846766853,14,52
1922,40,0.45,Bot4,1,14,button,18327907332846766853,14,52
1923,40,0.45,Bot1,1,20,button,7062456234605442437,20,10
1923,40,0.45,Bot2,0,21,caught_by_fire,7062456234605442437,20,10
1923,40,0.45,Bot3,1,20,button,7062456234605442437,20,10
1923,40,0.45,Bot4,1,20,button,7062456234605442437,20,10
1924,40,0.45,Bot1,0,19,walked_into_fire,10335079146758879917,26,4
1924,40,0.45,Bot2,0,56,caught_by_fire,10335079146758879917,26,4
1924,40,0.45,Bot3,0,56,caught_by_fire,10335079146758879917,26,4
1924,40,0.45,Bot4,0,56,caught_by_fire,10335079146758879917,26,4
1925,40,0.45,Bot1,0,16,walked_into_fire,11020871634411011357,54,35
1925,40,0.45,Bot2,0,27,caught_by_fire,11020871634411011357,54,35
1925,40,0.45,Bot3,0,59,caught_by_fire,11020871634411011357,54,35
1925,40,0.45,Bot4,1,58,button,11020871634411011357,54,35
1926,40,0.45,Bot1,1,11,button,8003620235006137806,11,33
1926,40,0.45,Bot2,1,11,button,8003620235006137806,11,33
1926,40,0.45,Bot3,1,11,button,8003620235006137806,11,33
1926,40,0.45,Bot4,1,11,button,8003620235006137806,11,33
1927,40,0.45,Bot1,0,23,walked_into_fire,5747222382772499371,40,8
1927,40,0.45,Bot2,0,45,caught_by_fire,5747222382772499371,40,8
1927,40,0.45,Bot3,0,51,caught_by_fire,5747222382772499371,40,8
1927,40,0.45,Bot4,0,40,caught_by_fire,5747222382772499371,40,8
1928,40,0.45,Bot1,0,34,caught_by_fire,5082158947042256491,48,5
1928,40,0.45,Bot2,0,88,caught_by_fire,5082158947042256491,48,5
1928,40,0.45,Bot3,0,88,caught_by_fire,5082158947042256491,48,5
1928,40,0.45,Bot4,0,82,caught_by_fire,5082158947042256491,48,5
1929,40,0.45,Bot1,1,24,button,3521321379133192243,24,60
1929,40,0.45,Bot2,1,24,button,3521321379133192243,24,60
1929,40,0.45,Bot3,1,24,button,3521321379133192243,24,60
1929,40,0.45,Bot4,1,24,button,3521321379133192243,24,60
1930,40,0.45,Bot1,1,45,button,11235525882733778132,45,48
1930,40,0.45,Bot2,1,45,button,11235525882733778132,45,48
1930,40,0.45,Bot3,1,45,button,11235525882733778132,45,48
1930,40,0.45,Bot4,1,45,button,11235525882733778132,45,48
1931,40,0.45,Bot1,1,47,button,15475432934990512222,47,43
1931,40,0.45,Bot2,1,47,button,15475432934990512222,47,43
1931,40,0.45,Bot3,1,47,button,15475432934990512222,47,43
1931,40,0.45,Bot4,1,47,button,15475432934990512222,47,43
1932,40,0.45,Bot1,0,17,walked_into_fire,12579300662552997271,59,36
1932,40,0.45,Bot2,1,63,button,12579300662552997271,59,36
1932,40,0.45,Bot3,1,63,button,12579300662552997271,59,36
1932,40,0.45,Bot4,1,63,button,12579300662552997271,59,36
1933,40,0.45,Bot1,1,36,button,12429611115873079096,36,38
1933,40,0.45,Bot2,1,36,button,12429611115873079096,36,38
1933,40,0.45,Bot3,1,36,button,12429611115873079096,36,38
1933,40,0.45,Bot4,1,36,button,12429611115873079096,36,38
1934,40,0.45,Bot1,1,19,button,1615246002061576214,19,24
1934,40,0.45,Bot2,1,19,button,1615246002061576214,19,24
1934,40,0.45,Bot3,1,19,button,1615246002061576214,19,24
1934,40,0.45,Bot4,1,19,button,1615246002061576214,19,24
1935,40,0.45,Bot1,1,17,button,9497602710410769572,17,35
1935,40,0.45,Bot2,1,17,button,9497602710410769572,17,35
1935,40,0.45,Bot3,1,17,button,9497602710410769572,17,35
1935,40,0.45,Bot4,1,17,button,9497602710410769572,17,35
1936,40,0.45,Bot1,1,33,button,18335808523766893636,33,36
1936,40,0.45,Bot2,1,33,button,18335808523766893636,33,36
1936,40,0.45,Bot3,1,33,button,18335808523766893636,33,36
1936,40,0.45,Bot4,1,33,button,18335808523766893636,33,36
1937,40,0.45,Bot1,1,22,button,16296356536379258515,22,15
1937,40,0.45,Bot2,1,22,button,16296356536379258515,22,15
1937,40,0.45,Bot3,1,22,button,16296356536379258515,22,15
1937,40,0.45,Bot4,1,22,button,16296356536379258515,22,15
1938,40,0.45,Bot1,1,30,button,17032141612844340057,30,30
1938,40,0.45,Bot2,1,30,button,17032141612844340057,30,30
1938,40,0.45,Bot3,1,30,button,17032141612844340057,30,30
1938,40,0.45,Bot4,1,30,button,17032141612844340057,30,30
1939,40,0.45,Bot1,1,30,button,14866489691476031012,30,38
1939,40,0.45,Bot2,1,30,button,14866489691476031012,30,38
1939,40,0.45,Bot3,1,30,button,14866489691476031012,30,38
1939,40,0.45,Bot4,1,30,button,14866489691476031012,30,38
1940,40,0.45,Bot1,1,59,button,1728452023996038479,59,54
1940,40,0.45,Bot2,1,59,button,1728452023996038479,59,54
1940,40,0.45,Bot3,1,59,button,1728452023996038479,59,54
1940,40,0.45,Bot4,1,59,button,1728452023996038479,59,54
1941,40,0.45,Bot1,1,17,button,1873022208787243885,17,48
1941,40,0.45,Bot2,1,17,button,1873022208787243885,17,48
1941,40,0.45,Bot3,1,17,button,1873022208787243885,17,48
1941,40,0.45,Bot4,1,17,button,1873022208787243885,17,48
1942,40,0.45,Bot1,1,45,button,16280517828712472236,45,36
1942,40,0.45,Bot2,1,45,button,16280517828712472236,45,36
1942,40,0.45,Bot3,1,45,button,16280517828712472236,45,36
1942,40,0.45,Bot4,1,45,button,16280517828712472236,45,36
1943,40,0.45,Bot1,0,28,caught_by_fire,17944229162782556558,84,45
1943,40,0.45,Bot2,0,60,caught_by_fire,17944229162782556558,84,45
1943,40,0.45,Bot3,0,60,caught_by_fire,17944229162782556558,84,45
1943,40,0.45,Bot4,0,60,caught_by_fire,17944229162782556558,84,45
1944,40,0.45,Bot1,1,1,button,15905413546250201421,1,27
1944,40,0.45,Bot2,1,1,button,15905413546250201421,1,27
1944,40,0.45,Bot3,1,1,button,15905413546250201421,1,27
1944,40,0.45,Bot4,1,1,button,15905413546250201421,1,27
1945,40,0.45,Bot1,1,9,button,10275441389130211489,9,39
1945,40,0.45,Bot2,1,9,button,10275441389130211489,9,39
1945,40,0.45,Bot3,1,9,button,10275441389130211489,9,39
1945,40,0.45,Bot4,1,9,button,10275441389130211489,9,39
1946,40,0.45,Bot1,1,55,button,17173876940420369308,55,19
1946,40,0.45,Bot2,1,55,button,17173876940420369308,55,19
1946,40,0.45,Bot3,1,55,button,17173876940420369308,55,19
1946,40,0.45,Bot4,1,55,button,17173876940420369308,55,19
1947,40,0.45,Bot1,1,25,button,17183449220672037204,25,46
1947,40,0.45,Bot2,1,25,button,17183449220672037204,25,46
1947,40,0.45,Bot3,1,25,button,17183449220672037204,25,46
1947,40,0.45,Bot4,1,25,button,17183449220672037204,25,46
1948,40,0.45,Bot1,0,18,walked_into_fire,10044227655371097317,21,4
1948,40,0.45,Bot2,0,38,caught_by_fire,10044227655371097317,21,4
1948,40,0.45,Bot3,0,38,caught_by_fire,10044227655371097317,21,4
1948,40,0.45,Bot4,0,36,caught_by_fire,10044227655371097317,21,4
1949,40,0.45,Bot1,1,18,button,16805727841475407696,18,51
1949,40,0.45,Bot2,1,18,button,16805727841475407696,18,51
1949,40,0.45,Bot3,1,18,button,16805727841475407696,18,51
1949,40,0.45,Bot4,1,18,button,16805727841475407696,18,51
1950,40,0.45,Bot1,1,44,button,1948108818063743458,44,44
1950,40,0.45,Bot2,1,44,button,1948108818063743458,44,44
1950,40,0.45,Bot3,1,44,button,1948108818063743458,44,44
1950,40,0.45,Bot4,1,44,button,1948108818063743458,44,44
1951,40,0.45,Bot1,1,27,button,16825796506839217648,27,33
1951,40,0.45,Bot2,1,27,button,16825796506839217648,27,33
1951,40,0.45,Bot3,1,27,button,16825796506839217648,27,33
1951,40,0.45,Bot4,1,27,button,16825796506839217648,27,33
1952,40,0.45,Bot1,1,3,button,15757225247214524753,3,8
1952,40,0.45,Bot2,1,3,button,15757225247214524753,3,8
1952,40,0.45,Bot3,1,3,button,15757225247214524753,3,8
1952,40,0.45,Bot4,1,3,button,15757225247214524753,3,8
1953,40,0.45,Bot1,1,40,button,2976592460565413746,40,61
1953,40,0.45,Bot2,1,40,button,2976592460565413746,40,61
1953,40,0.45,Bot3,1,40,button,2976592460565413746,40,61
1953,40,0.45,Bot4,1,40,button,2976592460565413746,40,61
1954,40,0.45,Bot1,0,10,walked_into_fire,3463913341110635491,14,1
1954,40,0.45,Bot2,0,25,caught_by_fire,3463913341110635491,14,1
1954,40,0.45,Bot3,0,25,caught_by_fire,3463913341110635491,14,1
1954,40,0.45,Bot4,0,20,caught_by_fire,3463913341110635491,14,1
1955,40,0.45,Bot1,0,11,walked_into_fire,16536349901270453977,20,5
1955,40,0.45,Bot2,0,15,caught_by_fire,16536349901270453977,20,5
1955,40,0.45,Bot3,0,15,caught_by_fire,16536349901270453977,20,5
1955,40,0.45,Bot4,0,15,caught_by_fire,16536349901270453977,20,5
1956,40,0.45,Bot1,1,43,button,4725293412578775633,43,19
1956,40,0.45,Bot2,1,43,button,4725293412578775633,43,19
1956,40,0.45,Bot3,1,43,button,4725293412578775633,43,19
1956,40,0.45,Bot4,1,43,button,4725293412578775633,43,19
1957,40,0.45,Bot1,1,59,button,6884393057670336129,59,60
1957,40,0.45,Bot2,1,59,button,6884393057670336129,59,60
1957,40,0.45,Bot3,1,59,button,6884393057670336129,59,60
1957,40,0.45,Bot4,1,59,button,6884393057670336129,59,60
1958,40,0.45,Bot1,1,22,button,6902539688527549624,22,34
1958,40,0.45,Bot2,1,22,button,6902539688527549624,22,34
1958,40,0.45,Bot3,1,22,button,6902539688527549624,22,34
1958,40,0.45,Bot4,1,22,button,6902539688527549624,22,34
1959,40,0.45,Bot1,1,52,button,5678152459175115605,52,34
1959,40,0.45,Bot2,1,52,button,5678152459175115605,52,34
1959,40,0.45,Bot3,1,52,button,5678152459175115605,52,34
1959,40,0.45,Bot4,1,52,button,5678152459175115605,52,34
1960,40,0.45,Bot1,1,11,button,12318975335143494020,11,14
1960,40,0.45,Bot2,1,11,button,12318975335143494020,11,14
1960,40,0.45,Bot3,1,11,button,12318975335143494020,11,14
1960,40,0.45,Bot4,1,11,button,12318975335143494020,11,14
1961,40,0.45,Bot1,1,28,button,199114041564609517,28,51
1961,40,0.45,Bot2,1,28,button,199114041564609517,28,51
1961,40,0.45,Bot3,1,28,button,199114041564609517,28,51
1961,40,0.45,Bot4,1,28,button,199114041564609517,28,51
1962,40,0.45,Bot1,1,11,button,9591770544333190789,11,27
1962,40,0.45,Bot2,1,11,button,9591770544333190789,11,27
1962,40,0.45,Bot3,1,11,button,9591770544333190789,11,27
1962,40,0.45,Bot4,1,11,button,9591770544333190789,11,27
1963,40,0.45,Bot1,1,59,button,10617104043643406521,59,48
1963,40,0.45,Bot2,1,59,button,10617104043643406521,59,48
1963,40,0.45,Bot3,1,59,button,10617104043643406521,59,48
1963,40,0.45,Bot4,1,59,button,10617104043643406521,59,48
1964,40,0.45,Bot1,1,19,button,1618346264236918078,19,24
1964,40,0.45,Bot2,1,19,button,1618346264236918078,19,24
1964,40,0.45,Bot3,1,19,button,1618346264236918078,19,24
1964,40,0.45,Bot4,1,19,button,1618346264236918078,19,24
1965,40,0.45,Bot1,1,49,button,9727798235573827707,49,52
1965,40,0.45,Bot2,1,49,button,9727798235573827707,49,52
1965,40,0.45,Bot3,1,49,button,9727798235573827707,49,52
1965,40,0.45,Bot4,1,49,button,9727798235573827707,49,52
1966,40,0.45,Bot1,1,40,button,17627222284952202331,40,38
1966,40,0.45,Bot2,1,40,button,17627222284952202331,40,38
1966,40,0.45,Bot3,1,40,button,17627222284952202331,40,38
1966,40,0.45,Bot4,1,40,button,17627222284952202331,40,38
1967,40,0.45,Bot1,1,6,button,1529199774658045539,6,14
1967,40,0.45,Bot2,1,6,button,1529199774658045539,6,14
1967,40,0.45,Bot3,1,6,button,1529199774658045539,6,14
1967,40,0.45,Bot4,1,6,button,1529199774658045539,6,14
1968,40,0.45,Bot1,0,40,walked_into_fire,7429687675820060907,65,27
1968,40,0.45,Bot2,0,44,caught_by_fire,7429687675820060907,65,27
1968,40,0.45,Bot3,0,44,caught_by_fire,7429687675820060907,65,27
1968,40,0.45,Bot4,0,44,caught_by_fire,7429687675820060907,65,27
1969,40,0.45,Bot1,1,24,button,18324086867904853010,24,31
1969,40,0.45,Bot2,1,24,button,18324086867904853010,24,31
1969,40,0.45,Bot3,1,24,button,18324086867904853010,24,31
1969,40,0.45,Bot4,1,24,button,18324086867904853010,24,31
1970,40,0.45,Bot1,1,30,button,9069612757989214383,30,17
1970,40,0.45,Bot2,1,30,button,9069612757989214383,30,17
1970,40,0.45,Bot3,1,30,button,9069612757989214383,30,17
1970,40,0.45,Bot4,1,30,button,9069612757989214383,30,17
1971,40,0.45,Bot1,1,48,button,986250560573049001,48,68
1971,40,0.45,Bot2,1,48,button,986250560573049001,48,68
1971,40,0.45,Bot3,1,48,button,986250560573049001,48,68
1971,40,0.45,Bot4,1,48,button,986250560573049001,48,68
1972,40,0.45,Bot1,1,10,button,15380340109687266301,10,37
1972,40,0.45,Bot2,1,10,button,15380340109687266301,10,37
1972,40,0.45,Bot3,1,10,button,15380340109687266301,10,37
1972,40,0.45,Bot4,1,10,button,15380340109687266301,10,37
1973,40,0.45,Bot1,1,12,button,15891228290830368814,12,22
1973,40,0.45,Bot2,1,12,button,15891228290830368814,12,22
1973,40,0.45,Bot3,1,12,button,15891228290830368814,12,22
1973,40,0.45,Bot4,1,12,button,15891228290830368814,12,22
1974,40,0.45,Bot1,1,16,button,8130805613869860878,16,30
1974,40,0.45,Bot2,1,16,button,8130805613869860878,16,30
1974,40,0.45,Bot3,1,16,button,8130805613869860878,16,30
1974,40,0.45,Bot4,1,16,button,8130805613869860878,16,30
1975,40,0.45,Bot1,1,14,button,4598471339108224182,14,43
1975,40,0.45,Bot2,1,14,button,4598471339108224182,14,43
1975,40,0.45,Bot3,1,14,button,4598471339108224182,14,43
1975,40,0.45,Bot4,1,14,button,4598471339108224182,14,43
1976,40,0.45,Bot1,1,9,button,68762705158415054,9,35
1976,40,0.45,Bot2,1,9,button,68762705158415054,9,35
1976,40,0.45,Bot3,1,9,button,68762705158415054,9,35
1976,40,0.45,Bot4,1,9,button,68762705158415054,9,35
1977,40,0.45,Bot1,0,36,caught_by_fire,2454466388778146314,56,20
1977,40,0.45,Bot2,0,52,caught_by_fire,2454466388778146314,56,20
1977,40,0.45,Bot3,0,52,caught_by_fire,2454466388778146314,56,20
1977,40,0.45,Bot4,0,52,caught_by_fire,2454466388778146314,56,20
1978,40,0.45,Bot1,0,32,walked_into_fire,15429333972243964022,36,13
1978,40,0.45,Bot2,0,39,caught_by_fire,15429333972243964022,36,13
1978,40,0.45,Bot3,0,39,caught_by_fire,15429333972243964022,36,13
1978,40,0.45,Bot4,0,39,caught_by_fire,15429333972243964022,36,13
1979,40,0.45,Bot1,1,61,button,15500878557291366622,61,75
1979,40,0.45,Bot2,1,61,button,15500878557291366622,61,75
1979,40,0.45,Bot3,1,61,button,15500878557291366622,61,75
1979,40,0.45,Bot4,1,61,button,15500878557291366622,61,75
1980,40,0.45,Bot1,0,37,caught_by_fire,15816127196741765573,67,12
1980,40,0.45,Bot2,0,59,caught_by_fire,15816127196741765573,67,12
1980,40,0.45,Bot3,0,109,caught_by_fire,15816127196741765573,67,12
1980,40,0.45,Bot4,0,55,caught_by_fire,15816127196741765573,67,12
1981,40,0.45,Bot1,1,32,button,8709156844617828645,32,36
1981,40,0.45,Bot2,1,32,button,8709156844617828645,32,36
1981,40,0.45,Bot3,1,32,button,8709156844617828645,32,36
1981,40,0.45,Bot4,1,32,button,8709156844617828645,32,36
1982,40,0.45,Bot1,0,40,walked_into_fire,405984201596582566,71,27
1982,40,0.45,Bot2,0,73,caught_by_fire,405984201596582566,71,27
1982,40,0.45,Bot3,0,81,caught_by_fire,405984201596582566,71,27
1982,40,0.45,Bot4,0,79,caught_by_fire,405984201596582566,71,27
1983,40,0.45,Bot1,0,36,caught_by_fire,7817547283736596741,48,4
1983,40,0.45,Bot2,0,90,caught_by_fire,7817547283736596741,48,4
1983,40,0.45,Bot3,0,90,caught_by_fire,7817547283736596741,48,4
1983,40,0.45,Bot4,0,90,caught_by_fire,7817547283736596741,48,4
1984,40,0.45,Bot1,1,8,button,14339640691511036247,8,34
1984,40,0.45,Bot2,1,8,button,14339640691511036247,8,34
1984,40,0.45,Bot3,1,8,button,14339640691511036247,8,34
1984,40,0.45,Bot4,1,8,button,14339640691511036247,8,34
1985,40,0.45,Bot1,1,45,button,9472238600622666379,45,36
1985,40,0.45,Bot2,1,45,button,9472238600622666379,45,36
1985,40,0.45,Bot3,1,45,button,9472238600622666379,45,36
1985,40,0.45,Bot4,1,45,button,9472238600622666379,45,36
1986,40,0.45,Bot1,0,47,caught_by_fire,13188804180333310834,53,26
1986,40,0.45,Bot2,0,56,caught_by_fire,13188804180333310834,53,26
1986,40,0.45,Bot3,0,56,caught_by_fire,13188804180333310834,53,26
1986,40,0.45,Bot4,0,55,caught_by_fire,13188804180333310834,53,26
1987,40,0.45,Bot1,0,13,walked_into_fire,5661540884013938909,33,18
1987,40,0.45,Bot2,0,63,caught_by_fire,5661540884013938909,33,18
1987,40,0.45,Bot3,0,61,caught_by_fire,5661540884013938909,33,18
1987,40,0.45,Bot4,0,62,caught_by_fire,5661540884013938909,33,18
1988,40,0.45,Bot1,1,44,button,15109869098383548930,44,37
1988,40,0.45,Bot2,1,44,button,15109869098383548930,44,37
1988,40,0.45,Bot3,1,44,button,15109869098383548930,44,37
1988,40,0.45,Bot4,1,44,button,15109869098383548930,44,37
1989,40,0.45,Bot1,1,41,button,17265786346755595927,41,52
1989,40,0.45,Bot2,1,41,button,17265786346755595927,41,52
1989,40,0.45,Bot3,1,41,button,17265786346755595927,41,52
1989,40,0.45,Bot4,1,41,button,17265786346755595927,41,52
1990,40,0.45,Bot1,1,43,button,11976673454130125002,43,35
1990,40,0.45,Bot2,1,43,button,11976673454130125002,43,35
1990,40,0.45,Bot3,1,43,button,11976673454130125002,43,35
1990,40,0.45,Bot4,1,43,button,11976673454130125002,43,35
1991,40,0.45,Bot1,1,43,button,4588825054948955828,43,50
1991,40,0.45,Bot2,1,43,button,4588825054948955828,43,50
1991,40,0.45,Bot3,1,43,button,4588825054948955828,43,50
1991,40,0.45,Bot4,1,43,button,4588825054948955828,43,50
1992,40,0.45,Bot1,1,8,button,13879820209927124680,8,39
1992,40,0.45,Bot2,1,8,button,13879820209927124680,8,39
1992,40,0.45,Bot3,1,8,button,13879820209927124680,8,39
1992,40,0.45,Bot4,1,8,button,13879820209927124680,8,39
1993,40,0.45,Bot1,1,41,button,11680087596154565327,41,61
1993,40,0.45,Bot2,1,41,button,11680087596154565327,41,61
1993,40,0.45,Bot3,1,41,button,11680087596154565327,41,61
1993,40,0.45,Bot4,1,41,button,11680087596154565327,41,61
1994,40,0.45,Bot1,1,29,button,5946174590685929636,29,30
1994,40,0.45,Bot2,1,29,button,5946174590685929636,29,30
1994,40,0.45,Bot3,1,29,button,5946174590685929636,29,30
1994,40,0.45,Bot4,1,29,button,5946174590685929636,29,30
1995,40,0.45,Bot1,1,20,button,15277369212135480646,20,34
1995,40,0.45,Bot2,1,20,button,15277369212135480646,20,34
1995,40,0.45,Bot3,1,20,button,15277369212135480646,20,34
1995,40,0.45,Bot4,1,20,button,15277369212135480646,20,34
1996,40,0.45,Bot1,1,33,button,12360504992088335335,33,31
1996,40,0.45,Bot2,1,33,button,12360504992088335335,33,31
1996,40,0.45,Bot3,1,33,button,12360504992088335335,33,31
1996,40,0.45,Bot4,1,33,button,12360504992088335335,33,31
1997,40,0.45,Bot1,1,21,button,7855155846686062427,21,53
1997,40,0.45,Bot2,1,21,button,7855155846686062427,21,53
1997,40,0.45,Bot3,1,21,button,7855155846686062427,21,53
1997,40,0.45,Bot4,1,21,button,7855155846686062427,21,53
1998,40,0.45,Bot1,1,47,button,6457645329932019025,47,47
1998,40,0.45,Bot2,1,47,button,6457645329932019025,47,47
1998,40,0.45,Bot3,1,47,button,6457645329932019025,47,47
1998,40,0.45,Bot4,1,47,button,6457645329932019025,47,47
1999,40,0.45,Bot1,1,26,button,4401855473849796000,26,32
1999,40,0.45,Bot2,1,26,button,4401855473849796000,26,32
1999,40,0.45,Bot3,1,26,button,4401855473849796000,26,32
1999,40,0.45,Bot4,1,26,button,4401855473849796000,26,32
2000,40,0.50,Bot1,1,36,button,7911603923323002472,36,35
2000,40,0.50,Bot2,1,36,button,7911603923323002472,36,35
2000,40,0.50,Bot3,1,36,button,7911603923323002472,36,35
2000,40,0.50,Bot4,1,36,button,7911603923323002472,36,35
2001,40,0.50,Bot1,1,36,button,9184491787872542663,36,33
2001,40,0.50,Bot2,1,36,button,9184491787872542663,36,33
2001,40,0.50,Bot3,1,36,button,9184491787872542663,36,33
2001,40,0.50,Bot4,1,36,button,9184491787872542663,36,33
2002,40,0.50,Bot1,1,14,button,17451800367248241973,14,21
2002,40,0.50,Bot2,1,14,button,17451800367248241973,14,21
2002,40,0.50,Bot3,1,14,button,17451800367248241973,14,21
2002,40,0.50,Bot4,1,14,button,17451800367248241973,14,21
2003,40,0.50,Bot1,1,26,button,5882754103349496364,26,32
2003,40,0.50,Bot2,1,26,button,5882754103349496364,26,32
2003,40,0.50,Bot3,1,26,button,5882754103349496364,26,32
2003,40,0.50,Bot4,1,26,button,5882754103349496364,26,32
2004,40,0.50,Bot1,1,31,button,17626724062872436197,31,43
2004,40,0.50,Bot2,1,31,button,17626724062872436197,31,43
2004,40,0.50,Bot3,1,31,button,17626724062872436197,31,43
2004,40,0.50,Bot4,1,31,button,17626724062872436197,31,43
2005,40,0.50,Bot1,1,46,button,4134133052245204639,46,44
2005,40,0.50,Bot2,1,46,button,4134133052245204639,46,44
2005,40,0.50,Bot3,1,46,button,4134133052245204639,46,44
2005,40,0.50,Bot4,1,46,button,4134133052245204639,46,44
2006,40,0.50,Bot1,1,55,button,14707110216612508182,55,53
2006,40,0.50,Bot2,1,55,button,14707110216612508182,55,53
2006,40,0.50,Bot3,1,55,button,14707110216612508182,55,53
2006,40,0.50,Bot4,1,55,button,14707110216612508182,55,53
2007,40,0.50,Bot1,1,28,button,10359274191370588800,28,27
2007,40,0.50,Bot2,1,28,button,10359274191370588800,28,27
2007,40,0.50,Bot3,1,28,button,10359274191370588800,28,27
2007,40,0.50,Bot4,1,28,button,10359274191370588800,28,27
2008,40,0.50,Bot1,1,26,button,13727278852661886624,26,28
2008,40,0.50,Bot2,1,26,button,13727278852661886624,26,28
2008,40,0.50,Bot3,1,26,button,13727278852661886624,26,28
2008,40,0.50,Bot4,1,26,button,13727278852661886624,26,28
2009,40,0.50,Bot1,1,58,button,5693092507010633954,58,51
2009,40,0.50,Bot2,1,58,button,5693092507010633954,58,51
2009,40,0.50,Bot3,1,58,button,5693092507010633954,58,51
2009,40,0.50,Bot4,1,58,button,5693092507010633954,58,51
2010,40,0.50,Bot1,1,18,button,9498316270935097154,18,58
2010,40,0.50,Bot2,1,18,button,9498316270935097154,18,58
2010,40,0.50,Bot3,1,18,button,9498316270935097154,18,58
2010,40,0.50,Bot4,1,18,button,9498316270935097154,18,58
2011,40,0.50,Bot1,1,28,button,8235568874575044070,28,37
2011,40,0.50,Bot2,1,28,button,8235568874575044070,28,37
2011,40,0.50,Bot3,1,28,button,8235568874575044070,28,37
2011,40,0.50,Bot4,1,28,button,8235568874575044070,28,37
2012,40,0.50,Bot1,0,22,caught_by_fire,13374416729482918216,34,22
2012,40,0.50,Bot2,0,22,caught_by_fire,13374416729482918216,34,22
2012,40,0.50,Bot3,0,44,caught_by_fire,13374416729482918216,34,22
2012,40,0.50,Bot4,0,22,caught_by_fire,13374416729482918216,34,22
2013,40,0.50,Bot1,1,47,button,195470653074463402,47,31
2013,40,0.50,Bot2,1,47,button,195470653074463402,47,31
2013,40,0.50,Bot3,1,47,button,195470653074463402,47,31
2013,40,0.50,Bot4,1,47,button,195470653074463402,47,31
2014,40,0.50,Bot1,0,45,walked_into_fire,11045706751466926661,63,41
2014,40,0.50,Bot2,1,65,button,11045706751466926661,63,41
2014,40,0.50,Bot3,1,65,button,11045706751466926661,63,41
2014,40,0.50,Bot4,1,63,button,11045706751466926661,63,41
2015,40,0.50,Bot1,0,22,walked_into_fire,6338678004614456677,43,32
2015,40,0.50,Bot2,0,65,caught_by_fire,6338678004614456677,43,32
2015,40,0.50,Bot3,0,63,caught_by_fire,6338678004614456677,43,32
2015,40,0.50,Bot4,0,64,caught_by_fire,6338678004614456677,43,32
2016,40,0.50,Bot1,1,15,button,16323632985221805373,15,39
2016,40,0.50,Bot2,1,15,button,16323632985221805373,15,39
2016,40,0.50,Bot3,1,15,button,16323632985221805373,15,39
2016,40,0.50,Bot4,1,15,button,16323632985221805373,15,39
2017,40,0.50,Bot1,1,21,button,7353892290432452595,21,35
2017,40,0.50,Bot2,1,21,button,7353892290432452595,21,35
2017,40,0.50,Bot3,1,21,button,7353892290432452595,21,35
2017,40,0.50,Bot4,1,21,button,7353892290432452595,21,35
2018,40,0.50,Bot1,1,28,button,14147324912249220270,28,43
2018,40,0.50,Bot2,1,28,button,14147324912249220270,28,43
2018,40,0.50,Bot3,1,28,button,14147324912249220270,28,43
2018,40,0.50,Bot4,1,28,button,14147324912249220270,28,43
2019,40,0.50,Bot1,1,31,button,8758383188684319750,31,45
2019,40,0.50,Bot2,1,31,button,8758383188684319750,31,45
2019,40,0.50,Bot3,1,31,button,8758383188684319750,31,45
2019,40,0.50,Bot4,1,31,button,8758383188684319750,31,45
2020,40,0.50,Bot1,0,39,caught_by_fire,811939387541093380,54,28
2020,40,0.50,Bot2,0,39,caught_by_fire,811939387541093380,54,28
2020,40,0.50,Bot3,0,39,caught_by_fire,811939387541093380,54,28
2020,40,0.50,Bot4,0,48,caught_by_fire,811939387541093380,54,28
2021,40,0.50,Bot1,1,30,button,6530824277179145552,30,35
2021,40,0.50,Bot2,1,30,button,6530824277179145552,30,35
2021,40,0.50,Bot3,1,30,button,6530824277179145552,30,35
2021,40,0.50,Bot4,1,30,button,6530824277179145552,30,35
2022,40,0.50,Bot1,1,11,button,6687369806375225957,11,50
2022,40,0.50,Bot2,1,11,button,6687369806375225957,11,50
2022,40,0.50,Bot3,1,11,button,6687369806375225957,11,50
2022,40,0.50,Bot4,1,11,button,6687369806375225957,11,50
2023,40,0.50,Bot1,0,31,walked_into_fire,16108739873627676631,41,16
2023,40,0.50,Bot2,0,42,caught_by_fire,16108739873627676631,41,16
2023,40,0.50,Bot3,0,41,caught_by_fire,16108739873627676631,41,16
2023,40,0.50,Bot4,0,43,caught_by_fire,16108739873627676631,41,16
2024,40,0.50,Bot1,1,28,button,2695433385057603833,28,25
2024,40,0.50,Bot2,1,28,button,2695433385057603833,28,25
2024,40,0.50,Bot3,1,28,button,2695433385057603833,28,25
2024,40,0.50,Bot4,1,28,button,2695433385057603833,28,25
2025,40,0.50,Bot1,1,26,button,10706478231707425119,26,53
2025,40,0.50,Bot2,1,26,button,10706478231707425119,26,53
2025,40,0.50,Bot3,1,26,button,10706478231707425119,26,53
2025,40,0.50,Bot4,1,26,button,10706478231707425119,26,53
2026,40,0.50,Bot1,1,29,button,3028769075207779916,29,39
2026,40,0.50,Bot2,1,29,button,3028769075207779916,29,39
2026,40,0.50,Bot3,1,29,button,3028769075207779916,29,39
2026,40,0.50,Bot4,1,29,button,3028769075207779916,29,39
2027,40,0.50,Bot1,0,20,caught_by_fire,17943011297695273749,29,8
2027,40,0.50,Bot2,0,24,caught_by_fire,17943011297695273749,29,8
2027,40,0.50,Bot3,0,24,caught_by_fire,17943011297695273749,29,8
2027,40,0.50,Bot4,0,24,caught_by_fire,17943011297695273749,29,8
2028,40,0.50,Bot1,0,32,caught_by_fire,17803965715859448659,37,16
2028,40,0.50,Bot2,0,41,caught_by_fire,17803965715859448659,37,16
2028,40,0.50,Bot3,0,41,caught_by_fire,17803965715859448659,37,16
2028,40,0.50,Bot4,0,39,caught_by_fire,17803965715859448659,37,16
2029,40,0.50,Bot1,1,24,button,5341365046399006144,24,26
2029,40,0.50,Bot2,1,24,button,5341365046399006144,24,26
2029,40,0.50,Bot3,1,24,button,5341365046399006144,24,26
2029,40,0.50,Bot4,1,24,button,5341365046399006144,24,26
2030,40,0.50,Bot1,0,16,caught_by_fire,327344414363817485,40,16
2030,40,0.50,Bot2,0,31,caught_by_fire,327344414363817485,40,16
2030,40,0.50,Bot3,0,31,caught_by_fire,327344414363817485,40,16
2030,40,0.50,Bot4,0,23,caught_by_fire,327344414363817485,40,16
2031,40,0.50,Bot1,1,29,button,363115878628376858,29,38
2031,40,0.50,Bot2,1,29,button,363115878628376858,29,38
2031,40,0.50,Bot3,1,29,button,363115878628376858,29,38
2031,40,0.50,Bot4,1,29,button,363115878628376858,29,38
2032,40,0.50,Bot1,1,17,button,175928279226327325,17,28
2032,40,0.50,Bot2,1,17,button,175928279226327325,17,28
2032,40,0.50,Bot3,1,17,button,175928279226327325,17,28
2032,40,0.50,Bot4,1,17,button,175928279226327325,17,28
2033,40,0.50,Bot1,0,26,walked_into_fire,8193560089502349824,35,18
2033,40,0.50,Bot2,0,60,caught_by_fire,8193560089502349824,35,18
2033,40,0.50,Bot3,0,63,caught_by_fire,8193560089502349824,35,18
2033,40,0.50,Bot4,0,62,caught_by_fire,8193560089502349824,35,18
2034,40,0.50,Bot1,1,54,button,16508922695971143168,54,47
2034,40,0.50,Bot2,1,54,button,16508922695971143168,54,47
2034,40,0.50,Bot3,1,54,button,16508922695971143168,54,47
2034,40,0.50,Bot4,1,54,button,16508922695971143168,54,47
2035,40,0.50,Bot1,1,24,button,3742228410533298050,24,46
2035,40,0.50,Bot2,1,24,button,3742228410533298050,24,46
2035,40,0.50,Bot3,1,24,button,3742228410533298050,24,46
2035,40,0.50,Bot4,1,24,button,3742228410533298050,24,46
2036,40,0.50,Bot1,0,11,walked_into_fire,15560619301424178732,59,47
2036,40,0.50,Bot2,1,63,button,15560619301424178732,59,47
2036,40,0.50,Bot3,1,63,button,15560619301424178732,59,47
2036,40,0.50,Bot4,1,63,button,15560619301424178732,59,47
2037,40,0.50,Bot1,0,13,walked_into_fire,828151075502707844,33,18
2037,40,0.50,Bot2,0,37,caught_by_fire,828151075502707844,33,18
2037,40,0.50,Bot3,0,36,caught_by_fire,828151075502707844,33,18
2037,40,0.50,Bot4,0,35,caught_by_fire,828151075502707844,33,18
2038,40,0.50,Bot1,1,38,button,10747574886266548117,38,58
2038,40,0.50,Bot2,1,38,button,10747574886266548117,38,58
2038,40,0.50,Bot3,1,38,button,10747574886266548117,38,58
2038,40,0.50,Bot4,1,38,button,10747574886266548117,38,58
2039,40,0.50,Bot1,1,28,button,12135293359610806044,28,22
2039,40,0.50,Bot2,1,28,button,12135293359610806044,28,22
2039,40,0.50,Bot3,1,28,button,12135293359610806044,28,22
2039,40,0.50,Bot4,1,28,button,12135293359610806044,28,22
2040,40,0.50,Bot1,1,20,button,7988384780242855421,20,30
2040,40,0.50,Bot2,1,20,button,7988384780242855421,20,30
2040,40,0.50,Bot3,1,20,button,7988384780242855421,20,30
2040,40,0.50,Bot4,1,20,button,7988384780242855421,20,30
2041,40,0.50,Bot1,1,26,button,9920551713117242507,26,32
2041,40,0.50,Bot2,1,26,button,9920551713117242507,26,32
2041,40,0.50,Bot3,1,26,button,9920551713117242507,26,32
2041,40,0.50,Bot4,1,26,button,9920551713117242507,26,32
2042,40,0.50,Bot1,0,44,walked_into_fire,16034470954452971141,51,28
2042,40,0.50,Bot2,0,49,caught_by_fire,16034470954452971141,51,28
2042,40,0.50,Bot3,0,49,caught_by_fire,16034470954452971141,51,28
2042,40,0.50,Bot4,0,49,caught_by_fire,16034470954452971141,51,28
2043,40,0.50,Bot1,1,45,button,153105049108297602,45,43
2043,40,0.50,Bot2,1,45,button,153105049108297602,45,43
2043,40,0.50,Bot3,1,45,button,153105049108297602,45,43
2043,40,0.50,Bot4,1,45,button,153105049108297602,45,43
2044,40,0.50,Bot1,1,30,button,3584651724551219170,30,19
2044,40,0.50,Bot2,1,30,button,3584651724551219170,30,19
2044,40,0.50,Bot3,1,30,button,3584651724551219170,30,19
2044,40,0.50,Bot4,1,30,button,3584651724551219170,30,19
2045,40,0.50,Bot1,1,30,button,2353630492438961748,30,66
2045,40,0.50,Bot2,1,30,button,2353630492438961748,30,66
2045,40,0.50,Bot3,1,30,button,2353630492438961748,30,66
2045,40,0.50,Bot4,1,30,button,2353630492438961748,30,66
2046,40,0.50,Bot1,1,16,button,10942151532265753255,16,32
2046,40,0.50,Bot2,1,16,button,10942151532265753255,16,32
2046,40,0.50,Bot3,1,16,button,10942151532265753255,16,32
2046,40,0.50,Bot4,1,16,button,10942151532265753255,16,32
2047,40,0.50,Bot1,0,35,walked_into_fire,1292742676119751685,41,32
2047,40,0.50,Bot2,0,46,caught_by_fire,1292742676119751685,41,32
2047,40,0.50,Bot3,0,48,caught_by_fire,1292742676119751685,41,32
2047,40,0.50,Bot4,0,46,caught_by_fire,1292742676119751685,41,32
2048,40,0.50,Bot1,1,7,button,6624620443194855075,7,28
2048,40,0.50,Bot2,1,7,button,6624620443194855075,7,28
2048,40,0.50,Bot3,1,7,button,6624620443194855075,7,28
2048,40,0.50,Bot4,1,7,button,6624620443194855075,7,28
2049,40,0.50,Bot1,1,54,button,11299452472663325475,54,48
2049,40,0.50,Bot2,1,54,button,11299452472663325475,54,48
2049,40,0.50,Bot3,1,54,button,11299452472663325475,54,48
2049,40,0.50,Bot4,1,54,button,11299452472663325475,54,48
2050,40,0.50,Bot1,1,36,button,267386531492451854,36,53
2050,40,0.50,Bot2,1,36,button,267386531492451854,36,53
2050,40,0.50,Bot3,1,36,button,267386531492451854,36,53
2050,40,0.50,Bot4,1,36,button,267386531492451854,36,53
2051,40,0.50,Bot1,1,36,button,17861102427866756206,36,34
2051,40,0.50,Bot2,1,36,button,17861102427866756206,36,34
2051,40,0.50,Bot3,1,36,button,17861102427866756206,36,34
2051,40,0.50,Bot4,1,36,button,17861102427866756206,36,34
2052,40,0.50,Bot1,0,42,walked_into_fire,11985332458654234568,46,30
2052,40,0.50,Bot2,0,56,caught_by_fire,11985332458654234568,46,30
2052,40,0.50,Bot3,0,52,caught_by_fire,11985332458654234568,46,30
2052,40,0.50,Bot4,1,46,button,11985332458654234568,46,30
2053,40,0.50,Bot1,1,48,button,10971945862978411819,48,56
2053,40,0.50,Bot2,1,48,button,10971945862978411819,48,56
2053,40,0.50,Bot3,1,48,button,10971945862978411819,48,56
2053,40,0.50,Bot4,1,48,button,10971945862978411819,48,56
2054,40,0.50,Bot1,1,18,button,3812495013388199980,18,11
2054,40,0.50,Bot2,1,18,button,3812495013388199980,18,11
2054,40,0.50,Bot3,1,18,button,3812495013388199980,18,11
2054,40,0.50,Bot4,1,18,button,3812495013388199980,18,11
2055,40,0.50,Bot1,0,14,walked_into_fire,2210104178928387753,55,35
2055,40,0.50,Bot2,0,27,caught_by_fire,2210104178928387753,55,35
2055,40,0.50,Bot3,0,27,caught_by_fire,2210104178928387753,55,35
2055,40,0.50,Bot4,0,27,caught_by_fire,2210104178928387753,55,35
2056,40,0.50,Bot1,1,9,button,576591911112166487,9,52
2056,40,0.50,Bot2,1,9,button,576591911112166487,9,52
2056,40,0.50,Bot3,1,9,button,576591911112166487,9,52
2056,40,0.50,Bot4,1,9,button,576591911112166487,9,52
2057,40,0.50,Bot1,1,42,button,6889664862213941134,42,39
2057,40,0.50,Bot2,1,42,button,6889664862213941134,42,39
2057,40,0.50,Bot3,1,42,button,6889664862213941134,42,39
2057,40,0.50,Bot4,1,42,button,6889664862213941134,42,39
2058,40,0.50,Bot1,1,17,button,3530666391971584939,17,37
2058,40,0.50,Bot2,1,17,button,3530666391971584939,17,37
2058,40,0.50,Bot3,1,17,button,3530666391971584939,17,37
2058,40,0.50,Bot4,1,17,button,3530666391971584939,17,37
2059,40,0.50,Bot1,1,19,button,17571660700257266845,19,49
2059,40,0.50,Bot2,1,19,button,17571660700257266845,19,49
2059,40,0.50,Bot3,1,19,button,17571660700257266845,19,49
2059,40,0.50,Bot4,1,19,button,17571660700257266845,19,49
2060,40,0.50,Bot1,0,33,walked_into_fire,3883430834569479005,37,20
2060,40,0.50,Bot2,0,34,caught_by_fire,3883430834569479005,37,20
2060,40,0.50,Bot3,0,34,caught_by_fire,3883430834569479005,37,20
2060,40,0.50,Bot4,0,34,caught_by_fire,3883430834569479005,37,20
2061,40,0.50,Bot1,1,17,button,2942368752530708667,17,37
2061,40,0.50,Bot2,1,17,button,2942368752530708667,17,37
2061,40,0.50,Bot3,1,17,button,2942368752530708667,17,37
2061,40,0.50,Bot4,1,17,button,2942368752530708667,17,37
2062,40,0.50,Bot1,0,31,walked_into_fire,1755232694448837645,38,12
2062,40,0.50,Bot2,0,30,caught_by_fire,1755232694448837645,38,12
2062,40,0.50,Bot3,0,30,caught_by_fire,1755232694448837645,38,12
2062,40,0.50,Bot4,0,30,caught_by_fire,1755232694448837645,38,12
2063,40,0.50,Bot1,1,16,button,981028204310065942,16,29
2063,40,0.50,Bot2,1,16,button,981028204310065942,16,29
2063,40,0.50,Bot3,1,16,button,981028204310065942,16,29
2063,40,0.50,Bot4,1,16,button,981028204310065942,16,29
2064,40,0.50,Bot1,0,12,caught_by_fire,6032698034899789895,49,42
2064,40,0.50,Bot2,1,49,button,6032698034899789895,49,42
2064,40,0.50,Bot3,1,49,button,6032698034899789895,49,42
2064,40,0.50,Bot4,1,49,button,6032698034899789895,49,42
2065,40,0.50,Bot1,0,33,caught_by_fire,13662917176210669663,34,17
2065,40,0.50,Bot2,0,34,caught_by_fire,13662917176210669663,34,17
2065,40,0.50,Bot3,0,34,caught_by_fire,13662917176210669663,34,17
2065,40,0.50,Bot4,0,33,caught_by_fire,13662917176210669663,34,17
2066,40,0.50,Bot1,0,20,caught_by_fire,16308790620120752214,38,19
2066,40,0.50,Bot2,0,24,caught_by_fire,16308790620120752214,38,19
2066,40,0.50,Bot3,0,24,caught_by_fire,16308790620120752214,38,19
2066,40,0.50,Bot4,0,24,caught_by_fire,16308790620120752214,38,19
2067,40,0.50,Bot1,1,24,button,5913753636644285695,24,49
2067,40,0.50,Bot2,1,24,button,5913753636644285695,24,49
2067,40,0.50,Bot3,1,24,button,5913753636644285695,24,49
2067,40,0.50,Bot4,1,24,button,5913753636644285695,24,49
2068,40,0.50,Bot1,1,35,button,535181635439102385,35,59
2068,40,0.50,Bot2,1,35,button,535181635439102385,35,59
2068,40,0.50,Bot3,1,35,button,535181635439102385,35,59
2068,40,0.50,Bot4,1,35,button,535181635439102385,35,59
2069,40,0.50,Bot1,0,28,walked_into_fire,3351463697877609727,58,31
2069,40,0.50,Bot2,0,63,caught_by_fire,3351463697877609727,58,31
2069,40,0.50,Bot3,0,56,caught_by_fire,3351463697877609727,58,31
2069,40,0.50,Bot4,0,63,caught_by_fire,3351463697877609727,58,31
2070,40,0.50,Bot1,0,27,walked_into_fire,4304280283763339704,59,43
2070,40,0.50,Bot2,0,82,caught_by_fire,4304280283763339704,59,43
2070,40,0.50,Bot3,0,80,caught_by_fire,4304280283763339704,59,43
2070,40,0.50,Bot4,0,82,caught_by_fire,4304280283763339704,59,43
2071,40,0.50,Bot1,1,30,button,8787991426739331403,30,58
2071,40,0.50,Bot2,1,30,button,8787991426739331403,30,58
2071,40,0.50,Bot3,1,30,button,8787991426739331403,30,58
2071,40,0.50,Bot4,1,30,button,8787991426739331403,30,58
2072,40,0.50,Bot1,1,40,button,9189510574600668680,40,45
2072,40,0.50,Bot2,1,40,button,9189510574600668680,40,45
2072,40,0.50,Bot3,1,40,button,9189510574600668680,40,45
2072,40,0.50,Bot4,1,40,button,9189510574600668680,40,45
2073,40,0.50,Bot1,1,22,button,3727992694888183308,22,37
2073,40,0.50,Bot2,1,22,button,3727992694888183308,22,37
2073,40,0.50,Bot3,1,22,button,3727992694888183308,22,37
2073,40,0.50,Bot4,1,22,button,3727992694888183308,22,37
2074,40,0.50,Bot1,0,9,walked_into_fire,11105227998562726503,29,15
2074,40,0.50,Bot2,0,39,caught_by_fire,11105227998562726503,29,15
2074,40,0.50,Bot3,0,45,caught_by_fire,11105227998562726503,29,15
2074,40,0.50,Bot4,0,46,caught_by_fire,11105227998562726503,29,15
2075,40,0.50,Bot1,1,29,button,15050797467808546173,29,26
2075,40,0.50,Bot2,1,29,button,15050797467808546173,29,26
2075,40,0.50,Bot3,1,29,button,15050797467808546173,29,26
2075,40,0.50,Bot4,1,29,button,15050797467808546173,29,26
2076,40,0.50,Bot1,0,2,caught_by_fire,15367022749246341789,13,9
2076,40,0.50,Bot2,0,15,caught_by_fire,15367022749246341789,13,9
2076,40,0.50,Bot3,0,15,caught_by_fire,15367022749246341789,13,9
2076,40,0.50,Bot4,0,15,caught_by_fire,15367022749246341789,13,9
2077,40,0.50,Bot1,0,26,caught_by_fire,10323131317913403909,65,27
2077,40,0.50,Bot2,0,39,caught_by_fire,10323131317913403909,65,27
2077,40,0.50,Bot3,0,39,caught_by_fire,10323131317913403909,65,27
2077,40,0.50,Bot4,0,39,caught_by_fire,10323131317913403909,65,27
2078,40,0.50,Bot1,1,10,button,12396999682751961537,10,19
2078,40,0.50,Bot2,1,10,button,12396999682751961537,10,19
2078,40,0.50,Bot3,1,10,button,12396999682751961537,10,19
2078,40,0.50,Bot4,1,10,button,12396999682751961537,10,19
2079,40,0.50,Bot1,0,13,walked_into_fire,585482964964778769,45,28
2079,40,0.50,Bot2,0,49,caught_by_fire,585482964964778769,45,28
2079,40,0.50,Bot3,0,49,caught_by_fire,585482964964778769,45,28
2079,40,0.50,Bot4,0,49,caught_by_fire,585482964964778769,45,28
2080,40,0.50,Bot1,1,23,button,10895801833576644640,23,70
2080,40,0.50,Bot2,1,23,button,10895801833576644640,23,70
2080,40,0.50,Bot3,1,23,button,10895801833576644640,23,70
2080,40,0.50,Bot4,1,23,button,10895801833576644640,23,70
2081,40,0.50,Bot1,1,39,button,5257149879072644304,39,44
2081,40,0.50,Bot2,1,39,button,5257149879072644304,39,44
2081,40,0.50,Bot3,1,39,button,5257149879072644304,39,44
2081,40,0.50,Bot4,1,39,button,5257149879072644304,39,44
2082,40,0.50,Bot1,1,7,button,762228152898660920,7,32
2082,40,0.50,Bot2,1,7,button,762228152898660920,7,32
2082,40,0.50,Bot3,1,7,button,762228152898660920,7,32
2082,40,0.50,Bot4,1,7,button,762228152898660920,7,32
2083,40,0.50,Bot1,0,19,walked_into_fire,2325987738541841711,25,9
2083,40,0.50,Bot2,0,33,caught_by_fire,2325987738541841711,25,9
2083,40,0.50,Bot3,0,33,caught_by_fire,2325987738541841711,25,9
2083,40,0.50,Bot4,0,33,caught_by_fire,2325987738541841711,25,9
2084,40,0.50,Bot1,1,18,button,4080503659073994590,18,19
2084,40,0.50,Bot2,1,18,button,4080503659073994590,18,19
2084,40,0.50,Bot3,1,18,button,4080503659073994590,18,19
2084,40,0.50,Bot4,1,18,button,4080503659073994590,18,19
2085,40,0.50,Bot1,0,46,walked_into_fire,12960451461816488175,63,21
2085,40,0.50,Bot2,0,76,caught_by_fire,12960451461816488175,63,21
2085,40,0.50,Bot3,0,76,caught_by_fire,12960451461816488175,63,21
2085,40,0.50,Bot4,0,76,caught_by_fire,12960451461816488175,63,21
2086,40,0.50,Bot1,1,20,button,604838215313264481,20,33
2086,40,0.50,Bot2,1,20,button,604838215313264481,20,33
2086,40,0.50,Bot3,1,20,button,604838215313264481,20,33
2086,40,0.50,Bot4,1,20,button,604838215313264481,20,33
2087,40,0.50,Bot1,1,60,button,12684438445260107689,60,67
2087,40,0.50,Bot2,1,60,button,12684438445260107689,60,67
2087,40,0.50,Bot3,1,60,button,12684438445260107689,60,67
2087,40,0.50,Bot4,1,60,button,12684438445260107689,60,67
2088,40,0.50,Bot1,1,47,button,14819868148618288147,47,32
2088,40,0.50,Bot2,1,47,button,14819868148618288147,47,32
2088,40,0.50,Bot3,1,47,button,14819868148618288147,47,32
2088,40,0.50,Bot4,1,47,button,14819868148618288147,47,32
2089,40,0.50,Bot1,1,43,button,18103540038635157239,43,33
2089,40,0.50,Bot2,1,43,button,18103540038635157239,43,33
2089,40,0.50,Bot3,1,43,button,18103540038635157239,43,33
2089,40,0.50,Bot4,1,43,button,18103540038635157239,43,33
2090,40,0.50,Bot1,1,26,button,11155601706310888131,26,38
2090,40,0.50,Bot2,1,26,button,11155601706310888131,26,38
2090,40,0.50,Bot3,1,26,button,11155601706310888131,26,38
2090,40,0.50,Bot4,1,26,button,11155601706310888131,26,38
2091,40,0.50,Bot1,1,4,button,17296840574031806714,4,35
2091,40,0.50,Bot2,1,4,button,17296840574031806714,4,35
2091,40,0.50,Bot3,1,4,button,17296840574031806714,4,35
2091,40,0.50,Bot4,1,4,button,17296840574031806714,4,35
2092,40,0.50,Bot1,1,17,button,1262754329860040940,17,23
2092,40,0.50,Bot2,1,17,button,1262754329860040940,17,23
2092,40,0.50,Bot3,1,17,button,1262754329860040940,17,23
2092,40,0.50,Bot4,1,17,button,1262754329860040940,17,23
2093,40,0.50,Bot1,1,33,button,8800027732893945529,33,33
2093,40,0.50,Bot2,1,33,button,8800027732893945529,33,33
2093,40,0.50,Bot3,1,33,button,8800027732893945529,33,33
2093,40,0.50,Bot4,1,33,button,8800027732893945529,33,33
2094,40,0.50,Bot1,0,26,caught_by_fire,2797175586538783135,56,27
2094,40,0.50,Bot2,0,42,caught_by_fire,2797175586538783135,56,27
2094,40,0.50,Bot3,0,42,caught_by_fire,2797175586538783135,56,27
2094,40,0.50,Bot4,0,42,caught_by_fire,2797175586538783135,56,27
2095,40,0.50,Bot1,1,41,button,13957358967276793622,41,65
2095,40,0.50,Bot2,1,41,button,13957358967276793622,41,65
2095,40,0.50,Bot3,1,41,button,13957358967276793622,41,65
2095,40,0.50,Bot4,1,41,button,13957358967276793622,41,65
2096,40,0.50,Bot1,1,32,button,13457561619479625880,32,53
2096,40,0.50,Bot2,1,32,button,13457561619479625880,32,53
2096,40,0.50,Bot3,1,32,button,13457561619479625880,32,53
2096,40,0.50,Bot4,1,32,button,13457561619479625880,32,53
2097,40,0.50,Bot1,0,28,caught_by_fire,6305101571791654149,55,18
2097,40,0.50,Bot2,0,73,caught_by_fire,6305101571791654149,55,18
2097,40,0.50,Bot3,0,77,caught_by_fire,6305101571791654149,55,18
2097,40,0.50,Bot4,0,73,caught_by_fire,6305101571791654149,55,18
2098,40,0.50,Bot1,1,24,button,775411180724427028,24,30
2098,40,0.50,Bot2,1,24,button,775411180724427028,24,30
2098,40,0.50,Bot3,1,24,button,775411180724427028,24,30
2098,40,0.50,Bot4,1,24,button,775411180724427028,24,30
2099,40,0.50,Bot1,1,25,button,605977891759450919,25,46
2099,40,0.50,Bot2,1,25,button,605977891759450919,25,46
2099,40,0.50,Bot3,1,25,button,605977891759450919,25,46
2099,40,0.50,Bot4,1,25,button,605977891759450919,25,46
2100,40,0.50,Bot1,1,5,button,6122915361107895543,5,55
2100,40,0.50,Bot2,1,5,button,6122915361107895543,5,55
2100,40,0.50,Bot3,1,5,button,6122915361107895543,5,55
2100,40,0.50,Bot4,1,5,button,6122915361107895543,5,55
2101,40,0.50,Bot1,0,43,walked_into_fire,14280565012149498474,58,38
2101,40,0.50,Bot2,0,72,caught_by_fire,14280565012149498474,58,38
2101,40,0.50,Bot3,0,72,caught_by_fire,14280565012149498474,58,38
2101,40,0.50,Bot4,0,72,caught_by_fire,14280565012149498474,58,38
2102,40,0.50,Bot1,0,1,caught_by_fire,14349838857710849051,33,31
2102,40,0.50,Bot2,0,1,caught_by_fire,14349838857710849051,33,31
2102,40,0.50,Bot3,0,1,caught_by_fire,14349838857710849051,33,31
2102,40,0.50,Bot4,0,1,caught_by_fire,14349838857710849051,33,31
2103,40,0.50,Bot1,1,20,button,11053259366272754913,20,36
2103,40,0.50,Bot2,1,20,button,11053259366272754913,20,36
2103,40,0.50,Bot3,1,20,button,11053259366272754913,20,36
2103,40,0.50,Bot4,1,20,button,11053259366272754913,20,36
2104,40,0.50,Bot1,1,26,button,16696301222319495375,26,27
2104,40,0.50,Bot2,1,26,button,16696301222319495375,26,27
2104,40,0.50,Bot3,1,26,button,16696301222319495375,26,27
2104,40,0.50,Bot4,1,26,button,16696301222319495375,26,27
2105,40,0.50,Bot1,1,10,button,6198131384161493647,10,46
2105,40,0.50,Bot2,1,10,button,6198131384161493647,10,46
2105,40,0.50,Bot3,1,10,button,6198131384161493647,10,46
2105,40,0.50,Bot4,1,10,button,6198131384161493647,10,46
2106,40,0.50,Bot1,0,18,walked_into_fire,12386995392736567316,51,30
2106,40,0.50,Bot2,0,31,caught_by_fire,12386995392736567316,51,30
2106,40,0.50,Bot3,0,64,caught_by_fire,12386995392736567316,51,30
2106,40,0.50,Bot4,0,31,caught_by_fire,12386995392736567316,51,30
2107,40,0.50,Bot1,1,15,button,15856867761742151030,15,28
2107,40,0.50,Bot2,1,15,button,15856867761742151030,15,28
2107,40,0.50,Bot3,1,15,button,15856867761742151030,15,28
2107,40,0.50,Bot4,1,15,button,15856867761742151030,15,28
2108,40,0.50,Bot1,0,38,caught_by_fire,7687704305897903757,50,11
2108,40,0.50,Bot2,0,90,caught_by_fire,7687704305897903757,50,11
2108,40,0.50,Bot3,0,90,caught_by_fire,7687704305897903757,50,11
2108,40,0.50,Bot4,0,83,caught_by_fire,7687704305897903757,50,11
2109,40,0.50,Bot1,0,41,walked_into_fire,16530064123457435982,50,18
2109,40,0.50,Bot2,0,42,caught_by_fire,16530064123457435982,50,18
2109,40,0.50,Bot3,0,42,caught_by_fire,16530064123457435982,50,18
2109,40,0.50,Bot4,0,42,caught_by_fire,16530064123457435982,50,18
2110,40,0.50,Bot1,1,55,button,15193606558868403696,51,48
2110,40,0.50,Bot2,1,55,button,15193606558868403696,51,48
2110,40,0.50,Bot3,1,55,button,15193606558868403696,51,48
2110,40,0.50,Bot4,1,55,button,15193606558868403696,51,48
2111,40,0.50,Bot1,1,53,button,13297227631696923472,53,64
2111,40,0.50,Bot2,1,53,button,13297227631696923472,53,64
2111,40,0.50,Bot3,1,53,button,13297227631696923472,53,64
2111,40,0.50,Bot4,1,53,button,13297227631696923472,53,64
2112,40,0.50,Bot1,0,30,walked_into_fire,11205889046935077091,64,17
2112,40,0.50,Bot2,0,43,caught_by_fire,11205889046935077091,64,17
2112,40,0.50,Bot3,0,43,caught_by_fire,11205889046935077091,64,17
2112,40,0.50,Bot4,0,43,caught_by_fire,11205889046935077091,64,17
2113,40,0.50,Bot1,0,23,walked_into_fire,747776061230826717,28,14
2113,40,0.50,Bot2,0,31,caught_by_fire,747776061230826717,28,14
2113,40,0.50,Bot3,0,31,caught_by_fire,747776061230826717,28,14
2113,40,0.50,Bot4,0,28,caught_by_fire,747776061230826717,28,14
2114,40,0.50,Bot1,0,21,walked_into_fire,13769630412894178058,41,24
2114,40,0.50,Bot2,0,49,caught_by_fire,13769630412894178058,41,24
2114,40,0.50,Bot3,0,49,caught_by_fire,13769630412894178058,41,24
2114,40,0.50,Bot4,0,49,caught_by_fire,13769630412894178058,41,24
2115,40,0.50,Bot1,1,49,button,18174800582059403863,49,65
2115,40,0.50,Bot2,1,49,button,18174800582059403863,49,65
2115,40,0.50,Bot3,1,49,button,18174800582059403863,49,65
2115,40,0.50,Bot4,1,49,button,18174800582059403863,49,65
2116,40,0.50,Bot1,1,30,button,17154934828932925445,30,25
2116,40,0.50,Bot2,1,30,button,17154934828932925445,30,25
2116,40,0.50,Bot3,1,30,button,17154934828932925445,30,25
2116,40,0.50,Bot4,1,30,button,17154934828932925445,30,25
2117,40,0.50,Bot1,1,48,button,7287239621078995459,48,41
2117,40,0.50,Bot2,1,48,button,7287239621078995459,48,41
2117,40,0.50,Bot3,1,48,button,7287239621078995459,48,41
2117,40,0.50,Bot4,1,48,button,7287239621078995459,48,41
2118,40,0.50,Bot1,0,39,caught_by_fire,1743123373521640979,49,21
2118,40,0.50,Bot2,0,50,caught_by_fire,1743123373521640979,49,21
2118,40,0.50,Bot3,0,58,caught_by_fire,1743123373521640979,49,21
2118,40,0.50,Bot4,0,50,caught_by_fire,1743123373521640979,49,21
2119,40,0.50,Bot1,0,36,walked_into_fire,8524850859634891537,45,20
2119,40,0.50,Bot2,0,51,caught_by_fire,8524850859634891537,45,20
2119,40,0.50,Bot3,0,51,caught_by_fire,8524850859634891537,45,20
2119,40,0.50,Bot4,0,51,caught_by_fire,8524850859634891537,45,20
2120,40,0.50,Bot1,1,29,button,3837114828866346625,29,48
2120,40,0.50,Bot2,1,29,button,3837114828866346625,29,48
2120,40,0.50,Bot3,1,29,button,3837114828866346625,29,48
2120,40,0.50,Bot4,1,29,button,3837114828866346625,29,48
2121,40,0.50,Bot1,0,23,walked_into_fire,2749495482204893421,50,26
2121,40,0.50,Bot2,0,71,caught_by_fire,2749495482204893421,50,26
2121,40,0.50,Bot3,0,79,caught_by_fire,2749495482204893421,50,26
2121,40,0.50,Bot4,0,71,caught_by_fire,2749495482204893421,50,26
2122,40,0.50,Bot1,0,27,caught_by_fire,15989153416511912810,49,22
2122,40,0.50,Bot2,0,43,caught_by_fire,15989153416511912810,49,22
2122,40,0.50,Bot3,0,38,caught_by_fire,15989153416511912810,49,22
2122,40,0.50,Bot4,0,43,caught_by_fire,15989153416511912810,49,22
2123,40,0.50,Bot1,0,18,walked_into_fire,12103345835637155471,35,16
2123,40,0.50,Bot2,0,44,caught_by_fire,12103345835637155471,35,16
2123,40,0.50,Bot3,0,52,caught_by_fire,12103345835637155471,35,16
2123,40,0.50,Bot4,0,46,caught_by_fire,12103345835637155471,35,16
2124,40,0.50,Bot1,1,30,button,11815162726266943487,30,42
2124,40,0.50,Bot2,1,30,button,11815162726266943487,30,42
2124,40,0.50,Bot3,1,30,button,11815162726266943487,30,42
2124,40,0.50,Bot4,1,30,button,11815162726266943487,30,42
2125,40,0.50,Bot1,1,34,button,11051973388890174532,34,35
2125,40,0.50,Bot2,1,34,button,11051973388890174532,34,35
2125,40,0.50,Bot3,1,34,button,11051973388890174532,34,35
2125,40,0.50,Bot4,1,34,button,11051973388890174532,34,35
2126,40,0.50,Bot1,1,15,button,8326799548703657647,15,42
2126,40,0.50,Bot2,1,15,button,8326799548703657647,15,42
2126,40,0.50,Bot3,1,15,button,8326799548703657647,15,42
2126,40,0.50,Bot4,1,15,button,8326799548703657647,15,42
2127,40,0.50,Bot1,1,28,button,6897874166918286756,28,42
2127,40,0.50,Bot2,1,28,button,6897874166918286756,28,42
2127,40,0.50,Bot3,1,28,button,6897874166918286756,28,42
2127,40,0.50,Bot4,1,28,button,6897874166918286756,28,42
2128,40,0.50,Bot1,1,20,button,16897421935321885957,20,23
2128,40,0.50,Bot2,1,20,button,16897421935321885957,20,23
2128,40,0.50,Bot3,1,20,button,16897421935321885957,20,23
2128,40,0.50,Bot4,1,20,button,16897421935321885957,20,23
2129,40,0.50,Bot1,0,52,caught_by_fire,12509397289982945062,53,30
2129,40,0.50,Bot2,0,53,caught_by_fire,12509397289982945062,53,30
2129,40,0.50,Bot3,0,53,caught_by_fire,12509397289982945062,53,30
2129,40,0.50,Bot4,0,52,caught_by_fire,12509397289982945062,53,30
2130,40,0.50,Bot1,1,43,button,6779378427629538123,43,43
2130,40,0.50,Bot2,1,43,button,6779378427629538123,43,43
2130,40,0.50,Bot3,1,43,button,6779378427629538123,43,43
2130,40,0.50,Bot4,1,43,button,6779378427629538123,43,43
2131,40,0.50,Bot1,1,12,button,6915242954412621183,12,59
2131,40,0.50,Bot2,1,12,button,6915242954412621183,12,59
2131,40,0.50,Bot3,1,12,button,6915242954412621183,12,59
2131,40,0.50,Bot4,1,12,button,6915242954412621183,12,59
2132,40,0.50,Bot1,1,34,button,9801832954053266225,34,43
2132,40,0.50,Bot2,1,34,button,9801832954053266225,34,43
2132,40,0.50,Bot3,1,34,button,9801832954053266225,34,43
2132,40,0.50,Bot4,1,34,button,9801832954053266225,34,43
2133,40,0.50,Bot1,1,4,button,8394273872528160992,4,35
2133,40,0.50,Bot2,1,4,button,8394273872528160992,4,35
2133,40,0.50,Bot3,1,4,button,8394273872528160992,4,35
2133,40,0.50,Bot4,1,4,button,8394273872528160992,4,35
2134,40,0.50,Bot1,1,37,button,14478121554924079533,37,43
2134,40,0.50,Bot2,1,37,button,14478121554924079533,37,43
2134,40,0.50,Bot3,1,37,button,14478121554924079533,37,43
2134,40,0.50,Bot4,1,37,button,14478121554924079533,37,43
2135,40,0.50,Bot1,1,35,button,4078885926182208806,35,40
2135,40,0.50,Bot2,1,35,button,4078885926182208806,35,40
2135,40,0.50,Bot3,1,35,button,4078885926182208806,35,40
2135,40,0.50,Bot4,1,35,button,4078885926182208806,35,40
2136,40,0.50,Bot1,1,57,button,3976935761605631292,57,53
2136,40,0.50,Bot2,1,57,button,3976935761605631292,57,53
2136,40,0.50,Bot3,1,57,button,3976935761605631292,57,53
2136,40,0.50,Bot4,1,57,button,3976935761605631292,57,53
2137,40,0.50,Bot1,1,28,button,13944735433501769167,28,37
2137,40,0.50,Bot2,1,28,button,13944735433501769167,28,37
2137,40,0.50,Bot3,1,28,button,13944735433501769167,28,37
2137,40,0.50,Bot4,1,28,button,13944735433501769167,28,37
2138,40,0.50,Bot1,1,38,button,8348282797784125304,38,58
2138,40,0.50,Bot2,1,38,button,8348282797784125304,38,58
2138,40,0.50,Bot3,1,38,button,8348282797784125304,38,58
2138,40,0.50,Bot4,1,38,button,8348282797784125304,38,58
2139,40,0.50,Bot1,1,20,button,5729683406577900307,20,41
2139,40,0.50,Bot2,1,20,button,5729683406577900307,20,41
2139,40,0.50,Bot3,1,20,button,5729683406577900307,20,41
2139,40,0.50,Bot4,1,20,button,5729683406577900307,20,41
2140,40,0.50,Bot1,0,33,caught_by_fire,10075789382441701630,57,25
2140,40,0.50,Bot2,0,42,caught_by_fire,10075789382441701630,57,25
2140,40,0.50,Bot3,0,42,caught_by_fire,10075789382441701630,57,25
2140,40,0.50,Bot4,0,42,caught_by_fire,10075789382441701630,57,25
2141,40,0.50,Bot1,0,38,caught_by_fire,14765016470497360518,60,9
2141,40,0.50,Bot2,0,85,caught_by_fire,14765016470497360518,60,9
2141,40,0.50,Bot3,0,79,caught_by_fire,14765016470497360518,60,9
2141,40,0.50,Bot4,0,78,caught_by_fire,14765016470497360518,60,9
2142,40,0.50,Bot1,1,24,button,10851441632732189627,24,42
2142,40,0.50,Bot2,1,24,button,10851441632732189627,24,42
2142,40,0.50,Bot3,1,24,button,10851441632732189627,24,42
2142,40,0.50,Bot4,1,24,button,10851441632732189627,24,42
2143,40,0.50,Bot1,1,35,button,12137110875972724936,35,32
2143,40,0.50,Bot2,1,35,button,12137110875972724936,35,32
2143,40,0.50,Bot3,1,35,button,12137110875972724936,35,32
2143,40,0.50,Bot4,1,35,button,12137110875972724936,35,32
2144,40,0.50,Bot1,1,20,button,17251668106687653392,20,44
2144,40,0.50,Bot2,1,20,button,17251668106687653392,20,44
2144,40,0.50,Bot3,1,20,button,17251668106687653392,20,44
2144,40,0.50,Bot4,1,20,button,17251668106687653392,20,44
2145,40,0.50,Bot1,1,9,button,14654484264116200701,9,14
2145,40,0.50,Bot2,1,9,button,14654484264116200701,9,14
2145,40,0.50,Bot3,1,9,button,14654484264116200701,9,14
2145,40,0.50,Bot4,1,9,button,14654484264116200701,9,14
2146,40,0.50,Bot1,1,9,button,103031027562294890,9,60
2146,40,0.50,Bot2,1,9,button,103031027562294890,9,60
2146,40,0.50,Bot3,1,9,button,103031027562294890,9,60
2146,40,0.50,Bot4,1,9,button,103031027562294890,9,60
2147,40,0.50,Bot1,0,56,walked_into_fire,6706977265959223740,64,35
2147,40,0.50,Bot2,0,57,caught_by_fire,6706977265959223740,64,35
2147,40,0.50,Bot3,0,65,caught_by_fire,6706977265959223740,64,35
2147,40,0.50,Bot4,0,65,caught_by_fire,6706977265959223740,64,35
2148,40,0.50,Bot1,1,44,button,8707973253362296044,44,43
2148,40,0.50,Bot2,1,44,button,8707973253362296044,44,43
2148,40,0.50,Bot3,1,44,button,8707973253362296044,44,43
2148,40,0.50,Bot4,1,44,button,8707973253362296044,44,43
2149,40,0.50,Bot1,1,39,button,4633844140768519975,39,48
2149,40,0.50,Bot2,1,39,button,4633844140768519975,39,48
2149,40,0.50,Bot3,1,39,button,4633844140768519975,39,48
2149,40,0.50,Bot4,1,39,button,4633844140768519975,39,48
2150,40,0.50,Bot1,1,38,button,10275315986854570348,38,46
2150,40,0.50,Bot2,1,38,button,10275315986854570348,38,46
2150,40,0.50,Bot3,1,38,button,10275315986854570348,38,46
2150,40,0.50,Bot4,1,38,button,10275315986854570348,38,46
2151,40,0.50,Bot1,0,21,walked_into_fire,9556551625554847119,31,9
2151,40,0.50,Bot2,0,32,caught_by_fire,9556551625554847119,31,9
2151,40,0.50,Bot3,0,41,caught_by_fire,9556551625554847119,31,9
2151,40,0.50,Bot4,0,40,caught_by_fire,9556551625554847119,31,9
2152,40,0.50,Bot1,1,17,button,2286712202509254682,17,30
2152,40,0.50,Bot2,1,17,button,2286712202509254682,17,30
2152,40,0.50,Bot3,1,17,button,2286712202509254682,17,30
2152,40,0.50,Bot4,1,17,button,2286712202509254682,17,30
2153,40,0.50,Bot1,1,14,button,836795092477569416,14,48
2153,40,0.50,Bot2,1,14,button,836795092477569416,14,48
2153,40,0.50,Bot3,1,14,button,836795092477569416,14,48
2153,40,0.50,Bot4,1,14,button,836795092477569416,14,48
2154,40,0.50,Bot1,1,32,button,9571450394935937093,32,64
2154,40,0.50,Bot2,1,32,button,9571450394935937093,32,64
2154,40,0.50,Bot3,1,32,button,9571450394935937093,32,64
2154,40,0.50,Bot4,1,32,button,9571450394935937093,32,64
2155,40,0.50,Bot1,1,26,button,1637267737674894022,26,35
2155,40,0.50,Bot2,1,26,button,1637267737674894022,26,35
2155,40,0.50,Bot3,1,26,button,1637267737674894022,26,35
2155,40,0.50,Bot4,1,26,button,1637267737674894022,26,35
2156,40,0.50,Bot1,0,10,walked_into_fire,5082501678092463706,19,15
2156,40,0.50,Bot2,0,45,caught_by_fire,5082501678092463706,19,15
2156,40,0.50,Bot3,0,39,caught_by_fire,5082501678092463706,19,15
2156,40,0.50,Bot4,0,43,caught_by_fire,5082501678092463706,19,15
2157,40,0.50,Bot1,0,2,walked_into_fire,3972028159445214079,51,50
2157,40,0.50,Bot2,1,67,button,3972028159445214079,51,50
2157,40,0.50,Bot3,1,67,button,3972028159445214079,51,50
2157,40,0.50,Bot4,1,67,button,3972028159445214079,51,50
2158,40,0.50,Bot1,1,38,button,14957477328679428294,38,56
2158,40,0.50,Bot2,1,38,button,14957477328679428294,38,56
2158,40,0.50,Bot3,1,38,button,14957477328679428294,38,56
2158,40,0.50,Bot4,1,38,button,14957477328679428294,38,56
2159,40,0.50,Bot1,0,25,walked_into_fire,2560406838986583978,36,15
2159,40,0.50,Bot2,0,42,caught_by_fire,2560406838986583978,36,15
2159,40,0.50,Bot3,0,42,caught_by_fire,2560406838986583978,36,15
2159,40,0.50,Bot4,0,42,caught_by_fire,2560406838986583978,36,15
2160,40,0.50,Bot1,1,22,button,3681361315482625931,22,41
2160,40,0.50,Bot2,1,22,button,3681361315482625931,22,41
2160,40,0.50,Bot3,1,22,button,3681361315482625931,22,41
2160,40,0.50,Bot4,1,22,button,3681361315482625931,22,41
2161,40,0.50,Bot1,1,38,button,12285259067449679528,38,38
2161,40,0.50,Bot2,1,38,button,12285259067449679528,38,38
2161,40,0.50,Bot3,1,38,button,12285259067449679528,38,38
2161,40,0.50,Bot4,1,38,button,12285259067449679528,38,38
2162,40,0.50,Bot1,1,21,button,4052968222274150889,21,62
2162,40,0.50,Bot2,1,21,button,4052968222274150889,21,62
2162,40,0.50,Bot3,1,21,button,4052968222274150889,21,62
2162,40,0.50,Bot4,1,21,button,4052968222274150889,21,62
2163,40,0.50,Bot1,1,25,button,17781845592797730395,25,26
2163,40,0.50,Bot2,1,25,button,17781845592797730395,25,26
2163,40,0.50,Bot3,1,25,button,17781845592797730395,25,26
2163,40,0.50,Bot4,1,25,button,17781845592797730395,25,26
2164,40,0.50,Bot1,1,16,button,14950696477902721775,16,56
2164,40,0.50,Bot2,1,16,button,14950696477902721775,16,56
2164,40,0.50,Bot3,1,16,button,14950696477902721775,16,56
2164,40,0.50,Bot4,1,16,button,14950696477902721775,16,56
2165,40,0.50,Bot1,1,30,button,17579140875242945400,30,43
2165,40,0.50,Bot2,1,30,button,17579140875242945400,30,43
2165,40,0.50,Bot3,1,30,button,17579140875242945400,30,43
2165,40,0.50,Bot4,1,30,button,17579140875242945400,30,43
2166,40,0.50,Bot1,1,13,button,1820504651358943130,13,32
2166,40,0.50,Bot2,1,13,button,1820504651358943130,13,32
2166,40,0.50,Bot3,1,13,button,1820504651358943130,13,32
2166,40,0.50,Bot4,1,13,button,1820504651358943130,13,32
2167,40,0.50,Bot1,1,4,button,3084443205100816485,4,22
2167,40,0.50,Bot2,1,4,button,3084443205100816485,4,22
2167,40,0.50,Bot3,1,4,button,3084443205100816485,4,22
2167,40,0.50,Bot4,1,4,button,3084443205100816485,4,22
2168,40,0.50,Bot1,0,24,walked_into_fire,12063777514482909376,53,38
2168,40,0.50,Bot2,0,26,caught_by_fire,12063777514482909376,53,38
2168,40,0.50,Bot3,1,55,button,12063777514482909376,53,38
2168,40,0.50,Bot4,1,53,button,12063777514482909376,53,38
2169,40,0.50,Bot1,1,49,button,4542453936747087420,49,24
2169,40,0.50,Bot2,1,49,button,4542453936747087420,49,24
2169,40,0.50,Bot3,1,49,button,4542453936747087420,49,24
2169,40,0.50,Bot4,1,49,button,4542453936747087420,49,24
2170,40,0.50,Bot1,1,23,button,18368639971409894439,23,46
2170,40,0.50,Bot2,1,23,button,18368639971409894439,23,46
2170,40,0.50,Bot3,1,23,button,18368639971409894439,23,46
2170,40,0.50,Bot4,1,23,button,18368639971409894439,23,46
2171,40,0.50,Bot1,1,25,button,1754290097121431150,25,46
2171,40,0.50,Bot2,1,25,button,1754290097121431150,25,46
2171,40,0.50,Bot3,1,25,button,1754290097121431150,25,46
2171,40,0.50,Bot4,1,25,button,1754290097121431150,25,46
2172,40,0.50,Bot1,1,25,button,4753205391324719763,25,31
2172,40,0.50,Bot2,1,25,button,4753205391324719763,25,31
2172,40,0.50,Bot3,1,25,button,4753205391324719763,25,31
2172,40,0.50,Bot4,1,25,button,4753205391324719763,25,31
2173,40,0.50,Bot1,1,43,button,136451715944620203,43,32
2173,40,0.50,Bot2,1,43,button,136451715944620203,43,32
2173,40,0.50,Bot3,1,43,button,136451715944620203,43,32
2173,40,0.50,Bot4,1,43,button,136451715944620203,43,32
2174,40,0.50,Bot1,1,13,button,17692850342463931362,13,56
2174,40,0.50,Bot2,1,13,button,17692850342463931362,13,56
2174,40,0.50,Bot3,1,13,button,17692850342463931362,13,56
2174,40,0.50,Bot4,1,13,button,17692850342463931362,13,56
2175,40,0.50,Bot1,1,7,button,6336121258574737738,7,37
2175,40,0.50,Bot2,1,7,button,6336121258574737738,7,37
2175,40,0.50,Bot3,1,7,button,6336121258574737738,7,37
2175,40,0.50,Bot4,1,7,button,6336121258574737738,7,37
2176,40,0.50,Bot1,1,27,button,10653874053531013320,27,44
2176,40,0.50,Bot2,1,27,button,10653874053531013320,27,44
2176,40,0.50,Bot3,1,27,button,10653874053531013320,27,44
2176,40,0.50,Bot4,1,27,button,10653874053531013320,27,44
2177,40,0.50,Bot1,1,22,button,17846495168898355793,22,43
2177,40,0.50,Bot2,1,22,button,17846495168898355793,22,43
2177,40,0.50,Bot3,1,22,button,17846495168898355793,22,43
2177,40,0.50,Bot4,1,22,button,17846495168898355793,22,43
2178,40,0.50,Bot1,0,45,walked_into_fire,16691400670857254733,66,39
2178,40,0.50,Bot2,0,56,caught_by_fire,16691400670857254733,66,39
2178,40,0.50,Bot3,0,56,caught_by_fire,16691400670857254733,66,39
2178,40,0.50,Bot4,0,56,caught_by_fire,16691400670857254733,66,39
2179,40,0.50,Bot1,1,35,button,14741450928690410076,35,27
2179,40,0.50,Bot2,1,35,button,14741450928690410076,35,27
2179,40,0.50,Bot3,1,35,button,14741450928690410076,35,27
2179,40,0.50,Bot4,1,35,button,14741450928690410076,35,27
2180,40,0.50,Bot1,1,33,button,6583542228811555979,33,47
2180,40,0.50,Bot2,1,33,button,6583542228811555979,33,47
2180,40,0.50,Bot3,1,33,button,6583542228811555979,33,47
2180,40,0.50,Bot4,1,33,button,6583542228811555979,33,47
2181,40,0.50,Bot1,1,38,button,11733902786613348561,38,33
2181,40,0.50,Bot2,1,38,button,11733902786613348561,38,33
2181,40,0.50,Bot3,1,38,button,11733902786613348561,38,33
2181,40,0.50,Bot4,1,38,button,11733902786613348561,38,33
2182,40,0.50,Bot1,1,53,button,1755149208641077170,53,58
2182,40,0.50,Bot2,1,53,button,1755149208641077170,53,58
2182,40,0.50,Bot3,1,53,button,1755149208641077170,53,58
2182,40,0.50,Bot4,1,53,button,1755149208641077170,53,58
2183,40,0.50,Bot1,1,32,button,8627434454081533333,32,45
2183,40,0.50,Bot2,1,32,button,8627434454081533333,32,45
2183,40,0.50,Bot3,1,32,button,8627434454081533333,32,45
2183,40,0.50,Bot4,1,32,button,8627434454081533333,32,45
2184,40,0.50,Bot1,0,22,walked_into_fire,6928674811882030107,36,4
2184,40,0.50,Bot2,0,55,caught_by_fire,6928674811882030107,36,4
2184,40,0.50,Bot3,0,60,caught_by_fire,6928674811882030107,36,4
2184,40,0.50,Bot4,0,55,caught_by_fire,6928674811882030107,36,4
2185,40,0.50,Bot1,1,40,button,16202224400096144813,40,23
2185,40,0.50,Bot2,1,40,button,16202224400096144813,40,23
2185,40,0.50,Bot3,1,40,button,16202224400096144813,40,23
2185,40,0.50,Bot4,1,40,button,16202224400096144813,40,23
2186,40,0.50,Bot1,1,36,button,1104200545357707595,36,26
2186,40,0.50,Bot2,1,36,button,1104200545357707595,36,26
2186,40,0.50,Bot3,1,36,button,1104200545357707595,36,26
2186,40,0.50,Bot4,1,36,button,1104200545357707595,36,26
2187,40,0.50,Bot1,0,2,walked_into_fire,11323683413941671560,38,37
2187,40,0.50,Bot2,0,27,caught_by_fire,11323683413941671560,38,37
2187,40,0.50,Bot3,0,27,caught_by_fire,11323683413941671560,38,37
2187,40,0.50,Bot4,0,27,caught_by_fire,11323683413941671560,38,37
2188,40,0.50,Bot1,1,68,button,15275245083750648913,68,50
2188,40,0.50,Bot2,1,68,button,15275245083750648913,68,50
2188,40,0.50,Bot3,1,68,button,15275245083750648913,68,50
2188,40,0.50,Bot4,1,68,button,15275245083750648913,68,50
2189,40,0.50,Bot1,1,20,button,10043536378684927414,20,59
2189,40,0.50,Bot2,1,20,button,10043536378684927414,20,59
2189,40,0.50,Bot3,1,20,button,10043536378684927414,20,59
2189,40,0.50,Bot4,1,20,button,10043536378684927414,20,59
2190,40,0.50,Bot1,0,33,walked_into_fire,5029811222422607831,42,15
2190,40,0.50,Bot2,0,31,caught_by_fire,5029811222422607831,42,15
2190,40,0.50,Bot3,0,37,caught_by_fire,5029811222422607831,42,15
2190,40,0.50,Bot4,0,44,caught_by_fire,5029811222422607831,42,15
2191,40,0.50,Bot1,1,5,button,15642130854958523134,5,27
2191,40,0.50,Bot2,1,5,button,15642130854958523134,5,27
2191,40,0.50,Bot3,1,5,button,15642130854958523134,5,27
2191,40,0.50,Bot4,1,5,button,15642130854958523134,5,27
2192,40,0.50,Bot1,1,20,button,12651909967782757805,20,30
2192,40,0.50,Bot2,1,20,button,12651909967782757805,20,30
2192,40,0.50,Bot3,1,20,button,12651909967782757805,20,30
2192,40,0.50,Bot4,1,20,button,12651909967782757805,20,30
2193,40,0.50,Bot1,1,21,button,10431479677432958438,21,43
2193,40,0.50,Bot2,1,21,button,10431479677432958438,21,43
2193,40,0.50,Bot3,1,21,button,10431479677432958438,21,43
2193,40,0.50,Bot4,1,21,button,10431479677432958438,21,43
2194,40,0.50,Bot1,0,12,caught_by_fire,9356535820592219132,41,19
2194,40,0.50,Bot2,0,36,caught_by_fire,9356535820592219132,41,19
2194,40,0.50,Bot3,0,34,caught_by_fire,9356535820592219132,41,19
2194,40,0.50,Bot4,0,32,caught_by_fire,9356535820592219132,41,19
2195,40,0.50,Bot1,0,52,caught_by_fire,10446124962332073895,68,43
2195,40,0.50,Bot2,0,77,caught_by_fire,10446124962332073895,68,43
2195,40,0.50,Bot3,0,70,caught_by_fire,10446124962332073895,68,43
2195,40,0.50,Bot4,0,77,caught_by_fire,10446124962332073895,68,43
2196,40,0.50,Bot1,1,16,button,9960068183788131961,16,61
2196,40,0.50,Bot2,1,16,button,9960068183788131961,16,61
2196,40,0.50,Bot3,1,16,button,9960068183788131961,16,61
2196,40,0.50,Bot4,1,16,button,9960068183788131961,16,61
2197,40,0.50,Bot1,0,14,walked_into_fire,4059686511613527858,39,29
2197,40,0.50,Bot2,1,43,button,4059686511613527858,39,29
2197,40,0.50,Bot3,1,43,button,4059686511613527858,39,29
2197,40,0.50,Bot4,1,43,button,4059686511613527858,39,29
2198,40,0.50,Bot1,0,23,walked_into_fire,16190481916418547041,48,11
2198,40,0.50,Bot2,0,63,caught_by_fire,16190481916418547041,48,11
2198,40,0.50,Bot3,0,63,caught_by_fire,16190481916418547041,48,11
2198,40,0.50,Bot4,0,63,caught_by_fire,16190481916418547041,48,11
2199,40,0.50,Bot1,1,7,button,10930920331271505632,7,49
2199,40,0.50,Bot2,1,7,button,10930920331271505632,7,49
2199,40,0.50,Bot3,1,7,button,10930920331271505632,7,49
2199,40,0.50,Bot4,1,7,button,10930920331271505632,7,49
2200,40,0.55,Bot1,1,24,button,12367494118058234937,24,35
2200,40,0.55,Bot2,1,24,button,12367494118058234937,24,35
2200,40,0.55,Bot3,1,24,button,12367494118058234937,24,35
2200,40,0.55,Bot4,1,24,button,12367494118058234937,24,35
2201,40,0.55,Bot1,1,38,button,7474015303969074707,38,50
2201,40,0.55,Bot2,1,38,button,7474015303969074707,38,50
2201,40,0.55,Bot3,1,38,button,7474015303969074707,38,50
2201,40,0.55,Bot4,1,38,button,7474015303969074707,38,50
2202,40,0.55,Bot1,0,7,walked_into_fire,14513333908312205547,48,46
2202,40,0.55,Bot2,0,8,caught_by_fire,14513333908312205547,48,46
2202,40,0.55,Bot3,0,9,caught_by_fire,14513333908312205547,48,46
2202,40,0.55,Bot4,0,9,caught_by_fire,14513333908312205547,48,46
2203,40,0.55,Bot1,0,29,walked_into_fire,16070868507212805016,44,10
2203,40,0.55,Bot2,0,57,caught_by_fire,16070868507212805016,44,10
2203,40,0.55,Bot3,0,57,caught_by_fire,16070868507212805016,44,10
2203,40,0.55,Bot4,0,57,caught_by_fire,16070868507212805016,44,10
2204,40,0.55,Bot1,0,35,caught_by_fire,10258706117095232212,48,32
2204,40,0.55,Bot2,0,71,caught_by_fire,10258706117095232212,48,32
2204,40,0.55,Bot3,0,66,caught_by_fire,10258706117095232212,48,32
2204,40,0.55,Bot4,0,72,caught_by_fire,10258706117095232212,48,32
2205,40,0.55,Bot1,1,47,button,3941067225948651766,47,50
2205,40,0.55,Bot2,1,47,button,3941067225948651766,47,50
2205,40,0.55,Bot3,1,47,button,3941067225948651766,47,50
2205,40,0.55,Bot4,1,47,button,3941067225948651766,47,50
2206,40,0.55,Bot1,0,3,caught_by_fire,949861554303363635,36,35
2206,40,0.55,Bot2,0,3,caught_by_fire,949861554303363635,36,35
2206,40,0.55,Bot3,0,3,caught_by_fire,949861554303363635,36,35
2206,40,0.55,Bot4,0,3,caught_by_fire,949861554303363635,36,35
2207,40,0.55,Bot1,1,38,button,4807440632832992075,38,41
2207,40,0.55,Bot2,1,38,button,4807440632832992075,38,41
2207,40,0.55,Bot3,1,38,button,4807440632832992075,38,41
2207,40,0.55,Bot4,1,38,button,4807440632832992075,38,41
2208,40,0.55,Bot1,0,41,walked_into_fire,14285074423852322997,59,4
2208,40,0.55,Bot2,0,93,caught_by_fire,14285074423852322997,59,4
2208,40,0.55,Bot3,0,93,caught_by_fire,14285074423852322997,59,4
2208,40,0.55,Bot4,0,91,caught_by_fire,14285074423852322997,59,4
2209,40,0.55,Bot1,1,35,button,16462622373916723173,35,30
2209,40,0.55,Bot2,1,35,button,16462622373916723173,35,30
2209,40,0.55,Bot3,1,35,button,16462622373916723173,35,30
2209,40,0.55,Bot4,1,35,button,16462622373916723173,35,30
2210,40,0.55,Bot1,1,52,button,17266359646518807781,52,60
2210,40,0.55,Bot2,1,52,button,17266359646518807781,52,60
2210,40,0.55,Bot3,1,52,button,17266359646518807781,52,60
2210,40,0.55,Bot4,1,52,button,17266359646518807781,52,60
2211,40,0.55,Bot1,1,10,button,14383323084878873855,10,40
2211,40,0.55,Bot2,1,10,button,14383323084878873855,10,40
2211,40,0.55,Bot3,1,10,button,14383323084878873855,10,40
2211,40,0.55,Bot4,1,10,button,14383323084878873855,10,40
2212,40,0.55,Bot1,1,54,button,17256551907957958756,54,43
2212,40,0.55,Bot2,1,54,button,17256551907957958756,54,43
2212,40,0.55,Bot3,1,54,button,17256551907957958756,54,43
2212,40,0.55,Bot4,1,54,button,17256551907957958756,54,43
2213,40,0.55,Bot1,0,29,walked_into_fire,15027088838827149172,50,8
2213,40,0.55,Bot2,0,59,caught_by_fire,15027088838827149172,50,8
2213,40,0.55,Bot3,0,53,caught_by_fire,15027088838827149172,50,8
2213,40,0.55,Bot4,0,57,caught_by_fire,15027088838827149172,50,8
2214,40,0.55,Bot1,1,73,button,12130800741171118537,73,57
2214,40,0.55,Bot2,1,73,button,12130800741171118537,73,57
2214,40,0.55,Bot3,1,73,button,12130800741171118537,73,57
2214,40,0.55,Bot4,1,73,button,12130800741171118537,73,57
2215,40,0.55,Bot1,1,47,button,14627288398183836352,47,50
2215,40,0.55,Bot2,1,47,button,14627288398183836352,47,50
2215,40,0.55,Bot3,1,47,button,14627288398183836352,47,50
2215,40,0.55,Bot4,1,47,button,14627288398183836352,47,50
2216,40,0.55,Bot1,1,21,button,16158142372612028478,21,28
2216,40,0.55,Bot2,1,21,button,16158142372612028478,21,28
2216,40,0.55,Bot3,1,21,button,16158142372612028478,21,28
2216,40,0.55,Bot4,1,21,button,16158142372612028478,21,28
2217,40,0.55,Bot1,1,40,button,2301642780702342467,40,35
2217,40,0.55,Bot2,1,40,button,2301642780702342467,40,35
2217,40,0.55,Bot3,1,40,button,2301642780702342467,40,35
2217,40,0.55,Bot4,1,40,button,2301642780702342467,40,35
2218,40,0.55,Bot1,1,19,button,2567509081396574476,19,60
2218,40,0.55,Bot2,1,19,button,2567509081396574476,19,60
2218,40,0.55,Bot3,1,19,button,2567509081396574476,19,60
2218,40,0.55,Bot4,1,19,button,2567509081396574476,19,60
2219,40,0.55,Bot1,1,33,button,7912810379513355233,33,57
2219,40,0.55,Bot2,1,33,button,7912810379513355233,33,57
2219,40,0.55,Bot3,1,33,button,7912810379513355233,33,57
2219,40,0.55,Bot4,1,33,button,7912810379513355233,33,57
2220,40,0.55,Bot1,1,19,button,11457806326811990347,19,22
2220,40,0.55,Bot2,1,19,button,11457806326811990347,19,22
2220,40,0.55,Bot3,1,19,button,11457806326811990347,19,22
2220,40,0.55,Bot4,1,19,button,11457806326811990347,19,22
2221,40,0.55,Bot1,1,26,button,5857764156886580474,26,36
2221,40,0.55,Bot2,1,26,button,5857764156886580474,26,36
2221,40,0.55,Bot3,1,26,button,5857764156886580474,26,36
2221,40,0.55,Bot4,1,26,button,5857764156886580474,26,36
2222,40,0.55,Bot1,1,17,button,9951206705801484943,17,20
2222,40,0.55,Bot2,1,17,button,9951206705801484943,17,20
2222,40,0.55,Bot3,1,17,button,9951206705801484943,17,20
2222,40,0.55,Bot4,1,17,button,9951206705801484943,17,20
2223,40,0.55,Bot1,1,20,button,2148436359134780219,20,20
2223,40,0.55,Bot2,1,20,button,2148436359134780219,20,20
2223,40,0.55,Bot3,1,20,button,2148436359134780219,20,20
2223,40,0.55,Bot4,1,20,button,2148436359134780219,20,20
2224,40,0.55,Bot1,1,9,button,7698027517820905386,9,9
2224,40,0.55,Bot2,1,9,button,7698027517820905386,9,9
2224,40,0.55,Bot3,1,9,button,7698027517820905386,9,9
2224,40,0.55,Bot4,1,9,button,7698027517820905386,9,9
2225,40,0.55,Bot1,1,49,button,9732634388987391028,49,38
2225,40,0.55,Bot2,1,49,button,9732634388987391028,49,38
2225,40,0.55,Bot3,1,49,button,9732634388987391028,49,38
2225,40,0.55,Bot4,1,49,button,9732634388987391028,49,38
2226,40,0.55,Bot1,1,55,button,14784181325732785649,55,62
2226,40,0.55,Bot2,1,55,button,14784181325732785649,55,62
2226,40,0.55,Bot3,1,55,button,14784181325732785649,55,62
2226,40,0.55,Bot4,1,55,button,14784181325732785649,55,62
2227,40,0.55,Bot1,1,19,button,6168341224183221223,19,60
2227,40,0.55,Bot2,1,19,button,6168341224183221223,19,60
2227,40,0.55,Bot3,1,19,button,6168341224183221223,19,60
2227,40,0.55,Bot4,1,19,button,6168341224183221223,19,60
2228,40,0.55,Bot1,1,16,button,6946995974457454346,16,51
2228,40,0.55,Bot2,1,16,button,6946995974457454346,16,51
2228,40,0.55,Bot3,1,16,button,6946995974457454346,16,51
2228,40,0.55,Bot4,1,16,button,6946995974457454346,16,51
2229,40,0.55,Bot1,0,31,caught_by_fire,12226460163498947217,38,12
2229,40,0.55,Bot2,0,45,caught_by_fire,12226460163498947217,38,12
2229,40,0.55,Bot3,0,45,caught_by_fire,12226460163498947217,38,12
2229,40,0.55,Bot4,0,44,caught_by_fire,12226460163498947217,38,12
2230,40,0.55,Bot1,0,30,caught_by_fire,9037747117960684488,60,22
2230,40,0.55,Bot2,0,32,caught_by_fire,9037747117960684488,60,22
2230,40,0.55,Bot3,0,32,caught_by_fire,9037747117960684488,60,22
2230,40,0.55,Bot4,0,37,caught_by_fire,9037747117960684488,60,22
2231,40,0.55,Bot1,1,30,button,3605872698563999501,30,36
2231,40,0.55,Bot2,1,30,button,3605872698563999501,30,36
2231,40,0.55,Bot3,1,30,button,3605872698563999501,30,36
2231,40,0.55,Bot4,1,30,button,3605872698563999501,30,36
2232,40,0.55,Bot1,1,2,button,5539211018972456999,2,14
2232,40,0.55,Bot2,1,2,button,5539211018972456999,2,14
2232,40,0.55,Bot3,1,2,button,5539211018972456999,2,14
2232,40,0.55,Bot4,1,2,button,5539211018972456999,2,14
2233,40,0.55,Bot1,1,29,button,8628881059185742309,29,35
2233,40,0.55,Bot2,1,29,button,8628881059185742309,29,35
2233,40,0.55,Bot3,1,29,button,8628881059185742309,29,35
2233,40,0.55,Bot4,1,29,button,8628881059185742309,29,35
2234,40,0.55,Bot1,0,20,caught_by_fire,17351165839137813082,55,32
2234,40,0.55,Bot2,0,61,caught_by_fire,17351165839137813082,55,32
2234,40,0.55,Bot3,0,69,caught_by_fire,17351165839137813082,55,32
2234,40,0.55,Bot4,0,61,caught_by_fire,17351165839137813082,55,32
2235,40,0.55,Bot1,1,33,button,7382131736381346835,33,41
2235,40,0.55,Bot2,1,33,button,7382131736381346835,33,41
2235,40,0.55,Bot3,1,33,button,7382131736381346835,33,41
2235,40,0.55,Bot4,1,33,button,7382131736381346835,33,41
2236,40,0.55,Bot1,1,14,button,17395709348813247590,14,29
2236,40,0.55,Bot2,1,14,button,17395709348813247590,14,29
2236,40,0.55,Bot3,1,14,button,17395709348813247590,14,29
2236,40,0.55,Bot4,1,14,button,17395709348813247590,14,29
2237,40,0.55,Bot1,1,15,button,14589428409927576048,15,26
2237,40,0.55,Bot2,1,15,button,14589428409927576048,15,26
2237,40,0.55,Bot3,1,15,button,14589428409927576048,15,26
2237,40,0.55,Bot4,1,15,button,14589428409927576048,15,26
2238,40,0.55,Bot1,1,36,button,12621344187181861004,36,60
2238,40,0.55,Bot2,1,36,button,12621344187181861004,36,60
2238,40,0.55,Bot3,1,36,button,12621344187181861004,36,60
2238,40,0.55,Bot4,1,36,button,12621344187181861004,36,60
2239,40,0.55,Bot1,1,27,button,15066491103603782632,27,41
2239,40,0.55,Bot2,1,27,button,15066491103603782632,27,41
2239,40,0.55,Bot3,1,27,button,15066491103603782632,27,41
2239,40,0.55,Bot4,1,27,button,15066491103603782632,27,41
2240,40,0.55,Bot1,1,41,button,15362259698514690493,41,45
2240,40,0.55,Bot2,1,41,button,15362259698514690493,41,45
2240,40,0.55,Bot3,1,41,button,15362259698514690493,41,45
2240,40,0.55,Bot4,1,41,button,15362259698514690493,41,45
2241,40,0.55,Bot1,1,19,button,17045768898813263535,19,20
2241,40,0.55,Bot2,1,19,button,17045768898813263535,19,20
2241,40,0.55,Bot3,1,19,button,17045768898813263535,19,20
2241,40,0.55,Bot4,1,19,button,17045768898813263535,19,20
2242,40,0.55,Bot1,1,56,button,8532763348359085279,56,62
2242,40,0.55,Bot2,1,56,button,8532763348359085279,56,62
2242,40,0.55,Bot3,1,56,button,8532763348359085279,56,62
2242,40,0.55,Bot4,1,56,button,8532763348359085279,56,62
2243,40,0.55,Bot1,1,37,button,17003996173890801757,37,36
2243,40,0.55,Bot2,1,37,button,17003996173890801757,37,36
2243,40,0.55,Bot3,1,37,button,17003996173890801757,37,36
2243,40,0.55,Bot4,1,37,button,17003996173890801757,37,36
2244,40,0.55,Bot1,1,31,button,146833552288804484,31,27
2244,40,0.55,Bot2,1,31,button,146833552288804484,31,27
2244,40,0.55,Bot3,1,31,button,146833552288804484,31,27
2244,40,0.55,Bot4,1,31,button,146833552288804484,31,27
2245,40,0.55,Bot1,1,10,button,10948774826856491573,10,22
2245,40,0.55,Bot2,1,10,button,10948774826856491573,10,22
2245,40,0.55,Bot3,1,10,button,10948774826856491573,10,22
2245,40,0.55,Bot4,1,10,button,10948774826856491573,10,22
2246,40,0.55,Bot1,1,43,button,12476277652912559191,43,36
2246,40,0.55,Bot2,1,43,button,12476277652912559191,43,36
2246,40,0.55,Bot3,1,43,button,12476277652912559191,43,36
2246,40,0.55,Bot4,1,43,button,12476277652912559191,43,36
2247,40,0.55,Bot1,0,17,walked_into_fire,17560700771070252965,20,7
2247,40,0.55,Bot2,0,25,caught_by_fire,17560700771070252965,20,7
2247,40,0.55,Bot3,0,32,caught_by_fire,17560700771070252965,20,7
2247,40,0.55,Bot4,0,31,caught_by_fire,17560700771070252965,20,7
2248,40,0.55,Bot1,1,42,button,12687026756846839832,42,35
2248,40,0.55,Bot2,1,42,button,12687026756846839832,42,35
2248,40,0.55,Bot3,1,42,button,12687026756846839832,42,35
2248,40,0.55,Bot4,1,42,button,12687026756846839832,42,35
2249,40,0.55,Bot1,0,28,caught_by_fire,16102570053203104327,44,4
2249,40,0.55,Bot2,0,75,caught_by_fire,16102570053203104327,44,4
2249,40,0.55,Bot3,0,75,caught_by_fire,16102570053203104327,44,4
2249,40,0.55,Bot4,0,74,caught_by_fire,16102570053203104327,44,4
2250,40,0.55,Bot1,1,40,button,6495145790365936403,40,22
2250,40,0.55,Bot2,1,40,button,6495145790365936403,40,22
2250,40,0.55,Bot3,1,40,button,6495145790365936403,40,22
2250,40,0.55,Bot4,1,40,button,6495145790365936403,40,22
2251,40,0.55,Bot1,1,18,button,16424627237664535645,18,45
2251,40,0.55,Bot2,1,18,button,16424627237664535645,18,45
2251,40,0.55,Bot3,1,18,button,16424627237664535645,18,45
2251,40,0.55,Bot4,1,18,button,16424627237664535645,18,45
2252,40,0.55,Bot1,1,29,button,8917530942464940672,29,35
2252,40,0.55,Bot2,1,29,button,8917530942464940672,29,35
2252,40,0.55,Bot3,1,29,button,8917530942464940672,29,35
2252,40,0.55,Bot4,1,29,button,8917530942464940672,29,35
2253,40,0.55,Bot1,1,58,button,959300744718898615,58,63
2253,40,0.55,Bot2,1,58,button,959300744718898615,58,63
2253,40,0.55,Bot3,1,58,button,959300744718898615,58,63
2253,40,0.55,Bot4,1,58,button,959300744718898615,58,63
2254,40,0.55,Bot1,0,18,caught_by_fire,3735191582314594841,45,22
2254,40,0.55,Bot2,0,38,caught_by_fire,3735191582314594841,45,22
2254,40,0.55,Bot3,0,38,caught_by_fire,3735191582314594841,45,22
2254,40,0.55,Bot4,0,38,caught_by_fire,3735191582314594841,45,22
2255,40,0.55,Bot1,1,26,button,4153562796865101545,26,34
2255,40,0.55,Bot2,1,26,button,4153562796865101545,26,34
2255,40,0.55,Bot3,1,26,button,4153562796865101545,26,34
2255,40,0.55,Bot4,1,26,button,4153562796865101545,26,34
2256,40,0.55,Bot1,1,31,button,6327465396814371211,31,32
2256,40,0.55,Bot2,1,31,button,6327465396814371211,31,32
2256,40,0.55,Bot3,1,31,button,6327465396814371211,31,32
2256,40,0.55,Bot4,1,31,button,6327465396814371211,31,32
2257,40,0.55,Bot1,1,31,button,5507662989895342193,31,41
2257,40,0.55,Bot2,1,31,button,5507662989895342193,31,41
2257,40,0.55,Bot3,1,31,button,5507662989895342193,31,41
2257,40,0.55,Bot4,1,31,button,5507662989895342193,31,41
2258,40,0.55,Bot1,0,25,caught_by_fire,12398378792791562411,35,8
2258,40,0.55,Bot2,0,36,caught_by_fire,12398378792791562411,35,8
2258,40,0.55,Bot3,0,36,caught_by_fire,12398378792791562411,35,8
2258,40,0.55,Bot4,0,36,caught_by_fire,12398378792791562411,35,8
2259,40,0.55,Bot1,1,7,button,13559543240185298666,7,42
2259,40,0.55,Bot2,1,7,button,13559543240185298666,7,42
2259,40,0.55,Bot3,1,7,button,13559543240185298666,7,42
2259,40,0.55,Bot4,1,7,button,13559543240185298666,7,42
2260,40,0.55,Bot1,0,6,walked_into_fire,17903150300561450499,45,37
2260,40,0.55,Bot2,0,13,caught_by_fire,17903150300561450499,45,37
2260,40,0.55,Bot3,1,47,button,17903150300561450499,45,37
2260,40,0.55,Bot4,1,45,button,17903150300561450499,45,37
2261,40,0.55,Bot1,1,25,button,7714319274367747609,25,38
2261,40,0.55,Bot2,1,25,button,7714319274367747609,25,38
2261,40,0.55,Bot3,1,25,button,7714319274367747609,25,38
2261,40,0.55,Bot4,1,25,button,7714319274367747609,25,38
2262,40,0.55,Bot1,0,29,walked_into_fire,3236659019163801126,72,40
2262,40,0.55,Bot2,0,39,caught_by_fire,3236659019163801126,72,40
2262,40,0.55,Bot3,0,62,caught_by_fire,3236659019163801126,72,40
2262,40,0.55,Bot4,0,39,caught_by_fire,3236659019163801126,72,40
2263,40,0.55,Bot1,0,15,walked_into_fire,15826677230049138051,30,9
2263,40,0.55,Bot2,0,18,caught_by_fire,15826677230049138051,30,9
2263,40,0.55,Bot3,0,18,caught_by_fire,15826677230049138051,30,9
2263,40,0.55,Bot4,0,26,caught_by_fire,15826677230049138051,30,9
2264,40,0.55,Bot1,0,26,caught_by_fire,1839319425590669804,35,12
2264,40,0.55,Bot2,0,33,caught_by_fire,1839319425590669804,35,12
2264,40,0.55,Bot3,0,33,caught_by_fire,1839319425590669804,35,12
2264,40,0.55,Bot4,0,29,caught_by_fire,1839319425590669804,35,12
2265,40,0.55,Bot1,1,21,button,13151263134222320076,21,31
2265,40,0.55,Bot2,1,21,button,13151263134222320076,21,31
2265,40,0.55,Bot3,1,21,button,13151263134222320076,21,31
2265,40,0.55,Bot4,1,21,button,13151263134222320076,21,31
2266,40,0.55,Bot1,1,22,button,13044275928522629492,22,40
2266,40,0.55,Bot2,1,22,button,13044275928522629492,22,40
2266,40,0.55,Bot3,1,22,button,13044275928522629492,22,40
2266,40,0.55,Bot4,1,22,button,13044275928522629492,22,40
2267,40,0.55,Bot1,1,10,button,9998654869463719188,10,36
2267,40,0.55,Bot2,1,10,button,9998654869463719188,10,36
2267,40,0.55,Bot3,1,10,button,9998654869463719188,10,36
2267,40,0.55,Bot4,1,10,button,9998654869463719188,10,36
2268,40,0.55,Bot1,1,11,button,200536311432547597,11,29
2268,40,0.55,Bot2,1,11,button,200536311432547597,11,29
2268,40,0.55,Bot3,1,11,button,200536311432547597,11,29
2268,40,0.55,Bot4,1,11,button,200536311432547597,11,29
2269,40,0.55,Bot1,0,26,caught_by_fire,13902464115387180276,39,3
2269,40,0.55,Bot2,0,65,caught_by_fire,13902464115387180276,39,3
2269,40,0.55,Bot3,0,65,caught_by_fire,13902464115387180276,39,3
2269,40,0.55,Bot4,0,62,caught_by_fire,13902464115387180276,39,3
2270,40,0.55,Bot1,1,13,button,18076144888210546439,13,38
2270,40,0.55,Bot2,1,13,button,18076144888210546439,13,38
2270,40,0.55,Bot3,1,13,button,18076144888210546439,13,38
2270,40,0.55,Bot4,1,13,button,18076144888210546439,13,38
2271,40,0.55,Bot1,0,27,walked_into_fire,13236089805346886164,37,20
2271,40,0.55,Bot2,0,68,caught_by_fire,13236089805346886164,37,20
2271,40,0.55,Bot3,0,69,caught_by_fire,13236089805346886164,37,20
2271,40,0.55,Bot4,0,68,caught_by_fire,13236089805346886164,37,20
2272,40,0.55,Bot1,1,5,button,6758413481235069108,5,37
2272,40,0.55,Bot2,1,5,button,6758413481235069108,5,37
2272,40,0.55,Bot3,1,5,button,6758413481235069108,5,37
2272,40,0.55,Bot4,1,5,button,6758413481235069108,5,37
2273,40,0.55,Bot1,0,6,walked_into_fire,4177977488061214091,34,25
2273,40,0.55,Bot2,0,21,caught_by_fire,4177977488061214091,34,25
2273,40,0.55,Bot3,0,26,caught_by_fire,4177977488061214091,34,25
2273,40,0.55,Bot4,0,21,caught_by_fire,4177977488061214091,34,25
2274,40,0.55,Bot1,0,37,walked_into_fire,1148235522372614059,46,16
2274,40,0.55,Bot2,0,51,caught_by_fire,1148235522372614059,46,16
2274,40,0.55,Bot3,0,51,caught_by_fire,1148235522372614059,46,16
2274,40,0.55,Bot4,0,50,caught_by_fire,1148235522372614059,46,16
2275,40,0.55,Bot1,1,35,button,11799942394446238213,35,31
2275,40,0.55,Bot2,1,35,button,11799942394446238213,35,31
2275,40,0.55,Bot3,1,35,button,11799942394446238213,35,31
2275,40,0.55,Bot4,1,35,button,11799942394446238213,35,31
2276,40,0.55,Bot1,1,25,button,17180633739031266949,25,22
2276,40,0.55,Bot2,1,25,button,17180633739031266949,25,22
2276,40,0.55,Bot3,1,25,button,17180633739031266949,25,22
2276,40,0.55,Bot4,1,25,button,17180633739031266949,25,22
2277,40,0.55,Bot1,1,39,button,12400444974824414794,39,23
2277,40,0.55,Bot2,1,39,button,12400444974824414794,39,23
2277,40,0.55,Bot3,1,39,button,12400444974824414794,39,23
2277,40,0.55,Bot4,1,39,button,12400444974824414794,39,23
2278,40,0.55,Bot1,1,9,button,13078180318452279706,9,16
2278,40,0.55,Bot2,1,9,button,13078180318452279706,9,16
2278,40,0.55,Bot3,1,9,button,13078180318452279706,9,16
2278,40,0.55,Bot4,1,9,button,13078180318452279706,9,16
2279,40,0.55,Bot1,1,46,button,16627782077365148591,46,42
2279,40,0.55,Bot2,1,46,button,16627782077365148591,46,42
2279,40,0.55,Bot3,1,46,button,16627782077365148591,46,42
2279,40,0.55,Bot4,1,46,button,16627782077365148591,46,42
2280,40,0.55,Bot1,0,17,walked_into_fire,5923559861709994170,47,33
2280,40,0.55,Bot2,0,52,caught_by_fire,5923559861709994170,47,33
2280,40,0.55,Bot3,0,54,caught_by_fire,5923559861709994170,47,33
2280,40,0.55,Bot4,0,52,caught_by_fire,5923559861709994170,47,33
2281,40,0.55,Bot1,1,48,button,805959227074183401,48,46
2281,40,0.55,Bot2,1,48,button,805959227074183401,48,46
2281,40,0.55,Bot3,1,48,button,805959227074183401,48,46
2281,40,0.55,Bot4,1,48,button,805959227074183401,48,46
2282,40,0.55,Bot1,1,14,button,13907680210365403800,14,48
2282,40,0.55,Bot2,1,14,button,13907680210365403800,14,48
2282,40,0.55,Bot3,1,14,button,13907680210365403800,14,48
2282,40,0.55,Bot4,1,14,button,13907680210365403800,14,48
2283,40,0.55,Bot1,0,22,walked_into_fire,6038826491911948651,63,40
2283,40,0.55,Bot2,0,53,caught_by_fire,6038826491911948651,63,40
2283,40,0.55,Bot3,0,29,caught_by_fire,6038826491911948651,63,40
2283,40,0.55,Bot4,0,53,caught_by_fire,6038826491911948651,63,40
2284,40,0.55,Bot1,1,51,button,17480181059581366131,51,41
2284,40,0.55,Bot2,1,51,button,17480181059581366131,51,41
2284,40,0.55,Bot3,1,51,button,17480181059581366131,51,41
2284,40,0.55,Bot4,1,51,button,17480181059581366131,51,41
2285,40,0.55,Bot1,1,32,button,12501484407152522177,32,23
2285,40,0.55,Bot2,1,32,button,12501484407152522177,32,23
2285,40,0.55,Bot3,1,32,button,12501484407152522177,32,23
2285,40,0.55,Bot4,1,32,button,12501484407152522177,32,23
2286,40,0.55,Bot1,0,8,caught_by_fire,8182841079429483871,34,20
2286,40,0.55,Bot2,0,46,caught_by_fire,8182841079429483871,34,20
2286,40,0.55,Bot3,0,55,caught_by_fire,8182841079429483871,34,20
2286,40,0.55,Bot4,0,47,caught_by_fire,8182841079429483871,34,20
2287,40,0.55,Bot1,1,39,button,5478365191520314796,39,50
2287,40,0.55,Bot2,1,39,button,5478365191520314796,39,50
2287,40,0.55,Bot3,1,39,button,5478365191520314796,39,50
2287,40,0.55,Bot4,1,39,button,5478365191520314796,39,50
2288,40,0.55,Bot1,1,23,button,12343555870003713842,23,20
2288,40,0.55,Bot2,1,23,button,12343555870003713842,23,20
2288,40,0.55,Bot3,1,23,button,12343555870003713842,23,20
2288,40,0.55,Bot4,1,23,button,12343555870003713842,23,20
2289,40,0.55,Bot1,1,29,button,10852629070564020229,29,31
2289,40,0.55,Bot2,1,29,button,10852629070564020229,29,31
2289,40,0.55,Bot3,1,29,button,10852629070564020229,29,31
2289,40,0.55,Bot4,1,29,button,10852629070564020229,29,31
2290,40,0.55,Bot1,1,32,button,18136346563271684712,32,41
2290,40,0.55,Bot2,1,32,button,18136346563271684712,32,41
2290,40,0.55,Bot3,1,32,button,18136346563271684712,32,41
2290,40,0.55,Bot4,1,32,button,18136346563271684712,32,41
2291,40,0.55,Bot1,1,24,button,11629438340086401270,24,35
2291,40,0.55,Bot2,1,24,button,11629438340086401270,24,35
2291,40,0.55,Bot3,1,24,button,11629438340086401270,24,35
2291,40,0.55,Bot4,1,24,button,11629438340086401270,24,35
2292,40,0.55,Bot1,1,38,button,14852179048895569014,38,51
2292,40,0.55,Bot2,1,38,button,14852179048895569014,38,51
2292,40,0.55,Bot3,1,38,button,14852179048895569014,38,51
2292,40,0.55,Bot4,1,38,button,14852179048895569014,38,51
2293,40,0.55,Bot1,1,30,button,3862185672047346642,30,23
2293,40,0.55,Bot2,1,30,button,3862185672047346642,30,23
2293,40,0.55,Bot3,1,30,button,3862185672047346642,30,23
2293,40,0.55,Bot4,1,30,button,3862185672047346642,30,23
2294,40,0.55,Bot1,0,21,walked_into_fire,15738669377680958714,37,12
2294,40,0.55,Bot2,0,31,caught_by_fire,15738669377680958714,37,12
2294,40,0.55,Bot3,0,37,caught_by_fire,15738669377680958714,37,12
2294,40,0.55,Bot4,0,31,caught_by_fire,15738669377680958714,37,12
2295,40,0.55,Bot1,1,26,button,11440082380539445114,26,32
2295,40,0.55,Bot2,1,26,button,11440082380539445114,26,32
2295,40,0.55,Bot3,1,26,button,11440082380539445114,26,32
2295,40,0.55,Bot4,1,26,button,11440082380539445114,26,32
2296,40,0.55,Bot1,1,26,button,1274571532715482144,26,20
2296,40,0.55,Bot2,1,26,button,1274571532715482144,26,20
2296,40,0.55,Bot3,1,26,button,1274571532715482144,26,20
2296,40,0.55,Bot4,1,26,button,1274571532715482144,26,20
2297,40,0.55,Bot1,1,28,button,1326581640157533663,28,52
2297,40,0.55,Bot2,1,28,button,1326581640157533663,28,52
2297,40,0.55,Bot3,1,28,button,1326581640157533663,28,52
2297,40,0.55,Bot4,1,28,button,1326581640157533663,28,52
2298,40,0.55,Bot1,1,27,button,9671481587337995431,27,37
2298,40,0.55,Bot2,1,27,button,9671481587337995431,27,37
2298,40,0.55,Bot3,1,27,button,9671481587337995431,27,37
2298,40,0.55,Bot4,1,27,button,9671481587337995431,27,37
2299,40,0.55,Bot1,1,24,button,8136198849050246501,24,41
2299,40,0.55,Bot2,1,24,button,8136198849050246501,24,41
2299,40,0.55,Bot3,1,24,button,8136198849050246501,24,41
2299,40,0.55,Bot4,1,24,button,8136198849050246501,24,41
2300,40,0.55,Bot1,1,28,button,10002108740763968158,28,54
2300,40,0.55,Bot2,1,28,button,10002108740763968158,28,54
2300,40,0.55,Bot3,1,28,button,10002108740763968158,28,54
2300,40,0.55,Bot4,1,28,button,10002108740763968158,28,54
2301,40,0.55,Bot1,0,20,walked_into_fire,13155782477968920847,39,15
2301,40,0.55,Bot2,0,30,caught_by_fire,13155782477968920847,39,15
2301,40,0.55,Bot3,0,30,caught_by_fire,13155782477968920847,39,15
2301,40,0.55,Bot4,0,30,caught_by_fire,13155782477968920847,39,15
2302,40,0.55,Bot1,1,58,button,12010925548602815612,58,48
2302,40,0.55,Bot2,1,58,button,12010925548602815612,58,48
2302,40,0.55,Bot3,1,58,button,12010925548602815612,58,48
2302,40,0.55,Bot4,1,58,button,12010925548602815612,58,48
2303,40,0.55,Bot1,0,25,caught_by_fire,7518135664764936214,30,13
2303,40,0.55,Bot2,0,50,caught_by_fire,7518135664764936214,30,13
2303,40,0.55,Bot3,0,50,caught_by_fire,7518135664764936214,30,13
2303,40,0.55,Bot4,0,48,caught_by_fire,7518135664764936214,30,13
2304,40,0.55,Bot1,1,24,button,9961751648622826325,24,27
2304,40,0.55,Bot2,1,24,button,9961751648622826325,24,27
2304,40,0.55,Bot3,1,24,button,9961751648622826325,24,27
2304,40,0.55,Bot4,1,24,button,9961751648622826325,24,27
2305,40,0.55,Bot1,1,23,button,9026137753176056985,23,38
2305,40,0.55,Bot2,1,23,button,9026137753176056985,23,38
2305,40,0.55,Bot3,1,23,button,9026137753176056985,23,38
2305,40,0.55,Bot4,1,23,button,9026137753176056985,23,38
2306,40,0.55,Bot1,1,21,button,16699637291257806791,21,21
2306,40,0.55,Bot2,1,21,button,16699637291257806791,21,21
2306,40,0.55,Bot3,1,21,button,16699637291257806791,21,21
2306,40,0.55,Bot4,1,21,button,16699637291257806791,21,21
2307,40,0.55,Bot1,1,14,button,7537194339891078651,14,26
2307,40,0.55,Bot2,1,14,button,7537194339891078651,14,26
2307,40,0.55,Bot3,1,14,button,7537194339891078651,14,26
2307,40,0.55,Bot4,1,14,button,7537194339891078651,14,26
2308,40,0.55,Bot1,0,48,walked_into_fire,13266299632813497155,56,23
2308,40,0.55,Bot2,0,60,caught_by_fire,13266299632813497155,56,23
2308,40,0.55,Bot3,0,57,caught_by_fire,13266299632813497155,56,23
2308,40,0.55,Bot4,0,59,caught_by_fire,13266299632813497155,56,23
2309,40,0.55,Bot1,1,33,button,16060586269668898235,33,45
2309,40,0.55,Bot2,1,33,button,16060586269668898235,33,45
2309,40,0.55,Bot3,1,33,button,16060586269668898235,33,45
2309,40,0.55,Bot4,1,33,button,16060586269668898235,33,45
2310,40,0.55,Bot1,1,34,button,110396554329354884,34,29
2310,40,0.55,Bot2,1,34,button,110396554329354884,34,29
2310,40,0.55,Bot3,1,34,button,110396554329354884,34,29
2310,40,0.55,Bot4,1,34,button,110396554329354884,34,29
2311,40,0.55,Bot1,1,37,button,1179572278382573717,37,38
2311,40,0.55,Bot2,1,37,button,1179572278382573717,37,38
2311,40,0.55,Bot3,1,37,button,1179572278382573717,37,38
2311,40,0.55,Bot4,1,37,button,1179572278382573717,37,38
2312,40,0.55,Bot1,0,3,walked_into_fire,14481393502167287146,36,35
2312,40,0.55,Bot2,0,26,caught_by_fire,14481393502167287146,36,35
2312,40,0.55,Bot3,0,36,caught_by_fire,14481393502167287146,36,35
2312,40,0.55,Bot4,0,26,caught_by_fire,14481393502167287146,36,35
2313,40,0.55,Bot1,1,19,button,12502975199533405454,19,53
2313,40,0.55,Bot2,1,19,button,12502975199533405454,19,53
2313,40,0.55,Bot3,1,19,button,12502975199533405454,19,53
2313,40,0.55,Bot4,1,19,button,12502975199533405454,19,53
2314,40,0.55,Bot1,1,19,button,14626153481007179039,19,47
2314,40,0.55,Bot2,1,19,button,14626153481007179039,19,47
2314,40,0.55,Bot3,1,19,button,14626153481007179039,19,47
2314,40,0.55,Bot4,1,19,button,14626153481007179039,19,47
2315,40,0.55,Bot1,0,21,caught_by_fire,12887345047475239200,30,7
2315,40,0.55,Bot2,0,48,caught_by_fire,12887345047475239200,30,7
2315,40,0.55,Bot3,0,48,caught_by_fire,12887345047475239200,30,7
2315,40,0.55,Bot4,0,47,caught_by_fire,12887345047475239200,30,7
2316,40,0.55,Bot1,0,7,walked_into_fire,9671500848839951798,43,39
2316,40,0.55,Bot2,0,9,caught_by_fire,9671500848839951798,43,39
2316,40,0.55,Bot3,0,9,caught_by_fire,9671500848839951798,43,39
2316,40,0.55,Bot4,0,9,caught_by_fire,9671500848839951798,43,39
2317,40,0.55,Bot1,1,60,button,16817475574815397760,60,35
2317,40,0.55,Bot2,1,60,button,16817475574815397760,60,35
2317,40,0.55,Bot3,1,60,button,16817475574815397760,60,35
2317,40,0.55,Bot4,1,60,button,16817475574815397760,60,35
2318,40,0.55,Bot1,1,40,button,9361433909226382991,40,32
2318,40,0.55,Bot2,1,40,button,9361433909226382991,40,32
2318,40,0.55,Bot3,1,40,button,9361433909226382991,40,32
2318,40,0.55,Bot4,1,40,button,9361433909226382991,40,32
2319,40,0.55,Bot1,1,69,button,3732262336116640764,69,53
2319,40,0.55,Bot2,1,69,button,3732262336116640764,69,53
2319,40,0.55,Bot3,1,69,button,3732262336116640764,69,53
2319,40,0.55,Bot4,1,69,button,3732262336116640764,69,53
2320,40,0.55,Bot1,1,21,button,5445632688284674557,21,43
2320,40,0.55,Bot2,1,21,button,5445632688284674557,21,43
2320,40,0.55,Bot3,1,21,button,5445632688284674557,21,43
2320,40,0.55,Bot4,1,21,button,5445632688284674557,21,43
2321,40,0.55,Bot1,0,40,caught_by_fire,14076799259944385803,24,4
2321,40,0.55,Bot2,0,40,caught_by_fire,14076799259944385803,24,4
2321,40,0.55,Bot3,0,40,caught_by_fire,14076799259944385803,24,4
2321,40,0.55,Bot4,0,40,caught_by_fire,14076799259944385803,24,4
2322,40,0.55,Bot1,0,30,walked_into_fire,14100935910083268678,36,16
2322,40,0.55,Bot2,0,34,caught_by_fire,14100935910083268678,36,16
2322,40,0.55,Bot3,0,34,caught_by_fire,14100935910083268678,36,16
2322,40,0.55,Bot4,0,36,caught_by_fire,14100935910083268678,36,16
2323,40,0.55,Bot1,1,36,button,10188863135260271426,36,35
2323,40,0.55,Bot2,1,36,button,10188863135260271426,36,35
2323,40,0.55,Bot3,1,36,button,10188863135260271426,36,35
2323,40,0.55,Bot4,1,36,button,10188863135260271426,36,35
2324,40,0.55,Bot1,0,20,caught_by_fire,10708065352383189398,66,35
2324,40,0.55,Bot2,0,39,caught_by_fire,10708065352383189398,66,35
2324,40,0.55,Bot3,0,39,caught_by_fire,10708065352383189398,66,35
2324,40,0.55,Bot4,0,39,caught_by_fire,10708065352383189398,66,35
2325,40,0.55,Bot1,1,4,button,3663085794926681618,4,21
2325,40,0.55,Bot2,1,4,button,3663085794926681618,4,21
2325,40,0.55,Bot3,1,4,button,3663085794926681618,4,21
2325,40,0.55,Bot4,1,4,button,3663085794926681618,4,21
2326,40,0.55,Bot1,1,23,button,9990372612532636042,23,42
2326,40,0.55,Bot2,1,23,button,9990372612532636042,23,42
2326,40,0.55,Bot3,1,23,button,9990372612532636042,23,42
2326,40,0.55,Bot4,1,23,button,9990372612532636042,23,42
2327,40,0.55,Bot1,1,5,button,10197072496691120132,5,53
2327,40,0.55,Bot2,1,5,button,10197072496691120132,5,53
2327,40,0.55,Bot3,1,5,button,10197072496691120132,5,53
2327,40,0.55,Bot4,1,5,button,10197072496691120132,5,53
2328,40,0.55,Bot1,1,10,button,6903624986100727354,10,27
2328,40,0.55,Bot2,1,10,button,6903624986100727354,10,27
2328,40,0.55,Bot3,1,10,button,6903624986100727354,10,27
2328,40,0.55,Bot4,1,10,button,6903624986100727354,10,27
2329,40,0.55,Bot1,0,15,caught_by_fire,515994306536003288,19,4
2329,40,0.55,Bot2,0,28,caught_by_fire,515994306536003288,19,4
2329,40,0.55,Bot3,0,28,caught_by_fire,515994306536003288,19,4
2329,40,0.55,Bot4,0,27,caught_by_fire,515994306536003288,19,4
2330,40,0.55,Bot1,1,19,button,14142319971837660835,19,25
2330,40,0.55,Bot2,1,19,button,14142319971837660835,19,25
2330,40,0.55,Bot3,1,19,button,14142319971837660835,19,25
2330,40,0.55,Bot4,1,19,button,14142319971837660835,19,25
2331,40,0.55,Bot1,1,33,button,6579736146735561492,33,25
2331,40,0.55,Bot2,1,33,button,6579736146735561492,33,25
2331,40,0.55,Bot3,1,33,button,6579736146735561492,33,25
2331,40,0.55,Bot4,1,33,button,6579736146735561492,33,25
2332,40,0.55,Bot1,1,24,button,8589202344075840068,24,37
2332,40,0.55,Bot2,1,24,button,8589202344075840068,24,37
2332,40,0.55,Bot3,1,24,button,8589202344075840068,24,37
2332,40,0.55,Bot4,1,24,button,8589202344075840068,24,37
2333,40,0.55,Bot1,1,47,button,9002436318223877030,47,56
2333,40,0.55,Bot2,1,47,button,9002436318223877030,47,56
2333,40,0.55,Bot3,1,47,button,9002436318223877030,47,56
2333,40,0.55,Bot4,1,47,button,9002436318223877030,47,56
2334,40,0.55,Bot1,0,40,walked_into_fire,1061536501714145600,42,22
2334,40,0.55,Bot2,0,47,caught_by_fire,1061536501714145600,42,22
2334,40,0.55,Bot3,0,47,caught_by_fire,1061536501714145600,42,22
2334,40,0.55,Bot4,0,45,caught_by_fire,1061536501714145600,42,22
2335,40,0.55,Bot1,1,14,button,9684501082947990379,14,37
2335,40,0.55,Bot2,1,14,button,9684501082947990379,14,37
2335,40,0.55,Bot3,1,14,button,9684501082947990379,14,37
2335,40,0.55,Bot4,1,14,button,9684501082947990379,14,37
2336,40,0.55,Bot1,1,41,button,4297386197730261121,41,26
2336,40,0.55,Bot2,1,41,button,4297386197730261121,41,26
2336,40,0.55,Bot3,1,41,button,4297386197730261121,41,26
2336,40,0.55,Bot4,1,41,button,4297386197730261121,41,26
2337,40,0.55,Bot1,1,39,button,11207903236882193696,39,34
2337,40,0.55,Bot2,1,39,button,11207903236882193696,39,34
2337,40,0.55,Bot3,1,39,button,11207903236882193696,39,34
2337,40,0.55,Bot4,1,39,button,11207903236882193696,39,34
2338,40,0.55,Bot1,1,36,button,17032980417522218896,36,47
2338,40,0.55,Bot2,1,36,button,17032980417522218896,36,47
2338,40,0.55,Bot3,1,36,button,17032980417522218896,36,47
2338,40,0.55,Bot4,1,36,button,17032980417522218896,36,47
2339,40,0.55,Bot1,1,19,button,14186479132478047,19,49
2339,40,0.55,Bot2,1,19,button,14186479132478047,19,49
2339,40,0.55,Bot3,1,19,button,14186479132478047,19,49
2339,40,0.55,Bot4,1,19,button,14186479132478047,19,49
2340,40,0.55,Bot1,1,12,button,9287543396043841454,12,15
2340,40,0.55,Bot2,1,12,button,9287543396043841454,12,15
2340,40,0.55,Bot3,1,12,button,9287543396043841454,12,15
2340,40,0.55,Bot4,1,12,button,9287543396043841454,12,15
2341,40,0.55,Bot1,1,11,button,2557380328510171062,11,46
2341,40,0.55,Bot2,1,11,button,2557380328510171062,11,46
2341,40,0.55,Bot3,1,11,button,2557380328510171062,11,46
2341,40,0.55,Bot4,1,11,button,2557380328510171062,11,46
2342,40,0.55,Bot1,0,7,caught_by_fire,11313309601357979330,28,23
2342,40,0.55,Bot2,0,7,caught_by_fire,11313309601357979330,28,23
2342,40,0.55,Bot3,0,30,caught_by_fire,11313309601357979330,28,23
2342,40,0.55,Bot4,0,7,caught_by_fire,11313309601357979330,28,23
2343,40,0.55,Bot1,1,48,button,17778633735668392195,48,42
2343,40,0.55,Bot2,1,48,button,17778633735668392195,48,42
2343,40,0.55,Bot3,1,48,button,17778633735668392195,48,42
2343,40,0.55,Bot4,1,48,button,17778633735668392195,48,42
2344,40,0.55,Bot1,0,39,caught_by_fire,16562938370358644200,50,10
2344,40,0.55,Bot2,0,66,caught_by_fire,16562938370358644200,50,10
2344,40,0.55,Bot3,0,66,caught_by_fire,16562938370358644200,50,10
2344,40,0.55,Bot4,0,62,caught_by_fire,16562938370358644200,50,10
2345,40,0.55,Bot1,1,23,button,7501173082397198020,23,30
2345,40,0.55,Bot2,1,23,button,7501173082397198020,23,30
2345,40,0.55,Bot3,1,23,button,7501173082397198020,23,30
2345,40,0.55,Bot4,1,23,button,7501173082397198020,23,30
2346,40,0.55,Bot1,1,21,button,3032342535500531820,21,14
2346,40,0.55,Bot2,1,21,button,3032342535500531820,21,14
2346,40,0.55,Bot3,1,21,button,3032342535500531820,21,14
2346,40,0.55,Bot4,1,21,button,3032342535500531820,21,14
2347,40,0.55,Bot1,0,12,walked_into_fire,10661995640360452515,36,32
2347,40,0.55,Bot2,0,58,caught_by_fire,10661995640360452515,36,32
2347,40,0.55,Bot3,0,42,caught_by_fire,10661995640360452515,36,32
2347,40,0.55,Bot4,0,60,caught_by_fire,10661995640360452515,36,32
2348,40,0.55,Bot1,1,28,button,3348071847471173300,28,32
2348,40,0.55,Bot2,1,28,button,3348071847471173300,28,32
2348,40,0.55,Bot3,1,28,button,3348071847471173300,28,32
2348,40,0.55,Bot4,1,28,button,3348071847471173300,28,32
2349,40,0.55,Bot1,1,53,button,14039593733307005061,53,44
2349,40,0.55,Bot2,1,53,button,14039593733307005061,53,44
2349,40,0.55,Bot3,1,53,button,14039593733307005061,53,44
2349,40,0.55,Bot4,1,53,button,14039593733307005061,53,44
2350,40,0.55,Bot1,1,30,button,622140665141189992,30,43
2350,40,0.55,Bot2,1,30,button,622140665141189992,30,43
2350,40,0.55,Bot3,1,30,button,622140665141189992,30,43
2350,40,0.55,Bot4,1,30,button,622140665141189992,30,43
2351,40,0.55,Bot1,1,23,button,1618896909356147509,23,54
2351,40,0.55,Bot2,1,23,button,1618896909356147509,23,54
2351,40,0.55,Bot3,1,23,button,1618896909356147509,23,54
2351,40,0.55,Bot4,1,23,button,1618896909356147509,23,54
2352,40,0.55,Bot1,1,29,button,10373198205617771005,29,29
2352,40,0.55,Bot2,1,29,button,10373198205617771005,29,29
2352,40,0.55,Bot3,1,29,button,10373198205617771005,29,29
2352,40,0.55,Bot4,1,29,button,10373198205617771005,29,29
2353,40,0.55,Bot1,0,17,caught_by_fire,14115151919453745865,30,18
2353,40,0.55,Bot2,0,35,caught_by_fire,14115151919453745865,30,18
2353,40,0.55,Bot3,0,35,caught_by_fire,14115151919453745865,30,18
2353,40,0.55,Bot4,0,35,caught_by_fire,14115151919453745865,30,18
2354,40,0.55,Bot1,0,10,caught_by_fire,1957566951622187306,44,41
2354,40,0.55,Bot2,0,10,caught_by_fire,1957566951622187306,44,41
2354,40,0.55,Bot3,1,44,button,1957566951622187306,44,41
2354,40,0.55,Bot4,1,44,button,1957566951622187306,44,41
2355,40,0.55,Bot1,1,19,button,4965174993354214409,19,25
2355,40,0.55,Bot2,1,19,button,4965174993354214409,19,25
2355,40,0.55,Bot3,1,19,button,4965174993354214409,19,25
2355,40,0.55,Bot4,1,19,button,4965174993354214409,19,25
2356,40,0.55,Bot1,0,29,walked_into_fire,4028642820782556588,46,18
2356,40,0.55,Bot2,0,35,caught_by_fire,4028642820782556588,46,18
2356,40,0.55,Bot3,0,39,caught_by_fire,4028642820782556588,46,18
2356,40,0.55,Bot4,0,39,caught_by_fire,4028642820782556588,46,18
2357,40,0.55,Bot1,1,31,button,14058558673882164829,31,54
2357,40,0.55,Bot2,1,31,button,14058558673882164829,31,54
2357,40,0.55,Bot3,1,31,button,14058558673882164829,31,54
2357,40,0.55,Bot4,1,31,button,14058558673882164829,31,54
2358,40,0.55,Bot1,1,43,button,16825009706947106121,43,41
2358,40,0.55,Bot2,1,43,button,16825009706947106121,43,41
2358,40,0.55,Bot3,1,43,button,16825009706947106121,43,41
2358,40,0.55,Bot4,1,43,button,16825009706947106121,43,41
2359,40,0.55,Bot1,1,34,button,2586910913452069000,34,44
2359,40,0.55,Bot2,1,34,button,2586910913452069000,34,44
2359,40,0.55,Bot3,1,34,button,2586910913452069000,34,44
2359,40,0.55,Bot4,1,34,button,2586910913452069000,34,44
2360,40,0.55,Bot1,0,17,walked_into_fire,10041622063631711294,48,26
2360,40,0.55,Bot2,0,33,caught_by_fire,10041622063631711294,48,26
2360,40,0.55,Bot3,0,45,caught_by_fire,10041622063631711294,48,26
2360,40,0.55,Bot4,0,19,caught_by_fire,10041622063631711294,48,26
2361,40,0.55,Bot1,1,55,button,392398949530223555,55,37
2361,40,0.55,Bot2,1,55,button,392398949530223555,55,37
2361,40,0.55,Bot3,1,55,button,392398949530223555,55,37
2361,40,0.55,Bot4,1,55,button,392398949530223555,55,37
2362,40,0.55,Bot1,0,21,caught_by_fire,8963862581090408326,39,12
2362,40,0.55,Bot2,0,41,caught_by_fire,8963862581090408326,39,12
2362,40,0.55,Bot3,0,41,caught_by_fire,8963862581090408326,39,12
2362,40,0.55,Bot4,0,41,caught_by_fire,8963862581090408326,39,12
2363,40,0.55,Bot1,1,36,button,11397028259074818962,36,55
2363,40,0.55,Bot2,1,36,button,11397028259074818962,36,55
2363,40,0.55,Bot3,1,36,button,11397028259074818962,36,55
2363,40,0.55,Bot4,1,36,button,11397028259074818962,36,55
2364,40,0.55,Bot1,1,42,button,14538813494590138719,42,24
2364,40,0.55,Bot2,1,42,button,14538813494590138719,42,24
2364,40,0.55,Bot3,1,42,button,14538813494590138719,42,24
2364,40,0.55,Bot4,1,42,button,14538813494590138719,42,24
2365,40,0.55,Bot1,1,51,button,11813492886178252071,51,52
2365,40,0.55,Bot2,1,51,button,11813492886178252071,51,52
2365,40,0.55,Bot3,1,51,button,11813492886178252071,51,52
2365,40,0.55,Bot4,1,51,button,11813492886178252071,51,52
2366,40,0.55,Bot1,0,17,caught_by_fire,1882269571371878237,36,13
2366,40,0.55,Bot2,0,17,caught_by_fire,1882269571371878237,36,13
2366,40,0.55,Bot3,0,33,caught_by_fire,1882269571371878237,36,13
2366,40,0.55,Bot4,0,17,caught_by_fire,1882269571371878237,36,13
2367,40,0.55,Bot1,0,6,walked_into_fire,3512844184711198326,27,20
2367,40,0.55,Bot2,0,42,caught_by_fire,3512844184711198326,27,20
2367,40,0.55,Bot3,0,42,caught_by_fire,3512844184711198326,27,20
2367,40,0.55,Bot4,0,41,caught_by_fire,3512844184711198326,27,20
2368,40,0.55,Bot1,1,30,button,7054550402446037795,30,40
2368,40,0.55,Bot2,1,30,button,7054550402446037795,30,40
2368,40,0.55,Bot3,1,30,button,7054550402446037795,30,40
2368,40,0.55,Bot4,1,30,button,7054550402446037795,30,40
2369,40,0.55,Bot1,1,22,button,14737645724645492916,22,33
2369,40,0.55,Bot2,1,22,button,14737645724645492916,22,33
2369,40,0.55,Bot3,1,22,button,14737645724645492916,22,33
2369,40,0.55,Bot4,1,22,button,14737645724645492916,22,33
2370,40,0.55,Bot1,1,42,button,2440286288424531074,42,51
2370,40,0.55,Bot2,1,42,button,2440286288424531074,42,51
2370,40,0.55,Bot3,1,42,button,2440286288424531074,42,51
2370,40,0.55,Bot4,1,42,button,2440286288424531074,42,51
2371,40,0.55,Bot1,1,22,button,6551552843008323800,22,34
2371,40,0.55,Bot2,1,22,button,6551552843008323800,22,34
2371,40,0.55,Bot3,1,22,button,6551552843008323800,22,34
2371,40,0.55,Bot4,1,22,button,6551552843008323800,22,34
2372,40,0.55,Bot1,1,41,button,1848248539843683332,41,56
2372,40,0.55,Bot2,1,41,button,1848248539843683332,41,56
2372,40,0.55,Bot3,1,41,button,1848248539843683332,41,56
2372,40,0.55,Bot4,1,41,button,1848248539843683332,41,56
2373,40,0.55,Bot1,0,32,caught_by_fire,8160691014190394274,46,23
2373,40,0.55,Bot2,0,32,caught_by_fire,8160691014190394274,46,23
2373,40,0.55,Bot3,0,32,caught_by_fire,8160691014190394274,46,23
2373,40,0.55,Bot4,0,32,caught_by_fire,8160691014190394274,46,23
2374,40,0.55,Bot1,1,45,button,11299648727877136076,45,41
2374,40,0.55,Bot2,1,45,button,11299648727877136076,45,41
2374,40,0.55,Bot3,1,45,button,11299648727877136076,45,41
2374,40,0.55,Bot4,1,45,button,11299648727877136076,45,41
2375,40,0.55,Bot1,1,28,button,8968917537365293757,28,28
2375,40,0.55,Bot2,1,28,button,8968917537365293757,28,28
2375,40,0.55,Bot3,1,28,button,8968917537365293757,28,28
2375,40,0.55,Bot4,1,28,button,8968917537365293757,28,28
2376,40,0.55,Bot1,0,22,walked_into_fire,5520022673100036282,45,9
2376,40,0.55,Bot2,0,33,caught_by_fire,5520022673100036282,45,9
2376,40,0.55,Bot3,0,42,caught_by_fire,5520022673100036282,45,9
2376,40,0.55,Bot4,0,35,caught_by_fire,5520022673100036282,45,9
2377,40,0.55,Bot1,0,37,walked_into_fire,16740544476818722554,57,20
2377,40,0.55,Bot2,0,45,caught_by_fire,16740544476818722554,57,20
2377,40,0.55,Bot3,0,45,caught_by_fire,16740544476818722554,57,20
2377,40,0.55,Bot4,0,43,caught_by_fire,16740544476818722554,57,20
2378,40,0.55,Bot1,1,22,button,2319515603292154775,22,52
2378,40,0.55,Bot2,1,22,button,2319515603292154775,22,52
2378,40,0.55,Bot3,1,22,button,2319515603292154775,22,52
2378,40,0.55,Bot4,1,22,button,2319515603292154775,22,52
2379,40,0.55,Bot1,1,60,button,11851570040622695250,60,68
2379,40,0.55,Bot2,1,60,button,11851570040622695250,60,68
2379,40,0.55,Bot3,1,60,button,11851570040622695250,60,68
2379,40,0.55,Bot4,1,60,button,11851570040622695250,60,68
2380,40,0.55,Bot1,0,19,walked_into_fire,15542489576592725442,37,24
2380,40,0.55,Bot2,0,52,caught_by_fire,15542489576592725442,37,24
2380,40,0.55,Bot3,0,50,caught_by_fire,15542489576592725442,37,24
2380,40,0.55,Bot4,0,51,caught_by_fire,15542489576592725442,37,24
2381,40,0.55,Bot1,1,34,button,17915381344156139867,34,57
2381,40,0.55,Bot2,1,34,button,17915381344156139867,34,57
2381,40,0.55,Bot3,1,34,button,17915381344156139867,34,57
2381,40,0.55,Bot4,1,34,button,17915381344156139867,34,57
2382,40,0.55,Bot1,1,9,button,5933425431567836221,9,29
2382,40,0.55,Bot2,1,9,button,5933425431567836221,9,29
2382,40,0.55,Bot3,1,9,button,5933425431567836221,9,29
2382,40,0.55,Bot4,1,9,button,5933425431567836221,9,29
2383,40,0.55,Bot1,1,34,button,1299293537243484190,34,55
2383,40,0.55,Bot2,1,34,button,1299293537243484190,34,55
2383,40,0.55,Bot3,1,34,button,1299293537243484190,34,55
2383,40,0.55,Bot4,1,34,button,1299293537243484190,34,55
2384,40,0.55,Bot1,0,44,walked_into_fire,16270838097160542611,51,31
2384,40,0.55,Bot2,0,58,caught_by_fire,16270838097160542611,51,31
2384,40,0.55,Bot3,0,54,caught_by_fire,16270838097160542611,51,31
2384,40,0.55,Bot4,0,58,caught_by_fire,16270838097160542611,51,31
2385,40,0.55,Bot1,0,18,caught_by_fire,5591720009433735379,39,9
2385,40,0.55,Bot2,0,22,caught_by_fire,5591720009433735379,39,9
2385,40,0.55,Bot3,0,20,caught_by_fire,5591720009433735379,39,9
2385,40,0.55,Bot4,0,22,caught_by_fire,5591720009433735379,39,9
2386,40,0.55,Bot1,1,34,button,11590028851867567253,34,46
2386,40,0.55,Bot2,1,34,button,11590028851867567253,34,46
2386,40,0.55,Bot3,1,34,button,11590028851867567253,34,46
2386,40,0.55,Bot4,1,34,button,11590028851867567253,34,46
2387,40,0.55,Bot1,1,29,button,2497101435044908783,29,22
2387,40,0.55,Bot2,1,29,button,2497101435044908783,29,22
2387,40,0.55,Bot3,1,29,button,2497101435044908783,29,22
2387,40,0.55,Bot4,1,29,button,2497101435044908783,29,22
2388,40,0.55,Bot1,0,42,walked_into_fire,6031729054768866134,63,9
2388,40,0.55,Bot2,0,76,caught_by_fire,6031729054768866134,63,9
2388,40,0.55,Bot3,0,76,caught_by_fire,6031729054768866134,63,9
2388,40,0.55,Bot4,0,68,caught_by_fire,6031729054768866134,63,9
2389,40,0.55,Bot1,1,39,button,12909630004757795782,39,43
2389,40,0.55,Bot2,1,39,button,12909630004757795782,39,43
2389,40,0.55,Bot3,1,39,button,12909630004757795782,39,43
2389,40,0.55,Bot4,1,39,button,12909630004757795782,39,43
2390,40,0.55,Bot1,0,35,caught_by_fire,11881690916861319938,37,23
2390,40,0.55,Bot2,0,39,caught_by_fire,11881690916861319938,37,23
2390,40,0.55,Bot3,0,39,caught_by_fire,11881690916861319938,37,23
2390,40,0.55,Bot4,0,39,caught_by_fire,11881690916861319938,37,23
2391,40,0.55,Bot1,1,27,button,1957300860553854971,27,36
2391,40,0.55,Bot2,1,27,button,1957300860553854971,27,36
2391,40,0.55,Bot3,1,27,button,1957300860553854971,27,36
2391,40,0.55,Bot4,1,27,button,1957300860553854971,27,36
2392,40,0.55,Bot1,1,7,button,5243487727058962448,7,30
2392,40,0.55,Bot2,1,7,button,5243487727058962448,7,30
2392,40,0.55,Bot3,1,7,button,5243487727058962448,7,30
2392,40,0.55,Bot4,1,7,button,5243487727058962448,7,30
2393,40,0.55,Bot1,1,47,button,5541082448576421337,47,41
2393,40,0.55,Bot2,1,47,button,5541082448576421337,47,41
2393,40,0.55,Bot3,1,47,button,5541082448576421337,47,41
2393,40,0.55,Bot4,1,47,button,5541082448576421337,47,41
2394,40,0.55,Bot1,1,32,button,8987339901480531816,32,63
2394,40,0.55,Bot2,1,32,button,8987339901480531816,32,63
2394,40,0.55,Bot3,1,32,button,8987339901480531816,32,63
2394,40,0.55,Bot4,1,32,button,8987339901480531816,32,63
2395,40,0.55,Bot1,1,42,button,1408350700523225697,42,53
2395,40,0.55,Bot2,1,42,button,1408350700523225697,42,53
2395,40,0.55,Bot3,1,42,button,1408350700523225697,42,53
2395,40,0.55,Bot4,1,42,button,1408350700523225697,42,53
2396,40,0.55,Bot1,0,30,caught_by_fire,12738148819663176413,61,36
2396,40,0.55,Bot2,0,37,caught_by_fire,12738148819663176413,61,36
2396,40,0.55,Bot3,0,37,caught_by_fire,12738148819663176413,61,36
2396,40,0.55,Bot4,0,37,caught_by_fire,12738148819663176413,61,36
2397,40,0.55,Bot1,1,29,button,5409456152260895555,29,24
2397,40,0.55,Bot2,1,29,button,5409456152260895555,29,24
2397,40,0.55,Bot3,1,29,button,5409456152260895555,29,24
2397,40,0.55,Bot4,1,29,button,5409456152260895555,29,24
2398,40,0.55,Bot1,1,13,button,16409234522382865651,13,48
2398,40,0.55,Bot2,1,13,button,16409234522382865651,13,48
2398,40,0.55,Bot3,1,13,button,16409234522382865651,13,48
2398,40,0.55,Bot4,1,13,button,16409234522382865651,13,48
2399,40,0.55,Bot1,0,38,walked_into_fire,11996086360750222258,52,19
2399,40,0.55,Bot2,0,38,caught_by_fire,11996086360750222258,52,19
2399,40,0.55,Bot3,0,38,caught_by_fire,11996086360750222258,52,19
2399,40,0.55,Bot4,0,44,caught_by_fire,11996086360750222258,52,19
2400,40,0.60,Bot1,1,7,button,1753028130489276575,7,43
2400,40,0.60,Bot2,1,7,button,1753028130489276575,7,43
2400,40,0.60,Bot3,1,7,button,1753028130489276575,7,43
2400,40,0.60,Bot4,1,7,button,1753028130489276575,7,43
2401,40,0.60,Bot1,1,39,button,16409481225104534819,39,49
2401,40,0.60,Bot2,1,39,button,16409481225104534819,39,49
2401,40,0.60,Bot3,1,39,button,16409481225104534819,39,49
2401,40,0.60,Bot4,1,39,button,16409481225104534819,39,49
2402,40,0.60,Bot1,1,63,button,6386990602865704955,63,51
2402,40,0.60,Bot2,1,63,button,6386990602865704955,63,51
2402,40,0.60,Bot3,1,63,button,6386990602865704955,63,51
2402,40,0.60,Bot4,1,63,button,6386990602865704955,63,51
2403,40,0.60,Bot1,0,24,walked_into_fire,5760440313728119625,44,12
2403,40,0.60,Bot2,0,47,caught_by_fire,5760440313728119625,44,12
2403,40,0.60,Bot3,0,47,caught_by_fire,5760440313728119625,44,12
2403,40,0.60,Bot4,0,42,caught_by_fire,5760440313728119625,44,12
2404,40,0.60,Bot1,1,39,button,9747099446007398349,39,49
2404,40,0.60,Bot2,1,39,button,9747099446007398349,39,49
2404,40,0.60,Bot3,1,39,button,9747099446007398349,39,49
2404,40,0.60,Bot4,1,39,button,9747099446007398349,39,49
2405,40,0.60,Bot1,0,39,caught_by_fire,9794814198450323588,54,11
2405,40,0.60,Bot2,0,67,caught_by_fire,9794814198450323588,54,11
2405,40,0.60,Bot3,0,67,caught_by_fire,9794814198450323588,54,11
2405,40,0.60,Bot4,0,66,caught_by_fire,9794814198450323588,54,11
2406,40,0.60,Bot1,1,18,button,18329538151419351434,18,19
2406,40,0.60,Bot2,1,18,button,18329538151419351434,18,19
2406,40,0.60,Bot3,1,18,button,18329538151419351434,18,19
2406,40,0.60,Bot4,1,18,button,18329538151419351434,18,19
2407,40,0.60,Bot1,1,21,button,4852630151429432736,21,41
2407,40,0.60,Bot2,1,21,button,4852630151429432736,21,41
2407,40,0.60,Bot3,1,21,button,4852630151429432736,21,41
2407,40,0.60,Bot4,1,21,button,4852630151429432736,21,41
2408,40,0.60,Bot1,1,22,button,6675268678939191288,22,38
2408,40,0.60,Bot2,1,22,button,6675268678939191288,22,38
2408,40,0.60,Bot3,1,22,button,6675268678939191288,22,38
2408,40,0.60,Bot4,1,22,button,6675268678939191288,22,38
2409,40,0.60,Bot1,1,12,button,11525911906845563758,12,24
2409,40,0.60,Bot2,1,12,button,11525911906845563758,12,24
2409,40,0.60,Bot3,1,12,button,11525911906845563758,12,24
2409,40,0.60,Bot4,1,12,button,11525911906845563758,12,24
2410,40,0.60,Bot1,1,25,button,5950267157219253070,25,28
2410,40,0.60,Bot2,1,25,button,5950267157219253070,25,28
2410,40,0.60,Bot3,1,25,button,5950267157219253070,25,28
2410,40,0.60,Bot4,1,25,button,5950267157219253070,25,28
2411,40,0.60,Bot1,1,23,button,3006320995631910803,23,47
2411,40,0.60,Bot2,1,23,button,3006320995631910803,23,47
2411,40,0.60,Bot3,1,23,button,3006320995631910803,23,47
2411,40,0.60,Bot4,1,23,button,3006320995631910803,23,47
2412,40,0.60,Bot1,0,28,walked_into_fire,10175558387294447788,56,22
2412,40,0.60,Bot2,0,32,caught_by_fire,10175558387294447788,56,22
2412,40,0.60,Bot3,0,38,caught_by_fire,10175558387294447788,56,22
2412,40,0.60,Bot4,0,32,caught_by_fire,10175558387294447788,56,22
2413,40,0.60,Bot1,1,40,button,705767325591377657,40,47
2413,40,0.60,Bot2,1,40,button,705767325591377657,40,47
2413,40,0.60,Bot3,1,40,button,705767325591377657,40,47
2413,40,0.60,Bot4,1,40,button,705767325591377657,40,47
2414,40,0.60,Bot1,0,38,caught_by_fire,9458238905467099698,63,20
2414,40,0.60,Bot2,0,45,caught_by_fire,9458238905467099698,63,20
2414,40,0.60,Bot3,0,45,caught_by_fire,9458238905467099698,63,20
2414,40,0.60,Bot4,0,45,caught_by_fire,9458238905467099698,63,20
2415,40,0.60,Bot1,1,12,button,14027134444164115231,12,18
2415,40,0.60,Bot2,1,12,button,14027134444164115231,12,18
2415,40,0.60,Bot3,1,12,button,14027134444164115231,12,18
2415,40,0.60,Bot4,1,12,button,14027134444164115231,12,18
2416,40,0.60,Bot1,0,18,walked_into_fire,5327786338345106162,27,1
2416,40,0.60,Bot2,0,44,caught_by_fire,5327786338345106162,27,1
2416,40,0.60,Bot3,0,44,caught_by_fire,5327786338345106162,27,1
2416,40,0.60,Bot4,0,41,caught_by_fire,5327786338345106162,27,1
2417,40,0.60,Bot1,1,60,button,12554362637960387225,60,56
2417,40,0.60,Bot2,1,60,button,12554362637960387225,60,56
2417,40,0.60,Bot3,1,60,button,12554362637960387225,60,56
2417,40,0.60,Bot4,1,60,button,12554362637960387225,60,56
2418,40,0.60,Bot1,0,28,walked_into_fire,7731550508679657767,51,17
2418,40,0.60,Bot2,0,36,caught_by_fire,7731550508679657767,51,17
2418,40,0.60,Bot3,0,39,caught_by_fire,7731550508679657767,51,17
2418,40,0.60,Bot4,0,29,caught_by_fire,7731550508679657767,51,17
2419,40,0.60,Bot1,1,27,button,3561434170901158400,27,26
2419,40,0.60,Bot2,1,27,button,3561434170901158400,27,26
2419,40,0.60,Bot3,1,27,button,3561434170901158400,27,26
2419,40,0.60,Bot4,1,27,button,3561434170901158400,27,26
2420,40,0.60,Bot1,0,32,caught_by_fire,8020213217436053810,51,7
2420,40,0.60,Bot2,0,63,caught_by_fire,8020213217436053810,51,7
2420,40,0.60,Bot3,0,63,caught_by_fire,8020213217436053810,51,7
2420,40,0.60,Bot4,0,62,caught_by_fire,8020213217436053810,51,7
2421,40,0.60,Bot1,1,47,button,7967384841803721277,47,51
2421,40,0.60,Bot2,1,47,button,7967384841803721277,47,51
2421,40,0.60,Bot3,1,47,button,7967384841803721277,47,51
2421,40,0.60,Bot4,1,47,button,7967384841803721277,47,51
2422,40,0.60,Bot1,1,37,button,5437663119149739185,37,29
2422,40,0.60,Bot2,1,37,button,5437663119149739185,37,29
2422,40,0.60,Bot3,1,37,button,5437663119149739185,37,29
2422,40,0.60,Bot4,1,37,button,5437663119149739185,37,29
2423,40,0.60,Bot1,1,20,button,3456534891935764951,20,32
2423,40,0.60,Bot2,1,20,button,3456534891935764951,20,32
2423,40,0.60,Bot3,1,20,button,3456534891935764951,20,32
2423,40,0.60,Bot4,1,20,button,3456534891935764951,20,32
2424,40,0.60,Bot1,0,18,walked_into_fire,9344805897543814765,33,22
2424,40,0.60,Bot2,0,24,caught_by_fire,9344805897543814765,33,22
2424,40,0.60,Bot3,0,42,caught_by_fire,9344805897543814765,33,22
2424,40,0.60,Bot4,0,24,caught_by_fire,9344805897543814765,33,22
2425,40,0.60,Bot1,1,21,button,2466524388637226114,21,41
2425,40,0.60,Bot2,1,21,button,2466524388637226114,21,41
2425,40,0.60,Bot3,1,21,button,2466524388637226114,21,41
2425,40,0.60,Bot4,1,21,button,2466524388637226114,21,41
2426,40,0.60,Bot1,1,8,button,436425058945905118,8,26
2426,40,0.60,Bot2,1,8,button,436425058945905118,8,26
2426,40,0.60,Bot3,1,8,button,436425058945905118,8,26
2426,40,0.60,Bot4,1,8,button,436425058945905118,8,26
2427,40,0.60,Bot1,1,18,button,5954325283340500539,18,21
2427,40,0.60,Bot2,1,18,button,5954325283340500539,18,21
2427,40,0.60,Bot3,1,18,button,5954325283340500539,18,21
2427,40,0.60,Bot4,1,18,button,5954325283340500539,18,21
2428,40,0.60,Bot1,1,61,button,11994446528056454630,61,66
2428,40,0.60,Bot2,1,61,button,11994446528056454630,61,66
2428,40,0.60,Bot3,1,61,button,11994446528056454630,61,66
2428,40,0.60,Bot4,1,61,button,11994446528056454630,61,66
2429,40,0.60,Bot1,1,56,button,11616575764130020594,56,55
2429,40,0.60,Bot2,1,56,button,11616575764130020594,56,55
2429,40,0.60,Bot3,1,56,button,11616575764130020594,56,55
2429,40,0.60,Bot4,1,56,button,11616575764130020594,56,55
2430,40,0.60,Bot1,1,17,button,4577061192719579467,17,41
2430,40,0.60,Bot2,1,17,button,4577061192719579467,17,41
2430,40,0.60,Bot3,1,17,button,4577061192719579467,17,41
2430,40,0.60,Bot4,1,17,button,4577061192719579467,17,41
2431,40,0.60,Bot1,1,48,button,18413199865365997945,48,60
2431,40,0.60,Bot2,1,48,button,18413199865365997945,48,60
2431,40,0.60,Bot3,1,48,button,18413199865365997945,48,60
2431,40,0.60,Bot4,1,48,button,18413199865365997945,48,60
2432,40,0.60,Bot1,1,57,button,1447576317910499577,57,50
2432,40,0.60,Bot2,1,57,button,1447576317910499577,57,50
2432,40,0.60,Bot3,1,57,button,1447576317910499577,57,50
2432,40,0.60,Bot4,1,57,button,1447576317910499577,57,50
2433,40,0.60,Bot1,1,30,button,4969917038436493902,30,54
2433,40,0.60,Bot2,1,30,button,4969917038436493902,30,54
2433,40,0.60,Bot3,1,30,button,4969917038436493902,30,54
2433,40,0.60,Bot4,1,30,button,4969917038436493902,30,54
2434,40,0.60,Bot1,0,37,walked_into_fire,2436043558361154969,49,12
2434,40,0.60,Bot2,0,43,caught_by_fire,2436043558361154969,49,12
2434,40,0.60,Bot3,0,43,caught_by_fire,2436043558361154969,49,12
2434,40,0.60,Bot4,0,41,caught_by_fire,2436043558361154969,49,12
2435,40,0.60,Bot1,1,1,button,11668332048687954075,1,54
2435,40,0.60,Bot2,1,1,button,11668332048687954075,1,54
2435,40,0.60,Bot3,1,1,button,11668332048687954075,1,54
2435,40,0.60,Bot4,1,1,button,11668332048687954075,1,54
2436,40,0.60,Bot1,1,31,button,4477789515622295193,31,56
2436,40,0.60,Bot2,1,31,button,4477789515622295193,31,56
2436,40,0.60,Bot3,1,31,button,4477789515622295193,31,56
2436,40,0.60,Bot4,1,31,button,4477789515622295193,31,56
2437,40,0.60,Bot1,1,25,button,18319709414671832916,25,20
2437,40,0.60,Bot2,1,25,button,18319709414671832916,25,20
2437,40,0.60,Bot3,1,25,button,18319709414671832916,25,20
2437,40,0.60,Bot4,1,25,button,18319709414671832916,25,20
2438,40,0.60,Bot1,0,21,walked_into_fire,13166524434476431244,44,26
2438,40,0.60,Bot2,0,45,caught_by_fire,13166524434476431244,44,26
2438,40,0.60,Bot3,0,45,caught_by_fire,13166524434476431244,44,26
2438,40,0.60,Bot4,0,47,caught_by_fire,13166524434476431244,44,26
2439,40,0.60,Bot1,1,29,button,6589824830272353959,29,62
2439,40,0.60,Bot2,1,29,button,6589824830272353959,29,62
2439,40,0.60,Bot3,1,29,button,6589824830272353959,29,62
2439,40,0.60,Bot4,1,29,button,6589824830272353959,29,62
2440,40,0.60,Bot1,1,20,button,5177632112354196866,20,30
2440,40,0.60,Bot2,1,20,button,5177632112354196866,20,30
2440,40,0.60,Bot3,1,20,button,5177632112354196866,20,30
2440,40,0.60,Bot4,1,20,button,5177632112354196866,20,30
2441,40,0.60,Bot1,1,42,button,4704794266627037097,42,38
2441,40,0.60,Bot2,1,42,button,4704794266627037097,42,38
2441,40,0.60,Bot3,1,42,button,4704794266627037097,42,38
2441,40,0.60,Bot4,1,42,button,4704794266627037097,42,38
2442,40,0.60,Bot1,1,24,button,9259262436822387948,24,25
2442,40,0.60,Bot2,1,24,button,9259262436822387948,24,25
2442,40,0.60,Bot3,1,24,button,9259262436822387948,24,25
2442,40,0.60,Bot4,1,24,button,9259262436822387948,24,25
2443,40,0.60,Bot1,1,41,button,6001616924436957920,41,40
2443,40,0.60,Bot2,1,41,button,6001616924436957920,41,40
2443,40,0.60,Bot3,1,41,button,6001616924436957920,41,40
2443,40,0.60,Bot4,1,41,button,6001616924436957920,41,40
2444,40,0.60,Bot1,0,50,caught_by_fire,15301747723160041397,38,2
2444,40,0.60,Bot2,0,50,caught_by_fire,15301747723160041397,38,2
2444,40,0.60,Bot3,0,50,caught_by_fire,15301747723160041397,38,2
2444,40,0.60,Bot4,0,50,caught_by_fire,15301747723160041397,38,2
2445,40,0.60,Bot1,1,23,button,12573359153276735716,23,23
2445,40,0.60,Bot2,1,23,button,12573359153276735716,23,23
2445,40,0.60,Bot3,1,23,button,12573359153276735716,23,23
2445,40,0.60,Bot4,1,23,button,12573359153276735716,23,23
2446,40,0.60,Bot1,0,13,caught_by_fire,7435995783161809250,39,21
2446,40,0.60,Bot2,0,13,caught_by_fire,7435995783161809250,39,21
2446,40,0.60,Bot3,0,40,caught_by_fire,7435995783161809250,39,21
2446,40,0.60,Bot4,0,13,caught_by_fire,7435995783161809250,39,21
2447,40,0.60,Bot1,1,14,button,7919376456275224993,14,67
2447,40,0.60,Bot2,1,14,button,7919376456275224993,14,67
2447,40,0.60,Bot3,1,14,button,7919376456275224993,14,67
2447,40,0.60,Bot4,1,14,button,7919376456275224993,14,67
2448,40,0.60,Bot1,1,12,button,9014346406459044799,12,30
2448,40,0.60,Bot2,1,12,button,9014346406459044799,12,30
2448,40,0.60,Bot3,1,12,button,9014346406459044799,12,30
2448,40,0.60,Bot4,1,12,button,9014346406459044799,12,30
2449,40,0.60,Bot1,1,16,button,15912828649749769808,16,34
2449,40,0.60,Bot2,1,16,button,15912828649749769808,16,34
2449,40,0.60,Bot3,1,16,button,15912828649749769808,16,34
2449,40,0.60,Bot4,1,16,button,15912828649749769808,16,34
2450,40,0.60,Bot1,1,26,button,14800259454848366278,26,18
2450,40,0.60,Bot2,1,26,button,14800259454848366278,26,18
2450,40,0.60,Bot3,1,26,button,14800259454848366278,26,18
2450,40,0.60,Bot4,1,26,button,14800259454848366278,26,18
2451,40,0.60,Bot1,0,7,walked_into_fire,13785844331994969403,72,59
2451,40,0.60,Bot2,0,17,caught_by_fire,13785844331994969403,72,59
2451,40,0.60,Bot3,0,44,caught_by_fire,13785844331994969403,72,59
2451,40,0.60,Bot4,0,17,caught_by_fire,13785844331994969403,72,59
2452,40,0.60,Bot1,1,17,button,10807107807580423826,17,60
2452,40,0.60,Bot2,1,17,button,10807107807580423826,17,60
2452,40,0.60,Bot3,1,17,button,10807107807580423826,17,60
2452,40,0.60,Bot4,1,17,button,10807107807580423826,17,60
2453,40,0.60,Bot1,1,17,button,4453148183624690707,17,18
2453,40,0.60,Bot2,1,17,button,4453148183624690707,17,18
2453,40,0.60,Bot3,1,17,button,4453148183624690707,17,18
2453,40,0.60,Bot4,1,17,button,4453148183624690707,17,18
2454,40,0.60,Bot1,1,23,button,13841678171451800766,23,37
2454,40,0.60,Bot2,1,23,button,13841678171451800766,23,37
2454,40,0.60,Bot3,1,23,button,13841678171451800766,23,37
2454,40,0.60,Bot4,1,23,button,13841678171451800766,23,37
2455,40,0.60,Bot1,1,41,button,9142900680811663042,41,41
2455,40,0.60,Bot2,1,41,button,9142900680811663042,41,41
2455,40,0.60,Bot3,1,41,button,9142900680811663042,41,41
2455,40,0.60,Bot4,1,41,button,9142900680811663042,41,41
2456,40,0.60,Bot1,0,39,walked_into_fire,18406548028799746959,47,12
2456,40,0.60,Bot2,0,72,caught_by_fire,18406548028799746959,47,12
2456,40,0.60,Bot3,0,72,caught_by_fire,18406548028799746959,47,12
2456,40,0.60,Bot4,0,70,caught_by_fire,18406548028799746959,47,12
2457,40,0.60,Bot1,1,22,button,18281375472271991816,22,33
2457,40,0.60,Bot2,1,22,button,18281375472271991816,22,33
2457,40,0.60,Bot3,1,22,button,18281375472271991816,22,33
2457,40,0.60,Bot4,1,22,button,18281375472271991816,22,33
2458,40,0.60,Bot1,1,14,button,17043825673995762866,14,23
2458,40,0.60,Bot2,1,14,button,17043825673995762866,14,23
2458,40,0.60,Bot3,1,14,button,17043825673995762866,14,23
2458,40,0.60,Bot4,1,14,button,17043825673995762866,14,23
2459,40,0.60,Bot1,1,9,button,18196922956205564128,9,21
2459,40,0.60,Bot2,1,9,button,18196922956205564128,9,21
2459,40,0.60,Bot3,1,9,button,18196922956205564128,9,21
2459,40,0.60,Bot4,1,9,button,18196922956205564128,9,21
2460,40,0.60,Bot1,1,30,button,6565951439355458717,30,29
2460,40,0.60,Bot2,1,30,button,6565951439355458717,30,29
2460,40,0.60,Bot3,1,30,button,6565951439355458717,30,29
2460,40,0.60,Bot4,1,30,button,6565951439355458717,30,29
2461,40,0.60,Bot1,0,16,walked_into_fire,12266410422780913282,36,26
2461,40,0.60,Bot2,0,29,caught_by_fire,12266410422780913282,36,26
2461,40,0.60,Bot3,0,33,caught_by_fire,12266410422780913282,36,26
2461,40,0.60,Bot4,0,29,caught_by_fire,12266410422780913282,36,26
2462,40,0.60,Bot1,1,38,button,12252664986322315282,38,49
2462,40,0.60,Bot2,1,38,button,12252664986322315282,38,49
2462,40,0.60,Bot3,1,38,button,12252664986322315282,38,49
2462,40,0.60,Bot4,1,38,button,12252664986322315282,38,49
2463,40,0.60,Bot1,1,71,button,9742655688881510573,71,82
2463,40,0.60,Bot2,1,71,button,9742655688881510573,71,82
2463,40,0.60,Bot3,1,71,button,9742655688881510573,71,82
2463,40,0.60,Bot4,1,71,button,9742655688881510573,71,82
2464,40,0.60,Bot1,0,35,walked_into_fire,11825208034002380095,64,18
2464,40,0.60,Bot2,0,63,caught_by_fire,11825208034002380095,64,18
2464,40,0.60,Bot3,0,63,caught_by_fire,11825208034002380095,64,18
2464,40,0.60,Bot4,0,65,caught_by_fire,11825208034002380095,64,18
2465,40,0.60,Bot1,0,32,walked_into_fire,6517010488297104105,38,14
2465,40,0.60,Bot2,0,46,caught_by_fire,6517010488297104105,38,14
2465,40,0.60,Bot3,0,46,caught_by_fire,6517010488297104105,38,14
2465,40,0.60,Bot4,0,46,caught_by_fire,6517010488297104105,38,14
2466,40,0.60,Bot1,1,10,button,16260686548488617252,10,13
2466,40,0.60,Bot2,1,10,button,16260686548488617252,10,13
2466,40,0.60,Bot3,1,10,button,16260686548488617252,10,13
2466,40,0.60,Bot4,1,10,button,16260686548488617252,10,13
2467,40,0.60,Bot1,1,13,button,17575478496511411603,13,53
2467,40,0.60,Bot2,1,13,button,17575478496511411603,13,53
2467,40,0.60,Bot3,1,13,button,17575478496511411603,13,53
2467,40,0.60,Bot4,1,13,button,17575478496511411603,13,53
2468,40,0.60,Bot1,1,38,button,6830368247070964508,38,39
2468,40,0.60,Bot2,1,38,button,6830368247070964508,38,39
2468,40,0.60,Bot3,1,38,button,6830368247070964508,38,39
2468,40,0.60,Bot4,1,38,button,6830368247070964508,38,39
2469,40,0.60,Bot1,0,28,caught_by_fire,1033947148349125839,39,14
2469,40,0.60,Bot2,0,48,caught_by_fire,1033947148349125839,39,14
2469,40,0.60,Bot3,0,48,caught_by_fire,1033947148349125839,39,14
2469,40,0.60,Bot4,0,48,caught_by_fire,1033947148349125839,39,14
2470,40,0.60,Bot1,0,5,walked_into_fire,8879010400153020082,20,15
2470,40,0.60,Bot2,0,26,caught_by_fire,8879010400153020082,20,15
2470,40,0.60,Bot3,0,26,caught_by_fire,8879010400153020082,20,15
2470,40,0.60,Bot4,0,27,caught_by_fire,8879010400153020082,20,15
2471,40,0.60,Bot1,1,34,button,14276318387800604981,34,72
2471,40,0.60,Bot2,1,34,button,14276318387800604981,34,72
2471,40,0.60,Bot3,1,34,button,14276318387800604981,34,72
2471,40,0.60,Bot4,1,34,button,14276318387800604981,34,72
2472,40,0.60,Bot1,1,35,button,9647004721767870685,35,44
2472,40,0.60,Bot2,1,35,button,9647004721767870685,35,44
2472,40,0.60,Bot3,1,35,button,9647004721767870685,35,44
2472,40,0.60,Bot4,1,35,button,9647004721767870685,35,44
2473,40,0.60,Bot1,1,35,button,904887543596241323,35,38
2473,40,0.60,Bot2,1,35,button,904887543596241323,35,38
2473,40,0.60,Bot3,1,35,button,904887543596241323,35,38
2473,40,0.60,Bot4,1,35,button,904887543596241323,35,38
2474,40,0.60,Bot1,0,3,caught_by_fire,11140738381925458762,35,34
2474,40,0.60,Bot2,0,21,caught_by_fire,11140738381925458762,35,34
2474,40,0.60,Bot3,0,55,caught_by_fire,11140738381925458762,35,34
2474,40,0.60,Bot4,0,21,caught_by_fire,11140738381925458762,35,34
2475,40,0.60,Bot1,1,20,button,6513445736283083090,20,35
2475,40,0.60,Bot2,1,20,button,6513445736283083090,20,35
2475,40,0.60,Bot3,1,20,button,6513445736283083090,20,35
2475,40,0.60,Bot4,1,20,button,6513445736283083090,20,35
2476,40,0.60,Bot1,0,18,walked_into_fire,11047781463810782318,20,9
2476,40,0.60,Bot2,0,23,caught_by_fire,11047781463810782318,20,9
2476,40,0.60,Bot3,0,23,caught_by_fire,11047781463810782318,20,9
2476,40,0.60,Bot4,0,21,caught_by_fire,11047781463810782318,20,9
2477,40,0.60,Bot1,1,37,button,3523733858196646052,37,44
2477,40,0.60,Bot2,1,37,button,3523733858196646052,37,44
2477,40,0.60,Bot3,1,37,button,3523733858196646052,37,44
2477,40,0.60,Bot4,1,37,button,3523733858196646052,37,44
2478,40,0.60,Bot1,0,9,walked_into_fire,9364907107322524689,45,35
2478,40,0.60,Bot2,0,14,caught_by_fire,9364907107322524689,45,35
2478,40,0.60,Bot3,0,15,caught_by_fire,9364907107322524689,45,35
2478,40,0.60,Bot4,0,14,caught_by_fire,9364907107322524689,45,35
2479,40,0.60,Bot1,0,11,caught_by_fire,12340472599628214804,28,11
2479,40,0.60,Bot2,0,13,caught_by_fire,12340472599628214804,28,11
2479,40,0.60,Bot3,0,13,caught_by_fire,12340472599628214804,28,11
2479,40,0.60,Bot4,0,13,caught_by_fire,12340472599628214804,28,11
2480,40,0.60,Bot1,1,18,button,2344081108199753561,18,23
2480,40,0.60,Bot2,1,18,button,2344081108199753561,18,23
2480,40,0.60,Bot3,1,18,button,2344081108199753561,18,23
2480,40,0.60,Bot4,1,18,button,2344081108199753561,18,23
2481,40,0.60,Bot1,1,16,button,17889118865988065504,16,27
2481,40,0.60,Bot2,1,16,button,17889118865988065504,16,27
2481,40,0.60,Bot3,1,16,button,17889118865988065504,16,27
2481,40,0.60,Bot4,1,16,button,17889118865988065504,16,27
2482,40,0.60,Bot1,1,41,button,7656882170241832146,41,28
2482,40,0.60,Bot2,1,41,button,7656882170241832146,41,28
2482,40,0.60,Bot3,1,41,button,7656882170241832146,41,28
2482,40,0.60,Bot4,1,41,button,7656882170241832146,41,28
2483,40,0.60,Bot1,0,27,caught_by_fire,14207334112167207199,45,18
2483,40,0.60,Bot2,0,54,caught_by_fire,14207334112167207199,45,18
2483,40,0.60,Bot3,0,54,caught_by_fire,14207334112167207199,45,18
2483,40,0.60,Bot4,0,55,caught_by_fire,14207334112167207199,45,18
2484,40,0.60,Bot1,1,26,button,18129364433355090545,26,39
2484,40,0.60,Bot2,1,26,button,18129364433355090545,26,39
2484,40,0.60,Bot3,1,26,button,18129364433355090545,26,39
2484,40,0.60,Bot4,1,26,button,18129364433355090545,26,39
2485,40,0.60,Bot1,1,22,button,6099549154486203089,22,48
2485,40,0.60,Bot2,1,22,button,6099549154486203089,22,48
2485,40,0.60,Bot3,1,22,button,6099549154486203089,22,48
2485,40,0.60,Bot4,1,22,button,6099549154486203089,22,48
2486,40,0.60,Bot1,1,23,button,6992748003456806726,23,54
2486,40,0.60,Bot2,1,23,button,6992748003456806726,23,54
2486,40,0.60,Bot3,1,23,button,6992748003456806726,23,54
2486,40,0.60,Bot4,1,23,button,6992748003456806726,23,54
2487,40,0.60,Bot1,1,37,button,70902300197016042,37,48
2487,40,0.60,Bot2,1,37,button,70902300197016042,37,48
2487,40,0.60,Bot3,1,37,button,70902300197016042,37,48
2487,40,0.60,Bot4,1,37,button,70902300197016042,37,48
2488,40,0.60,Bot1,0,23,walked_into_fire,7266734139371420651,53,18
2488,40,0.60,Bot2,0,32,caught_by_fire,7266734139371420651,53,18
2488,40,0.60,Bot3,0,32,caught_by_fire,7266734139371420651,53,18
2488,40,0.60,Bot4,0,32,caught_by_fire,7266734139371420651,53,18
2489,40,0.60,Bot1,0,43,walked_into_fire,17970745403850327233,47,22
2489,40,0.60,Bot2,0,52,caught_by_fire,17970745403850327233,47,22
2489,40,0.60,Bot3,0,52,caught_by_fire,17970745403850327233,47,22
2489,40,0.60,Bot4,0,51,caught_by_fire,17970745403850327233,47,22
2490,40,0.60,Bot1,1,26,button,7330477555829343028,26,32
2490,40,0.60,Bot2,1,26,button,7330477555829343028,26,32
2490,40,0.60,Bot3,1,26,button,7330477555829343028,26,32
2490,40,0.60,Bot4,1,26,button,7330477555829343028,26,32
2491,40,0.60,Bot1,0,16,walked_into_fire,9871983468930987304,61,49
2491,40,0.60,Bot2,0,17,caught_by_fire,9871983468930987304,61,49
2491,40,0.60,Bot3,0,17,caught_by_fire,9871983468930987304,61,49
2491,40,0.60,Bot4,0,17,caught_by_fire,9871983468930987304,61,49
2492,40,0.60,Bot1,1,21,button,4282514004765608823,21,19
2492,40,0.60,Bot2,1,21,button,4282514004765608823,21,19
2492,40,0.60,Bot3,1,21,button,4282514004765608823,21,19
2492,40,0.60,Bot4,1,21,button,4282514004765608823,21,19
2493,40,0.60,Bot1,1,25,button,13309632845744074769,25,48
2493,40,0.60,Bot2,1,25,button,13309632845744074769,25,48
2493,40,0.60,Bot3,1,25,button,13309632845744074769,25,48
2493,40,0.60,Bot4,1,25,button,13309632845744074769,25,48
2494,40,0.60,Bot1,0,15,caught_by_fire,1912491235129778267,44,25
2494,40,0.60,Bot2,0,38,caught_by_fire,1912491235129778267,44,25
2494,40,0.60,Bot3,0,46,caught_by_fire,1912491235129778267,44,25
2494,40,0.60,Bot4,0,40,caught_by_fire,1912491235129778267,44,25
2495,40,0.60,Bot1,1,36,button,6022823101776616737,36,46
2495,40,0.60,Bot2,1,36,button,6022823101776616737,36,46
2495,40,0.60,Bot3,1,36,button,6022823101776616737,36,46
2495,40,0.60,Bot4,1,36,button,6022823101776616737,36,46
2496,40,0.60,Bot1,0,38,walked_into_fire,7501391338571893220,53,32
2496,40,0.60,Bot2,0,48,caught_by_fire,7501391338571893220,53,32
2496,40,0.60,Bot3,0,57,caught_by_fire,7501391338571893220,53,32
2496,40,0.60,Bot4,0,49,caught_by_fire,7501391338571893220,53,32
2497,40,0.60,Bot1,0,28,walked_into_fire,6843488821239926725,50,14
2497,40,0.60,Bot2,0,35,caught_by_fire,6843488821239926725,50,14
2497,40,0.60,Bot3,0,35,caught_by_fire,6843488821239926725,50,14
2497,40,0.60,Bot4,0,39,caught_by_fire,6843488821239926725,50,14
2498,40,0.60,Bot1,1,20,button,8735575297656310033,20,27
2498,40,0.60,Bot2,1,20,button,8735575297656310033,20,27
2498,40,0.60,Bot3,1,20,button,8735575297656310033,20,27
2498,40,0.60,Bot4,1,20,button,8735575297656310033,20,27
2499,40,0.60,Bot1,1,14,button,9963805296772342561,14,16
2499,40,0.60,Bot2,1,14,button,9963805296772342561,14,16
2499,40,0.60,Bot3,1,14,button,9963805296772342561,14,16
2499,40,0.60,Bot4,1,14,button,9963805296772342561,14,16
2500,40,0.60,Bot1,1,16,button,4606502072346459096,16,47
2500,40,0.60,Bot2,1,16,button,4606502072346459096,16,47
2500,40,0.60,Bot3,1,16,button,4606502072346459096,16,47
2500,40,0.60,Bot4,1,16,button,4606502072346459096,16,47
2501,40,0.60,Bot1,1,43,button,3771551770814986414,43,35
2501,40,0.60,Bot2,1,43,button,3771551770814986414,43,35
2501,40,0.60,Bot3,1,43,button,3771551770814986414,43,35
2501,40,0.60,Bot4,1,43,button,3771551770814986414,43,35
2502,40,0.60,Bot1,1,16,button,11670749996513540482,16,10
2502,40,0.60,Bot2,1,16,button,11670749996513540482,16,10
2502,40,0.60,Bot3,1,16,button,11670749996513540482,16,10
2502,40,0.60,Bot4,1,16,button,11670749996513540482,16,10
2503,40,0.60,Bot1,1,30,button,9849090909723601017,30,30
2503,40,0.60,Bot2,1,30,button,9849090909723601017,30,30
2503,40,0.60,Bot3,1,30,button,9849090909723601017,30,30
2503,40,0.60,Bot4,1,30,button,9849090909723601017,30,30
2504,40,0.60,Bot1,0,7,walked_into_fire,2346341325065951586,53,42
2504,40,0.60,Bot2,0,15,caught_by_fire,2346341325065951586,53,42
2504,40,0.60,Bot3,0,15,caught_by_fire,2346341325065951586,53,42
2504,40,0.60,Bot4,0,15,caught_by_fire,2346341325065951586,53,42
2505,40,0.60,Bot1,0,28,caught_by_fire,6595866800205821677,46,32
2505,40,0.60,Bot2,0,34,caught_by_fire,6595866800205821677,46,32
2505,40,0.60,Bot3,0,35,caught_by_fire,6595866800205821677,46,32
2505,40,0.60,Bot4,0,27,caught_by_fire,6595866800205821677,46,32
2506,40,0.60,Bot1,0,26,caught_by_fire,6078619263029166773,29,17
2506,40,0.60,Bot2,0,29,caught_by_fire,6078619263029166773,29,17
2506,40,0.60,Bot3,0,29,caught_by_fire,6078619263029166773,29,17
2506,40,0.60,Bot4,0,29,caught_by_fire,6078619263029166773,29,17
2507,40,0.60,Bot1,1,23,button,12064031385488696694,23,27
2507,40,0.60,Bot2,1,23,button,12064031385488696694,23,27
2507,40,0.60,Bot3,1,23,button,12064031385488696694,23,27
2507,40,0.60,Bot4,1,23,button,12064031385488696694,23,27
2508,40,0.60,Bot1,1,43,button,7674113604412394718,43,37
2508,40,0.60,Bot2,1,43,button,7674113604412394718,43,37
2508,40,0.60,Bot3,1,43,button,7674113604412394718,43,37
2508,40,0.60,Bot4,1,43,button,7674113604412394718,43,37
2509,40,0.60,Bot1,0,3,caught_by_fire,7434875332846280293,49,43
2509,40,0.60,Bot2,0,3,caught_by_fire,7434875332846280293,49,43
2509,40,0.60,Bot3,0,76,caught_by_fire,7434875332846280293,49,43
2509,40,0.60,Bot4,0,3,caught_by_fire,7434875332846280293,49,43
2510,40,0.60,Bot1,0,20,caught_by_fire,17372606487015139409,48,40
2510,40,0.60,Bot2,0,67,caught_by_fire,17372606487015139409,48,40
2510,40,0.60,Bot3,1,64,button,17372606487015139409,48,40
2510,40,0.60,Bot4,0,68,caught_by_fire,17372606487015139409,48,40
2511,40,0.60,Bot1,0,11,walked_into_fire,2517837022896825286,44,36
2511,40,0.60,Bot2,0,39,caught_by_fire,2517837022896825286,44,36
2511,40,0.60,Bot3,0,39,caught_by_fire,2517837022896825286,44,36
2511,40,0.60,Bot4,0,39,caught_by_fire,2517837022896825286,44,36
2512,40,0.60,Bot1,1,14,button,10586760791154852716,14,18
2512,40,0.60,Bot2,1,14,button,10586760791154852716,14,18
2512,40,0.60,Bot3,1,14,button,10586760791154852716,14,18
2512,40,0.60,Bot4,1,14,button,10586760791154852716,14,18
2513,40,0.60,Bot1,0,36,caught_by_fire,5498028597989565944,61,5
2513,40,0.60,Bot2,0,89,caught_by_fire,5498028597989565944,61,5
2513,40,0.60,Bot3,0,89,caught_by_fire,5498028597989565944,61,5
2513,40,0.60,Bot4,0,89,caught_by_fire,5498028597989565944,61,5
2514,40,0.60,Bot1,0,33,caught_by_fire,6653164296667409524,54,16
2514,40,0.60,Bot2,0,48,caught_by_fire,6653164296667409524,54,16
2514,40,0.60,Bot3,0,48,caught_by_fire,6653164296667409524,54,16
2514,40,0.60,Bot4,0,48,caught_by_fire,6653164296667409524,54,16
2515,40,0.60,Bot1,1,11,button,1872792514483542345,11,42
2515,40,0.60,Bot2,1,11,button,1872792514483542345,11,42
2515,40,0.60,Bot3,1,11,button,1872792514483542345,11,42
2515,40,0.60,Bot4,1,11,button,1872792514483542345,11,42
2516,40,0.60,Bot1,1,27,button,1821429693247921215,27,59
2516,40,0.60,Bot2,1,27,button,1821429693247921215,27,59
2516,40,0.60,Bot3,1,27,button,1821429693247921215,27,59
2516,40,0.60,Bot4,1,27,button,1821429693247921215,27,59
2517,40,0.60,Bot1,1,2,button,15519336426862428840,2,42
2517,40,0.60,Bot2,1,2,button,15519336426862428840,2,42
2517,40,0.60,Bot3,1,2,button,15519336426862428840,2,42
2517,40,0.60,Bot4,1,2,button,15519336426862428840,2,42
2518,40,0.60,Bot1,0,18,walked_into_fire,10481613483865895292,22,9
2518,40,0.60,Bot2,0,31,caught_by_fire,10481613483865895292,22,9
2518,40,0.60,Bot3,0,31,caught_by_fire,10481613483865895292,22,9
2518,40,0.60,Bot4,0,33,caught_by_fire,10481613483865895292,22,9
2519,40,0.60,Bot1,0,7,caught_by_fire,12651919341895747799,43,31
2519,40,0.60,Bot2,0,37,caught_by_fire,12651919341895747799,43,31
2519,40,0.60,Bot3,0,39,caught_by_fire,12651919341895747799,43,31
2519,40,0.60,Bot4,0,37,caught_by_fire,12651919341895747799,43,31
2520,40,0.60,Bot1,1,25,button,10562149384257080346,25,25
2520,40,0.60,Bot2,1,25,button,10562149384257080346,25,25
2520,40,0.60,Bot3,1,25,button,10562149384257080346,25,25
2520,40,0.60,Bot4,1,25,button,10562149384257080346,25,25
2521,40,0.60,Bot1,1,16,button,12621560861991874022,16,38
2521,40,0.60,Bot2,1,16,button,12621560861991874022,16,38
2521,40,0.60,Bot3,1,16,button,12621560861991874022,16,38
2521,40,0.60,Bot4,1,16,button,12621560861991874022,16,38
2522,40,0.60,Bot1,1,55,button,11422710904474574781,55,59
2522,40,0.60,Bot2,1,55,button,11422710904474574781,55,59
2522,40,0.60,Bot3,1,55,button,11422710904474574781,55,59
2522,40,0.60,Bot4,1,55,button,11422710904474574781,55,59
2523,40,0.60,Bot1,1,48,button,15775477416039453452,48,58
2523,40,0.60,Bot2,1,48,button,15775477416039453452,48,58
2523,40,0.60,Bot3,1,48,button,15775477416039453452,48,58
2523,40,0.60,Bot4,1,48,button,15775477416039453452,48,58
2524,40,0.60,Bot1,1,7,button,5626915636405395315,7,14
2524,40,0.60,Bot2,1,7,button,5626915636405395315,7,14
2524,40,0.60,Bot3,1,7,button,5626915636405395315,7,14
2524,40,0.60,Bot4,1,7,button,5626915636405395315,7,14
2525,40,0.60,Bot1,0,15,walked_into_fire,8522095724674622715,39,19
2525,40,0.60,Bot2,0,42,caught_by_fire,8522095724674622715,39,19
2525,40,0.60,Bot3,0,47,caught_by_fire,8522095724674622715,39,19
2525,40,0.60,Bot4,0,42,caught_by_fire,8522095724674622715,39,19
2526,40,0.60,Bot1,1,30,button,10847984699836513424,30,47
2526,40,0.60,Bot2,1,30,button,10847984699836513424,30,47
2526,40,0.60,Bot3,1,30,button,10847984699836513424,30,47
2526,40,0.60,Bot4,1,30,button,10847984699836513424,30,47
2527,40,0.60,Bot1,0,12,walked_into_fire,9179127144640118388,45,29
2527,40,0.60,Bot2,0,24,caught_by_fire,9179127144640118388,45,29
2527,40,0.60,Bot3,0,22,caught_by_fire,9179127144640118388,45,29
2527,40,0.60,Bot4,0,24,caught_by_fire,9179127144640118388,45,29
2528,40,0.60,Bot1,1,45,button,6353809531905161917,45,37
2528,40,0.60,Bot2,1,45,button,6353809531905161917,45,37
2528,40,0.60,Bot3,1,45,button,6353809531905161917,45,37
2528,40,0.60,Bot4,1,45,button,6353809531905161917,45,37
2529,40,0.60,Bot1,1,37,button,2539997226697377252,37,37
2529,40,0.60,Bot2,1,37,button,2539997226697377252,37,37
2529,40,0.60,Bot3,1,37,button,2539997226697377252,37,37
2529,40,0.60,Bot4,1,37,button,2539997226697377252,37,37
2530,40,0.60,Bot1,0,32,walked_into_fire,1491065637666861537,63,12
2530,40,0.60,Bot2,0,66,caught_by_fire,1491065637666861537,63,12
2530,40,0.60,Bot3,0,66,caught_by_fire,1491065637666861537,63,12
2530,40,0.60,Bot4,0,66,caught_by_fire,1491065637666861537,63,12
2531,40,0.60,Bot1,1,18,button,3979864589342142126,18,55
2531,40,0.60,Bot2,1,18,button,3979864589342142126,18,55
2531,40,0.60,Bot3,1,18,button,3979864589342142126,18,55
2531,40,0.60,Bot4,1,18,button,3979864589342142126,18,55
2532,40,0.60,Bot1,1,41,button,7320850427396923712,41,64
2532,40,0.60,Bot2,1,41,button,7320850427396923712,41,64
2532,40,0.60,Bot3,1,41,button,7320850427396923712,41,64
2532,40,0.60,Bot4,1,41,button,7320850427396923712,41,64
2533,40,0.60,Bot1,1,37,button,8769830471916829305,37,46
2533,40,0.60,Bot2,1,37,button,8769830471916829305,37,46
2533,40,0.60,Bot3,1,37,button,8769830471916829305,37,46
2533,40,0.60,Bot4,1,37,button,8769830471916829305,37,46
2534,40,0.60,Bot1,0,35,walked_into_fire,12615105110401287051,39,19
2534,40,0.60,Bot2,0,43,caught_by_fire,12615105110401287051,39,19
2534,40,0.60,Bot3,0,43,caught_by_fire,12615105110401287051,39,19
2534,40,0.60,Bot4,0,42,caught_by_fire,12615105110401287051,39,19
2535,40,0.60,Bot1,1,37,button,13407734495714962756,37,33
2535,40,0.60,Bot2,1,37,button,13407734495714962756,37,33
2535,40,0.60,Bot3,1,37,button,13407734495714962756,37,33
2535,40,0.60,Bot4,1,37,button,13407734495714962756,37,33
2536,40,0.60,Bot1,0,31,caught_by_fire,2871972842339890831,54,4
2536,40,0.60,Bot2,0,66,caught_by_fire,2871972842339890831,54,4
2536,40,0.60,Bot3,0,66,caught_by_fire,2871972842339890831,54,4
2536,40,0.60,Bot4,0,66,caught_by_fire,2871972842339890831,54,4
2537,40,0.60,Bot1,1,39,button,2119631562481053702,39,58
2537,40,0.60,Bot2,1,39,button,2119631562481053702,39,58
2537,40,0.60,Bot3,1,39,button,2119631562481053702,39,58
2537,40,0.60,Bot4,1,39,button,2119631562481053702,39,58
2538,40,0.60,Bot1,0,10,walked_into_fire,4787534509074479719,28,24
2538,40,0.60,Bot2,0,10,caught_by_fire,4787534509074479719,28,24
2538,40,0.60,Bot3,0,10,caught_by_fire,4787534509074479719,28,24
2538,40,0.60,Bot4,0,10,caught_by_fire,4787534509074479719,28,24
2539,40,0.60,Bot1,0,24,caught_by_fire,17201964127052139287,40,14
2539,40,0.60,Bot2,0,35,caught_by_fire,17201964127052139287,40,14
2539,40,0.60,Bot3,0,35,caught_by_fire,17201964127052139287,40,14
2539,40,0.60,Bot4,0,31,caught_by_fire,17201964127052139287,40,14
2540,40,0.60,Bot1,1,32,button,203387631466664525,32,42
2540,40,0.60,Bot2,1,32,button,203387631466664525,32,42
2540,40,0.60,Bot3,1,32,button,203387631466664525,32,42
2540,40,0.60,Bot4,1,32,button,203387631466664525,32,42
2541,40,0.60,Bot1,1,46,button,12910783913889494765,46,55
2541,40,0.60,Bot2,1,46,button,12910783913889494765,46,55
2541,40,0.60,Bot3,1,46,button,12910783913889494765,46,55
2541,40,0.60,Bot4,1,46,button,12910783913889494765,46,55
2542,40,0.60,Bot1,1,39,button,4479079387024993391,39,33
2542,40,0.60,Bot2,1,39,button,4479079387024993391,39,33
2542,40,0.60,Bot3,1,39,button,4479079387024993391,39,33
2542,40,0.60,Bot4,1,39,button,4479079387024993391,39,33
2543,40,0.60,Bot1,1,11,button,17242361782615559041,11,26
2543,40,0.60,Bot2,1,11,button,17242361782615559041,11,26
2543,40,0.60,Bot3,1,11,button,17242361782615559041,11,26
2543,40,0.60,Bot4,1,11,button,17242361782615559041,11,26
2544,40,0.60,Bot1,1,49,button,7211211248953963559,49,43
2544,40,0.60,Bot2,1,49,button,7211211248953963559,49,43
2544,40,0.60,Bot3,1,49,button,7211211248953963559,49,43
2544,40,0.60,Bot4,1,49,button,7211211248953963559,49,43
2545,40,0.60,Bot1,0,9,caught_by_fire,13168122495385357346,46,41
2545,40,0.60,Bot2,0,48,caught_by_fire,13168122495385357346,46,41
2545,40,0.60,Bot3,0,37,caught_by_fire,13168122495385357346,46,41
2545,40,0.60,Bot4,0,52,caught_by_fire,13168122495385357346,46,41
2546,40,0.60,Bot1,1,20,button,9282928159579670714,20,41
2546,40,0.60,Bot2,1,20,button,9282928159579670714,20,41
2546,40,0.60,Bot3,1,20,button,9282928159579670714,20,41
2546,40,0.60,Bot4,1,20,button,9282928159579670714,20,41
2547,40,0.60,Bot1,1,29,button,3598289905906143325,29,47
2547,40,0.60,Bot2,1,29,button,3598289905906143325,29,47
2547,40,0.60,Bot3,1,29,button,3598289905906143325,29,47
2547,40,0.60,Bot4,1,29,button,3598289905906143325,29,47
2548,40,0.60,Bot1,0,12,caught_by_fire,12392013303710345254,20,15
2548,40,0.60,Bot2,0,23,caught_by_fire,12392013303710345254,20,15
2548,40,0.60,Bot3,0,23,caught_by_fire,12392013303710345254,20,15
2548,40,0.60,Bot4,0,23,caught_by_fire,12392013303710345254,20,15
2549,40,0.60,Bot1,1,8,button,7351827872151969466,8,9
2549,40,0.60,Bot2,1,8,button,7351827872151969466,8,9
2549,40,0.60,Bot3,1,8,button,7351827872151969466,8,9
2549,40,0.60,Bot4,1,8,button,7351827872151969466,8,9
2550,40,0.60,Bot1,0,10,caught_by_fire,5976037958901802417,26,9
2550,40,0.60,Bot2,0,13,caught_by_fire,5976037958901802417,26,9
2550,40,0.60,Bot3,0,15,caught_by_fire,5976037958901802417,26,9
2550,40,0.60,Bot4,0,16,caught_by_fire,5976037958901802417,26,9
2551,40,0.60,Bot1,0,6,caught_by_fire,6820275830286426597,45,38
2551,40,0.60,Bot2,0,51,caught_by_fire,6820275830286426597,45,38
2551,40,0.60,Bot3,0,51,caught_by_fire,6820275830286426597,45,38
2551,40,0.60,Bot4,0,51,caught_by_fire,6820275830286426597,45,38
2552,40,0.60,Bot1,0,21,caught_by_fire,17371375509423499324,47,28
2552,40,0.60,Bot2,0,21,caught_by_fire,17371375509423499324,47,28
2552,40,0.60,Bot3,0,32,caught_by_fire,17371375509423499324,47,28
2552,40,0.60,Bot4,0,21,caught_by_fire,17371375509423499324,47,28
2553,40,0.60,Bot1,1,33,button,3571806803175605188,33,60
2553,40,0.60,Bot2,1,33,button,3571806803175605188,33,60
2553,40,0.60,Bot3,1,33,button,3571806803175605188,33,60
2553,40,0.60,Bot4,1,33,button,3571806803175605188,33,60
2554,40,0.60,Bot1,1,32,button,14766727180869905957,32,40
2554,40,0.60,Bot2,1,32,button,14766727180869905957,32,40
2554,40,0.60,Bot3,1,32,button,14766727180869905957,32,40
2554,40,0.60,Bot4,1,32,button,14766727180869905957,32,40
2555,40,0.60,Bot1,1,37,button,10065726124552788005,37,32
2555,40,0.60,Bot2,1,37,button,10065726124552788005,37,32
2555,40,0.60,Bot3,1,37,button,10065726124552788005,37,32
2555,40,0.60,Bot4,1,37,button,10065726124552788005,37,32
2556,40,0.60,Bot1,1,3,button,17427234253061224899,3,5
2556,40,0.60,Bot2,1,3,button,17427234253061224899,3,5
2556,40,0.60,Bot3,1,3,button,17427234253061224899,3,5
2556,40,0.60,Bot4,1,3,button,17427234253061224899,3,5
2557,40,0.60,Bot1,1,30,button,10409801481585208763,30,37
2557,40,0.60,Bot2,1,30,button,10409801481585208763,30,37
2557,40,0.60,Bot3,1,30,button,10409801481585208763,30,37
2557,40,0.60,Bot4,1,30,button,10409801481585208763,30,37
2558,40,0.60,Bot1,0,36,caught_by_fire,9359556854686244665,52,15
2558,40,0.60,Bot2,0,62,caught_by_fire,9359556854686244665,52,15
2558,40,0.60,Bot3,0,62,caught_by_fire,9359556854686244665,52,15
2558,40,0.60,Bot4,0,62,caught_by_fire,9359556854686244665,52,15
2559,40,0.60,Bot1,1,27,button,3990452852742447932,27,49
2559,40,0.60,Bot2,1,27,button,3990452852742447932,27,49
2559,40,0.60,Bot3,1,27,button,3990452852742447932,27,49
2559,40,0.60,Bot4,1,27,button,3990452852742447932,27,49
2560,40,0.60,Bot1,1,41,button,3602473681310584016,41,40
2560,40,0.60,Bot2,1,41,button,3602473681310584016,41,40
2560,40,0.60,Bot3,1,41,button,3602473681310584016,41,40
2560,40,0.60,Bot4,1,41,button,3602473681310584016,41,40
2561,40,0.60,Bot1,1,30,button,17405612807881583706,30,52
2561,40,0.60,Bot2,1,30,button,17405612807881583706,30,52
2561,40,0.60,Bot3,1,30,button,17405612807881583706,30,52
2561,40,0.60,Bot4,1,30,button,17405612807881583706,30,52
2562,40,0.60,Bot1,1,17,button,8451813110355796111,17,35
2562,40,0.60,Bot2,1,17,button,8451813110355796111,17,35
2562,40,0.60,Bot3,1,17,button,8451813110355796111,17,35
2562,40,0.60,Bot4,1,17,button,8451813110355796111,17,35
2563,40,0.60,Bot1,1,40,button,717421196872763241,40,54
2563,40,0.60,Bot2,1,40,button,717421196872763241,40,54
2563,40,0.60,Bot3,1,40,button,717421196872763241,40,54
2563,40,0.60,Bot4,1,40,button,717421196872763241,40,54
2564,40,0.60,Bot1,1,44,button,503129744112317837,44,38
2564,40,0.60,Bot2,1,44,button,503129744112317837,44,38
2564,40,0.60,Bot3,1,44,button,503129744112317837,44,38
2564,40,0.60,Bot4,1,44,button,503129744112317837,44,38
2565,40,0.60,Bot1,1,22,button,5885387371196742249,22,24
2565,40,0.60,Bot2,1,22,button,5885387371196742249,22,24
2565,40,0.60,Bot3,1,22,button,5885387371196742249,22,24
2565,40,0.60,Bot4,1,22,button,5885387371196742249,22,24
2566,40,0.60,Bot1,1,7,button,117879269389173238,7,30
2566,40,0.60,Bot2,1,7,button,117879269389173238,7,30
2566,40,0.60,Bot3,1,7,button,117879269389173238,7,30
2566,40,0.60,Bot4,1,7,button,117879269389173238,7,30
2567,40,0.60,Bot1,1,33,button,10913960684815795607,33,30
2567,40,0.60,Bot2,1,33,button,10913960684815795607,33,30
2567,40,0.60,Bot3,1,33,button,10913960684815795607,33,30
2567,40,0.60,Bot4,1,33,button,10913960684815795607,33,30
2568,40,0.60,Bot1,0,32,caught_by_fire,11445743115781160235,34,21
2568,40,0.60,Bot2,0,34,caught_by_fire,11445743115781160235,34,21
2568,40,0.60,Bot3,0,34,caught_by_fire,11445743115781160235,34,21
2568,40,0.60,Bot4,0,34,caught_by_fire,11445743115781160235,34,21
2569,40,0.60,Bot1,1,26,button,12123081766578549491,26,33
2569,40,0.60,Bot2,1,26,button,12123081766578549491,26,33
2569,40,0.60,Bot3,1,26,button,12123081766578549491,26,33
2569,40,0.60,Bot4,1,26,button,12123081766578549491,26,33
2570,40,0.60,Bot1,1,33,button,9590429437334568238,33,30
2570,40,0.60,Bot2,1,33,button,9590429437334568238,33,30
2570,40,0.60,Bot3,0,28,caught_by_fire,9590429437334568238,33,30
2570,40,0.60,Bot4,1,33,button,9590429437334568238,33,30
2571,40,0.60,Bot1,0,15,walked_into_fire,18367054481337388066,35,23
2571,40,0.60,Bot2,0,42,caught_by_fire,18367054481337388066,35,23
2571,40,0.60,Bot3,0,42,caught_by_fire,18367054481337388066,35,23
2571,40,0.60,Bot4,0,43,caught_by_fire,18367054481337388066,35,23
2572,40,0.60,Bot1,1,49,button,8719738058538078426,49,45
2572,40,0.60,Bot2,1,49,button,8719738058538078426,49,45
2572,40,0.60,Bot3,1,49,button,8719738058538078426,49,45
2572,40,0.60,Bot4,1,49,button,8719738058538078426,49,45
2573,40,0.60,Bot1,1,36,button,1478942893224255306,36,33
2573,40,0.60,Bot2,1,36,button,1478942893224255306,36,33
2573,40,0.60,Bot3,1,36,button,1478942893224255306,36,33
2573,40,0.60,Bot4,1,36,button,1478942893224255306,36,33
2574,40,0.60,Bot1,1,24,button,6648589580461126713,24,26
2574,40,0.60,Bot2,1,24,button,6648589580461126713,24,26
2574,40,0.60,Bot3,1,24,button,6648589580461126713,24,26
2574,40,0.60,Bot4,1,24,button,6648589580461126713,24,26
2575,40,0.60,Bot1,1,53,button,5969149542033905649,53,54
2575,40,0.60,Bot2,1,53,button,5969149542033905649,53,54
2575,40,0.60,Bot3,1,53,button,5969149542033905649,53,54
2575,40,0.60,Bot4,1,53,button,5969149542033905649,53,54
2576,40,0.60,Bot1,1,36,button,3399243387240208661,36,28
2576,40,0.60,Bot2,1,36,button,3399243387240208661,36,28
2576,40,0.60,Bot3,1,36,button,3399243387240208661,36,28
2576,40,0.60,Bot4,1,36,button,3399243387240208661,36,28
2577,40,0.60,Bot1,0,16,walked_into_fire,2034915236496070304,18,8
2577,40,0.60,Bot2,0,18,caught_by_fire,2034915236496070304,18,8
2577,40,0.60,Bot3,0,18,caught_by_fire,2034915236496070304,18,8
2577,40,0.60,Bot4,0,16,caught_by_fire,2034915236496070304,18,8
2578,40,0.60,Bot1,1,23,button,5398269362642850183,23,27
2578,40,0.60,Bot2,1,23,button,5398269362642850183,23,27
2578,40,0.60,Bot3,1,23,button,5398269362642850183,23,27
2578,40,0.60,Bot4,1,23,button,5398269362642850183,23,27
2579,40,0.60,Bot1,1,38,button,6926837166298382902,38,27
2579,40,0.60,Bot2,1,38,button,6926837166298382902,38,27
2579,40,0.60,Bot3,1,38,button,6926837166298382902,38,27
2579,40,0.60,Bot4,1,38,button,6926837166298382902,38,27
2580,40,0.60,Bot1,1,42,button,5716746120340666968,42,43
2580,40,0.60,Bot2,1,42,button,5716746120340666968,42,43
2580,40,0.60,Bot3,1,42,button,5716746120340666968,42,43
2580,40,0.60,Bot4,1,42,button,5716746120340666968,42,43
2581,40,0.60,Bot1,1,20,button,9154600551583969020,20,54
2581,40,0.60,Bot2,1,20,button,9154600551583969020,20,54
2581,40,0.60,Bot3,1,20,button,9154600551583969020,20,54
2581,40,0.60,Bot4,1,20,button,9154600551583969020,20,54
2582,40,0.60,Bot1,0,30,caught_by_fire,8933894916802705889,60,28
2582,40,0.60,Bot2,0,35,caught_by_fire,8933894916802705889,60,28
2582,40,0.60,Bot3,0,37,caught_by_fire,8933894916802705889,60,28
2582,40,0.60,Bot4,0,41,caught_by_fire,8933894916802705889,60,28
2583,40,0.60,Bot1,1,33,button,3212701916799532743,33,49
2583,40,0.60,Bot2,1,33,button,3212701916799532743,33,49
2583,40,0.60,Bot3,1,33,button,3212701916799532743,33,49
2583,40,0.60,Bot4,1,33,button,3212701916799532743,33,49
2584,40,0.60,Bot1,1,19,button,7162493052153738650,19,15
2584,40,0.60,Bot2,1,19,button,7162493052153738650,19,15
2584,40,0.60,Bot3,1,19,button,7162493052153738650,19,15
2584,40,0.60,Bot4,1,19,button,7162493052153738650,19,15
2585,40,0.60,Bot1,0,24,caught_by_fire,14842525191909059440,41,9
2585,40,0.60,Bot2,0,40,caught_by_fire,14842525191909059440,41,9
2585,40,0.60,Bot3,0,40,caught_by_fire,14842525191909059440,41,9
2585,40,0.60,Bot4,0,40,caught_by_fire,14842525191909059440,41,9
2586,40,0.60,Bot1,1,46,button,18426094814608523595,46,57
2586,40,0.60,Bot2,1,46,button,18426094814608523595,46,57
2586,40,0.60,Bot3,1,46,button,18426094814608523595,46,57
2586,40,0.60,Bot4,1,46,button,18426094814608523595,46,57
2587,40,0.60,Bot1,1,33,button,1626322301363342248,33,46
2587,40,0.60,Bot2,1,33,button,1626322301363342248,33,46
2587,40,0.60,Bot3,1,33,button,1626322301363342248,33,46
2587,40,0.60,Bot4,1,33,button,1626322301363342248,33,46
2588,40,0.60,Bot1,0,14,caught_by_fire,10185082825728540603,39,18
2588,40,0.60,Bot2,0,40,caught_by_fire,10185082825728540603,39,18
2588,40,0.60,Bot3,0,40,caught_by_fire,10185082825728540603,39,18
2588,40,0.60,Bot4,0,40,caught_by_fire,10185082825728540603,39,18
2589,40,0.60,Bot1,1,46,button,2407259969666970237,46,51
2589,40,0.60,Bot2,1,46,button,2407259969666970237,46,51
2589,40,0.60,Bot3,1,46,button,2407259969666970237,46,51
2589,40,0.60,Bot4,1,46,button,2407259969666970237,46,51
2590,40,0.60,Bot1,1,27,button,18236026423707263661,27,31
2590,40,0.60,Bot2,1,27,button,18236026423707263661,27,31
2590,40,0.60,Bot3,1,27,button,18236026423707263661,27,31
2590,40,0.60,Bot4,1,27,button,18236026423707263661,27,31
2591,40,0.60,Bot1,1,61,button,17176642992455893710,61,63
2591,40,0.60,Bot2,1,61,button,17176642992455893710,61,63
2591,40,0.60,Bot3,1,61,button,17176642992455893710,61,63
2591,40,0.60,Bot4,1,61,button,17176642992455893710,61,63
2592,40,0.60,Bot1,0,34,caught_by_fire,13336399660345405282,49,31
2592,40,0.60,Bot2,0,34,caught_by_fire,13336399660345405282,49,31
2592,40,0.60,Bot3,0,34,caught_by_fire,13336399660345405282,49,31
2592,40,0.60,Bot4,0,34,caught_by_fire,13336399660345405282,49,31
2593,40,0.60,Bot1,1,28,button,4392914729581502515,28,29
2593,40,0.60,Bot2,1,28,button,4392914729581502515,28,29
2593,40,0.60,Bot3,1,28,button,4392914729581502515,28,29
2593,40,0.60,Bot4,1,28,button,4392914729581502515,28,29
2594,40,0.60,Bot1,1,1,button,2286545046531287653,1,48
2594,40,0.60,Bot2,1,1,button,2286545046531287653,1,48
2594,40,0.60,Bot3,1,1,button,2286545046531287653,1,48
2594,40,0.60,Bot4,1,1,button,2286545046531287653,1,48
2595,40,0.60,Bot1,1,8,button,10431458672904785911,8,59
2595,40,0.60,Bot2,1,8,button,10431458672904785911,8,59
2595,40,0.60,Bot3,1,8,button,10431458672904785911,8,59
2595,40,0.60,Bot4,1,8,button,10431458672904785911,8,59
2596,40,0.60,Bot1,1,11,button,1445858969339796097,11,46
2596,40,0.60,Bot2,1,11,button,1445858969339796097,11,46
2596,40,0.60,Bot3,1,11,button,1445858969339796097,11,46
2596,40,0.60,Bot4,1,11,button,1445858969339796097,11,46
2597,40,0.60,Bot1,1,35,button,7781754287901431879,35,47
2597,40,0.60,Bot2,1,35,button,7781754287901431879,35,47
2597,40,0.60,Bot3,1,35,button,7781754287901431879,35,47
2597,40,0.60,Bot4,1,35,button,7781754287901431879,35,47
2598,40,0.60,Bot1,1,21,button,16824076391057947740,21,31
2598,40,0.60,Bot2,1,21,button,16824076391057947740,21,31
2598,40,0.60,Bot3,1,21,button,16824076391057947740,21,31
2598,40,0.60,Bot4,1,21,button,16824076391057947740,21,31
2599,40,0.60,Bot1,1,17,button,15068292744909405899,17,28
2599,40,0.60,Bot2,1,17,button,15068292744909405899,17,28
2599,40,0.60,Bot3,1,17,button,15068292744909405899,17,28
2599,40,0.60,Bot4,1,17,button,15068292744909405899,17,28
2600,40,0.65,Bot1,0,23,caught_by_fire,8873864354417966587,38,11
2600,40,0.65,Bot2,0,32,caught_by_fire,8873864354417966587,38,11
2600,40,0.65,Bot3,0,32,caught_by_fire,8873864354417966587,38,11
2600,40,0.65,Bot4,0,30,caught_by_fire,8873864354417966587,38,11
2601,40,0.65,Bot1,0,40,caught_by_fire,157350250574225622,55,28
2601,40,0.65,Bot2,0,43,caught_by_fire,157350250574225622,55,28
2601,40,0.65,Bot3,0,43,caught_by_fire,157350250574225622,55,28
2601,40,0.65,Bot4,0,48,caught_by_fire,157350250574225622,55,28
2602,40,0.65,Bot1,0,31,caught_by_fire,6399778714433263787,47,34
2602,40,0.65,Bot2,0,54,caught_by_fire,6399778714433263787,47,34
2602,40,0.65,Bot3,0,58,caught_by_fire,6399778714433263787,47,34
2602,40,0.65,Bot4,0,54,caught_by_fire,6399778714433263787,47,34
2603,40,0.65,Bot1,0,19,walked_into_fire,5319952093500463250,68,51
2603,40,0.65,Bot2,0,19,caught_by_fire,5319952093500463250,68,51
2603,40,0.65,Bot3,0,19,caught_by_fire,5319952093500463250,68,51
2603,40,0.65,Bot4,0,19,caught_by_fire,5319952093500463250,68,51
2604,40,0.65,Bot1,1,29,button,9642245147676429463,29,37
2604,40,0.65,Bot2,1,29,button,9642245147676429463,29,37
2604,40,0.65,Bot3,1,29,button,9642245147676429463,29,37
2604,40,0.65,Bot4,1,29,button,9642245147676429463,29,37
2605,40,0.65,Bot1,0,15,walked_into_fire,14555142039424826368,18,13
2605,40,0.65,Bot2,0,18,caught_by_fire,14555142039424826368,18,13
2605,40,0.65,Bot3,0,21,caught_by_fire,14555142039424826368,18,13
2605,40,0.65,Bot4,0,18,caught_by_fire,14555142039424826368,18,13
2606,40,0.65,Bot1,1,7,button,15519730231190902771,7,36
2606,40,0.65,Bot2,1,7,button,15519730231190902771,7,36
2606,40,0.65,Bot3,1,7,button,15519730231190902771,7,36
2606,40,0.65,Bot4,1,7,button,15519730231190902771,7,36
2607,40,0.65,Bot1,1,30,button,12702523817690463064,30,22
2607,40,0.65,Bot2,1,30,button,12702523817690463064,30,22
2607,40,0.65,Bot3,1,30,button,12702523817690463064,30,22
2607,40,0.65,Bot4,1,30,button,12702523817690463064,30,22
2608,40,0.65,Bot1,1,11,button,12145441872700426171,11,51
2608,40,0.65,Bot2,1,11,button,12145441872700426171,11,51
2608,40,0.65,Bot3,1,11,button,12145441872700426171,11,51
2608,40,0.65,Bot4,1,11,button,12145441872700426171,11,51
2609,40,0.65,Bot1,1,24,button,2668853044085096545,24,38
2609,40,0.65,Bot2,1,24,button,2668853044085096545,24,38
2609,40,0.65,Bot3,1,24,button,2668853044085096545,24,38
2609,40,0.65,Bot4,1,24,button,2668853044085096545,24,38
2610,40,0.65,Bot1,1,24,button,7265207815391265107,24,26
2610,40,0.65,Bot2,1,24,button,7265207815391265107,24,26
2610,40,0.65,Bot3,1,24,button,7265207815391265107,24,26
2610,40,0.65,Bot4,1,24,button,7265207815391265107,24,26
2611,40,0.65,Bot1,1,38,button,11523802870949761128,38,57
2611,40,0.65,Bot2,1,38,button,11523802870949761128,38,57
2611,40,0.65,Bot3,1,38,button,11523802870949761128,38,57
2611,40,0.65,Bot4,1,38,button,11523802870949761128,38,57
2612,40,0.65,Bot1,1,24,button,17495618773701123396,24,19
2612,40,0.65,Bot2,1,24,button,17495618773701123396,24,19
2612,40,0.65,Bot3,1,24,button,17495618773701123396,24,19
2612,40,0.65,Bot4,1,24,button,17495618773701123396,24,19
2613,40,0.65,Bot1,1,39,button,5196135578987996476,39,62
2613,40,0.65,Bot2,1,39,button,5196135578987996476,39,62
2613,40,0.65,Bot3,1,39,button,5196135578987996476,39,62
2613,40,0.65,Bot4,1,39,button,5196135578987996476,39,62
2614,40,0.65,Bot1,1,18,button,7623400293915150285,18,35
2614,40,0.65,Bot2,1,18,button,7623400293915150285,18,35
2614,40,0.65,Bot3,1,18,button,7623400293915150285,18,35
2614,40,0.65,Bot4,1,18,button,7623400293915150285,18,35
2615,40,0.65,Bot1,1,41,button,5509336325840429158,41,38
2615,40,0.65,Bot2,1,41,button,5509336325840429158,41,38
2615,40,0.65,Bot3,1,41,button,5509336325840429158,41,38
2615,40,0.65,Bot4,1,41,button,5509336325840429158,41,38
2616,40,0.65,Bot1,1,48,button,4089752682122015990,48,46
2616,40,0.65,Bot2,1,48,button,4089752682122015990,48,46
2616,40,0.65,Bot3,1,48,button,4089752682122015990,48,46
2616,40,0.65,Bot4,1,48,button,4089752682122015990,48,46
2617,40,0.65,Bot1,1,24,button,10864452820442191514,24,29
2617,40,0.65,Bot2,1,24,button,10864452820442191514,24,29
2617,40,0.65,Bot3,1,24,button,10864452820442191514,24,29
2617,40,0.65,Bot4,1,24,button,10864452820442191514,24,29
2618,40,0.65,Bot1,1,4,button,4987222349120262058,4,45
2618,40,0.65,Bot2,1,4,button,4987222349120262058,4,45
2618,40,0.65,Bot3,1,4,button,4987222349120262058,4,45
2618,40,0.65,Bot4,1,4,button,4987222349120262058,4,45
2619,40,0.65,Bot1,1,44,button,18041559075837006674,44,62
2619,40,0.65,Bot2,1,44,button,18041559075837006674,44,62
2619,40,0.65,Bot3,1,44,button,18041559075837006674,44,62
2619,40,0.65,Bot4,1,44,button,18041559075837006674,44,62
2620,40,0.65,Bot1,1,26,button,611122847895971664,26,38
2620,40,0.65,Bot2,1,26,button,611122847895971664,26,38
2620,40,0.65,Bot3,1,26,button,611122847895971664,26,38
2620,40,0.65,Bot4,1,26,button,611122847895971664,26,38
2621,40,0.65,Bot1,0,6,caught_by_fire,17225026843805416423,29,22
2621,40,0.65,Bot2,0,6,caught_by_fire,17225026843805416423,29,22
2621,40,0.65,Bot3,0,25,caught_by_fire,17225026843805416423,29,22
2621,40,0.65,Bot4,0,6,caught_by_fire,17225026843805416423,29,22
2622,40,0.65,Bot1,1,46,button,2060012818744209969,46,40
2622,40,0.65,Bot2,1,46,button,2060012818744209969,46,40
2622,40,0.65,Bot3,1,46,button,2060012818744209969,46,40
2622,40,0.65,Bot4,1,46,button,2060012818744209969,46,40
2623,40,0.65,Bot1,1,16,button,6693589626358428174,16,50
2623,40,0.65,Bot2,1,16,button,6693589626358428174,16,50
2623,40,0.65,Bot3,1,16,button,6693589626358428174,16,50
2623,40,0.65,Bot4,1,16,button,6693589626358428174,16,50
2624,40,0.65,Bot1,0,46,walked_into_fire,14441482338860225359,54,36
2624,40,0.65,Bot2,0,52,caught_by_fire,14441482338860225359,54,36
2624,40,0.65,Bot3,0,52,caught_by_fire,14441482338860225359,54,36
2624,40,0.65,Bot4,0,55,caught_by_fire,14441482338860225359,54,36
2625,40,0.65,Bot1,1,34,button,4286697614702516615,34,65
2625,40,0.65,Bot2,1,34,button,4286697614702516615,34,65
2625,40,0.65,Bot3,1,34,button,4286697614702516615,34,65
2625,40,0.65,Bot4,1,34,button,4286697614702516615,34,65
2626,40,0.65,Bot1,0,19,walked_into_fire,8762504377381584197,43,32
2626,40,0.65,Bot2,0,45,caught_by_fire,8762504377381584197,43,32
2626,40,0.65,Bot3,0,45,caught_by_fire,8762504377381584197,43,32
2626,40,0.65,Bot4,0,44,caught_by_fire,8762504377381584197,43,32
2627,40,0.65,Bot1,1,15,button,6667038665428500836,15,34
2627,40,0.65,Bot2,1,15,button,6667038665428500836,15,34
2627,40,0.65,Bot3,1,15,button,6667038665428500836,15,34
2627,40,0.65,Bot4,1,15,button,6667038665428500836,15,34
2628,40,0.65,Bot1,1,3,button,8072812426686688188,3,44
2628,40,0.65,Bot2,1,3,button,8072812426686688188,3,44
2628,40,0.65,Bot3,1,3,button,8072812426686688188,3,44
2628,40,0.65,Bot4,1,3,button,8072812426686688188,3,44
2629,40,0.65,Bot1,1,42,button,18300898277251494865,42,77
2629,40,0.65,Bot2,1,42,button,18300898277251494865,42,77
2629,40,0.65,Bot3,1,42,button,18300898277251494865,42,77
2629,40,0.65,Bot4,1,42,button,18300898277251494865,42,77
2630,40,0.65,Bot1,1,14,button,18214678774199350057,14,14
2630,40,0.65,Bot2,1,14,button,18214678774199350057,14,14
2630,40,0.65,Bot3,1,14,button,18214678774199350057,14,14
2630,40,0.65,Bot4,1,14,button,18214678774199350057,14,14
2631,40,0.65,Bot1,1,30,button,18406021726604905645,30,37
2631,40,0.65,Bot2,1,30,button,18406021726604905645,30,37
2631,40,0.65,Bot3,1,30,button,18406021726604905645,30,37
2631,40,0.65,Bot4,1,30,button,18406021726604905645,30,37
2632,40,0.65,Bot1,0,10,walked_into_fire,17230182068499280809,28,19
2632,40,0.65,Bot2,0,22,caught_by_fire,17230182068499280809,28,19
2632,40,0.65,Bot3,0,25,caught_by_fire,17230182068499280809,28,19
2632,40,0.65,Bot4,0,22,caught_by_fire,17230182068499280809,28,19
2633,40,0.65,Bot1,1,25,button,17914200637274310610,25,33
2633,40,0.65,Bot2,1,25,button,17914200637274310610,25,33
2633,40,0.65,Bot3,1,25,button,17914200637274310610,25,33
2633,40,0.65,Bot4,1,25,button,17914200637274310610,25,33
2634,40,0.65,Bot1,0,39,caught_by_fire,6908892169092213980,62,19
2634,40,0.65,Bot2,0,63,caught_by_fire,6908892169092213980,62,19
2634,40,0.65,Bot3,0,63,caught_by_fire,6908892169092213980,62,19
2634,40,0.65,Bot4,0,63,caught_by_fire,6908892169092213980,62,19
2635,40,0.65,Bot1,1,20,button,5011048920764452946,20,39
2635,40,0.65,Bot2,1,20,button,5011048920764452946,20,39
2635,40,0.65,Bot3,1,20,button,5011048920764452946,20,39
2635,40,0.65,Bot4,1,20,button,5011048920764452946,20,39
2636,40,0.65,Bot1,1,27,button,13922696178975190934,27,25
2636,40,0.65,Bot2,1,27,button,13922696178975190934,27,25
2636,40,0.65,Bot3,1,27,button,13922696178975190934,27,25
2636,40,0.65,Bot4,1,27,button,13922696178975190934,27,25
2637,40,0.65,Bot1,1,10,button,8200332036320988800,10,56
2637,40,0.65,Bot2,1,10,button,8200332036320988800,10,56
2637,40,0.65,Bot3,1,10,button,8200332036320988800,10,56
2637,40,0.65,Bot4,1,10,button,8200332036320988800,10,56
2638,40,0.65,Bot1,1,20,button,18375453156632874340,20,49
2638,40,0.65,Bot2,1,20,button,18375453156632874340,20,49
2638,40,0.65,Bot3,1,20,button,18375453156632874340,20,49
2638,40,0.65,Bot4,1,20,button,18375453156632874340,20,49
2639,40,0.65,Bot1,1,19,button,12057809120457020171,19,47
2639,40,0.65,Bot2,1,19,button,12057809120457020171,19,47
2639,40,0.65,Bot3,1,19,button,12057809120457020171,19,47
2639,40,0.65,Bot4,1,19,button,12057809120457020171,19,47
2640,40,0.65,Bot1,1,18,button,5982246684100862148,18,44
2640,40,0.65,Bot2,1,18,button,5982246684100862148,18,44
2640,40,0.65,Bot3,1,18,button,5982246684100862148,18,44
2640,40,0.65,Bot4,1,18,button,5982246684100862148,18,44
2641,40,0.65,Bot1,1,13,button,5437331065925041227,13,58
2641,40,0.65,Bot2,1,13,button,5437331065925041227,13,58
2641,40,0.65,Bot3,1,13,button,5437331065925041227,13,58
2641,40,0.65,Bot4,1,13,button,5437331065925041227,13,58
2642,40,0.65,Bot1,1,41,button,16688066787792142234,41,34
2642,40,0.65,Bot2,1,41,button,16688066787792142234,41,34
2642,40,0.65,Bot3,1,41,button,16688066787792142234,41,34
2642,40,0.65,Bot4,1,41,button,16688066787792142234,41,34
2643,40,0.65,Bot1,1,18,button,10457122272781091819,18,17
2643,40,0.65,Bot2,1,18,button,10457122272781091819,18,17
2643,40,0.65,Bot3,1,18,button,10457122272781091819,18,17
2643,40,0.65,Bot4,1,18,button,10457122272781091819,18,17
2644,40,0.65,Bot1,1,62,button,12289680038419696610,62,64
2644,40,0.65,Bot2,1,62,button,12289680038419696610,62,64
2644,40,0.65,Bot3,1,62,button,12289680038419696610,62,64
2644,40,0.65,Bot4,1,62,button,12289680038419696610,62,64
2645,40,0.65,Bot1,1,34,button,307813265789279569,34,44
2645,40,0.65,Bot2,1,34,button,307813265789279569,34,44
2645,40,0.65,Bot3,1,34,button,307813265789279569,34,44
2645,40,0.65,Bot4,1,34,button,307813265789279569,34,44
2646,40,0.65,Bot1,0,12,caught_by_fire,17047230301005532892,33,12
2646,40,0.65,Bot2,0,27,caught_by_fire,17047230301005532892,33,12
2646,40,0.65,Bot3,0,29,caught_by_fire,17047230301005532892,33,12
2646,40,0.65,Bot4,0,27,caught_by_fire,17047230301005532892,33,12
2647,40,0.65,Bot1,0,28,caught_by_fire,14651125299788564311,45,4
2647,40,0.65,Bot2,0,64,caught_by_fire,14651125299788564311,45,4
2647,40,0.65,Bot3,0,64,caught_by_fire,14651125299788564311,45,4
2647,40,0.65,Bot4,0,61,caught_by_fire,14651125299788564311,45,4
2648,40,0.65,Bot1,0,20,walked_into_fire,12389460071728000354,31,19
2648,40,0.65,Bot2,0,18,caught_by_fire,12389460071728000354,31,19
2648,40,0.65,Bot3,0,18,caught_by_fire,12389460071728000354,31,19
2648,40,0.65,Bot4,0,18,caught_by_fire,12389460071728000354,31,19
2649,40,0.65,Bot1,1,20,button,540854123623367148,20,27
2649,40,0.65,Bot2,1,20,button,540854123623367148,20,27
2649,40,0.65,Bot3,1,20,button,540854123623367148,20,27
2649,40,0.65,Bot4,1,20,button,540854123623367148,20,27
2650,40,0.65,Bot1,0,12,walked_into_fire,4282468624673132568,31,20
2650,40,0.65,Bot2,0,35,caught_by_fire,4282468624673132568,31,20
2650,40,0.65,Bot3,0,26,caught_by_fire,4282468624673132568,31,20
2650,40,0.65,Bot4,0,32,caught_by_fire,4282468624673132568,31,20
2651,40,0.65,Bot1,1,65,button,17566413845748092866,65,68
2651,40,0.65,Bot2,1,65,button,17566413845748092866,65,68
2651,40,0.65,Bot3,1,65,button,17566413845748092866,65,68
2651,40,0.65,Bot4,1,65,button,17566413845748092866,65,68
2652,40,0.65,Bot1,0,19,caught_by_fire,2287020777518546704,35,27
2652,40,0.65,Bot2,0,19,caught_by_fire,2287020777518546704,35,27
2652,40,0.65,Bot3,0,24,caught_by_fire,2287020777518546704,35,27
2652,40,0.65,Bot4,0,19,caught_by_fire,2287020777518546704,35,27
2653,40,0.65,Bot1,0,16,walked_into_fire,17108052777592143144,57,47
2653,40,0.65,Bot2,0,35,caught_by_fire,17108052777592143144,57,47
2653,40,0.65,Bot3,0,35,caught_by_fire,17108052777592143144,57,47
2653,40,0.65,Bot4,0,35,caught_by_fire,17108052777592143144,57,47
2654,40,0.65,Bot1,1,25,button,8759423320512227437,25,29
2654,40,0.65,Bot2,1,25,button,8759423320512227437,25,29
2654,40,0.65,Bot3,1,25,button,8759423320512227437,25,29
2654,40,0.65,Bot4,1,25,button,8759423320512227437,25,29
2655,40,0.65,Bot1,0,20,caught_by_fire,15199797479141695844,28,19
2655,40,0.65,Bot2,0,28,caught_by_fire,15199797479141695844,28,19
2655,40,0.65,Bot3,0,30,caught_by_fire,15199797479141695844,28,19
2655,40,0.65,Bot4,0,29,caught_by_fire,15199797479141695844,28,19
2656,40,0.65,Bot1,1,5,button,9782031418316120814,5,22
2656,40,0.65,Bot2,1,5,button,9782031418316120814,5,22
2656,40,0.65,Bot3,1,5,button,9782031418316120814,5,22
2656,40,0.65,Bot4,1,5,button,9782031418316120814,5,22
2657,40,0.65,Bot1,1,41,button,8759800769223024476,41,46
2657,40,0.65,Bot2,1,41,button,8759800769223024476,41,46
2657,40,0.65,Bot3,1,41,button,8759800769223024476,41,46
2657,40,0.65,Bot4,1,41,button,8759800769223024476,41,46
2658,40,0.65,Bot1,0,43,caught_by_fire,9684711740779204880,61,33
2658,40,0.65,Bot2,0,49,caught_by_fire,9684711740779204880,61,33
2658,40,0.65,Bot3,0,49,caught_by_fire,9684711740779204880,61,33
2658,40,0.65,Bot4,0,49,caught_by_fire,9684711740779204880,61,33
2659,40,0.65,Bot1,1,6,button,3420938850173334615,6,18
2659,40,0.65,Bot2,1,6,button,3420938850173334615,6,18
2659,40,0.65,Bot3,1,6,button,3420938850173334615,6,18
2659,40,0.65,Bot4,1,6,button,3420938850173334615,6,18
2660,40,0.65,Bot1,1,36,button,17208514940053308834,36,44
2660,40,0.65,Bot2,1,36,button,17208514940053308834,36,44
2660,40,0.65,Bot3,1,36,button,17208514940053308834,36,44
2660,40,0.65,Bot4,1,36,button,17208514940053308834,36,44
2661,40,0.65,Bot1,1,26,button,6504706464431142516,26,55
2661,40,0.65,Bot2,1,26,button,6504706464431142516,26,55
2661,40,0.65,Bot3,1,26,button,6504706464431142516,26,55
2661,40,0.65,Bot4,1,26,button,6504706464431142516,26,55
2662,40,0.65,Bot1,0,28,caught_by_fire,1281441958454923426,38,17
2662,40,0.65,Bot2,0,49,caught_by_fire,1281441958454923426,38,17
2662,40,0.65,Bot3,0,49,caught_by_fire,1281441958454923426,38,17
2662,40,0.65,Bot4,0,49,caught_by_fire,1281441958454923426,38,17
2663,40,0.65,Bot1,1,28,button,7255257005453394921,28,27
2663,40,0.65,Bot2,1,28,button,7255257005453394921,28,27
2663,40,0.65,Bot3,1,28,button,7255257005453394921,28,27
2663,40,0.65,Bot4,1,28,button,7255257005453394921,28,27
2664,40,0.65,Bot1,0,29,walked_into_fire,1276702269640543858,61,11
2664,40,0.65,Bot2,0,47,caught_by_fire,1276702269640543858,61,11
2664,40,0.65,Bot3,0,47,caught_by_fire,1276702269640543858,61,11
2664,40,0.65,Bot4,0,45,caught_by_fire,1276702269640543858,61,11
2665,40,0.65,Bot1,0,9,walked_into_fire,5179568958600219649,29,15
2665,40,0.65,Bot2,0,16,caught_by_fire,5179568958600219649,29,15
2665,40,0.65,Bot3,0,28,caught_by_fire,5179568958600219649,29,15
2665,40,0.65,Bot4,0,16,caught_by_fire,5179568958600219649,29,15
2666,40,0.65,Bot1,1,33,button,16876475627030440794,33,45
2666,40,0.65,Bot2,1,33,button,16876475627030440794,33,45
2666,40,0.65,Bot3,1,33,button,16876475627030440794,33,45
2666,40,0.65,Bot4,1,33,button,16876475627030440794,33,45
2667,40,0.65,Bot1,1,14,button,4599001908761357089,14,39
2667,40,0.65,Bot2,1,14,button,4599001908761357089,14,39
2667,40,0.65,Bot3,1,14,button,4599001908761357089,14,39
2667,40,0.65,Bot4,1,14,button,4599001908761357089,14,39
2668,40,0.65,Bot1,1,39,button,1506891866024420117,39,28
2668,40,0.65,Bot2,0,39,caught_by_fire,1506891866024420117,39,28
2668,40,0.65,Bot3,1,39,button,1506891866024420117,39,28
2668,40,0.65,Bot4,1,39,button,1506891866024420117,39,28
2669,40,0.65,Bot1,1,40,button,17429971059578766668,40,46
2669,40,0.65,Bot2,1,40,button,17429971059578766668,40,46
2669,40,0.65,Bot3,1,40,button,17429971059578766668,40,46
2669,40,0.65,Bot4,1,40,button,17429971059578766668,40,46
2670,40,0.65,Bot1,0,22,walked_into_fire,2779477466013686252,29,13
2670,40,0.65,Bot2,0,32,caught_by_fire,2779477466013686252,29,13
2670,40,0.65,Bot3,0,32,caught_by_fire,2779477466013686252,29,13
2670,40,0.65,Bot4,0,25,caught_by_fire,2779477466013686252,29,13
2671,40,0.65,Bot1,1,34,button,3651018633784910012,34,53
2671,40,0.65,Bot2,1,34,button,3651018633784910012,34,53
2671,40,0.65,Bot3,1,34,button,3651018633784910012,34,53
2671,40,0.65,Bot4,1,34,button,3651018633784910012,34,53
2672,40,0.65,Bot1,1,16,button,9270884189157803516,16,52
2672,40,0.65,Bot2,1,16,button,9270884189157803516,16,52
2672,40,0.65,Bot3,1,16,button,9270884189157803516,16,52
2672,40,0.65,Bot4,1,16,button,9270884189157803516,16,52
2673,40,0.65,Bot1,0,30,walked_into_fire,4426580868838539763,65,49
2673,40,0.65,Bot2,0,33,caught_by_fire,4426580868838539763,65,49
2673,40,0.65,Bot3,0,33,caught_by_fire,4426580868838539763,65,49
2673,40,0.65,Bot4,0,33,caught_by_fire,4426580868838539763,65,49
2674,40,0.65,Bot1,0,27,caught_by_fire,10630959874100114076,36,15
2674,40,0.65,Bot2,0,30,caught_by_fire,10630959874100114076,36,15
2674,40,0.65,Bot3,0,30,caught_by_fire,10630959874100114076,36,15
2674,40,0.65,Bot4,0,29,caught_by_fire,10630959874100114076,36,15
2675,40,0.65,Bot1,1,4,button,7836847642352217961,4,20
2675,40,0.65,Bot2,1,4,button,7836847642352217961,4,20
2675,40,0.65,Bot3,1,4,button,7836847642352217961,4,20
2675,40,0.65,Bot4,1,4,button,7836847642352217961,4,20
2676,40,0.65,Bot1,1,10,button,14155709937750369335,10,19
2676,40,0.65,Bot2,1,10,button,14155709937750369335,10,19
2676,40,0.65,Bot3,1,10,button,14155709937750369335,10,19
2676,40,0.65,Bot4,1,10,button,14155709937750369335,10,19
2677,40,0.65,Bot1,1,50,button,8589909227526779598,50,48
2677,40,0.65,Bot2,1,50,button,8589909227526779598,50,48
2677,40,0.65,Bot3,1,50,button,8589909227526779598,50,48
2677,40,0.65,Bot4,1,50,button,8589909227526779598,50,48
2678,40,0.65,Bot1,0,20,walked_into_fire,2380275391276761014,49,26
2678,40,0.65,Bot2,0,30,caught_by_fire,2380275391276761014,49,26
2678,40,0.65,Bot3,0,28,caught_by_fire,2380275391276761014,49,26
2678,40,0.65,Bot4,0,30,caught_by_fire,2380275391276761014,49,26
2679,40,0.65,Bot1,1,37,button,1205554652125772313,37,32
2679,40,0.65,Bot2,1,37,button,1205554652125772313,37,32
2679,40,0.65,Bot3,1,37,button,1205554652125772313,37,32
2679,40,0.65,Bot4,1,37,button,1205554652125772313,37,32
2680,40,0.65,Bot1,1,23,button,1551065606812579127,23,28
2680,40,0.65,Bot2,1,23,button,1551065606812579127,23,28
2680,40,0.65,Bot3,1,23,button,1551065606812579127,23,28
2680,40,0.65,Bot4,1,23,button,1551065606812579127,23,28
2681,40,0.65,Bot1,0,23,walked_into_fire,1360400054012136039,43,7
2681,40,0.65,Bot2,0,38,caught_by_fire,1360400054012136039,43,7
2681,40,0.65,Bot3,0,38,caught_by_fire,1360400054012136039,43,7
2681,40,0.65,Bot4,0,38,caught_by_fire,1360400054012136039,43,7
2682,40,0.65,Bot1,1,43,button,2143026839383804910,43,42
2682,40,0.65,Bot2,1,43,button,2143026839383804910,43,42
2682,40,0.65,Bot3,1,43,button,2143026839383804910,43,42
2682,40,0.65,Bot4,1,43,button,2143026839383804910,43,42
2683,40,0.65,Bot1,1,8,button,5533609159012981188,8,18
2683,40,0.65,Bot2,1,8,button,5533609159012981188,8,18
2683,40,0.65,Bot3,1,8,button,5533609159012981188,8,18
2683,40,0.65,Bot4,1,8,button,5533609159012981188,8,18
2684,40,0.65,Bot1,0,20,caught_by_fire,15023672065285071481,69,46
2684,40,0.65,Bot2,0,56,caught_by_fire,15023672065285071481,69,46
2684,40,0.65,Bot3,0,57,caught_by_fire,15023672065285071481,69,46
2684,40,0.65,Bot4,0,56,caught_by_fire,15023672065285071481,69,46
2685,40,0.65,Bot1,1,9,button,10381518968437667301,9,60
2685,40,0.65,Bot2,1,9,button,10381518968437667301,9,60
2685,40,0.65,Bot3,1,9,button,10381518968437667301,9,60
2685,40,0.65,Bot4,1,9,button,10381518968437667301,9,60
2686,40,0.65,Bot1,1,42,button,2658026307942502502,42,37
2686,40,0.65,Bot2,1,42,button,2658026307942502502,42,37
2686,40,0.65,Bot3,1,42,button,2658026307942502502,42,37
2686,40,0.65,Bot4,1,42,button,2658026307942502502,42,37
2687,40,0.65,Bot1,1,21,button,17400623181154829077,21,36
2687,40,0.65,Bot2,1,21,button,17400623181154829077,21,36
2687,40,0.65,Bot3,1,21,button,17400623181154829077,21,36
2687,40,0.65,Bot4,1,21,button,17400623181154829077,21,36
2688,40,0.65,Bot1,0,29,walked_into_fire,11322611205434477682,38,16
2688,40,0.65,Bot2,0,37,caught_by_fire,11322611205434477682,38,16
2688,40,0.65,Bot3,0,37,caught_by_fire,11322611205434477682,38,16
2688,40,0.65,Bot4,0,37,caught_by_fire,11322611205434477682,38,16
2689,40,0.65,Bot1,0,16,caught_by_fire,13921834145594678548,38,29
2689,40,0.65,Bot2,0,44,caught_by_fire,13921834145594678548,38,29
2689,40,0.65,Bot3,0,47,caught_by_fire,13921834145594678548,38,29
2689,40,0.65,Bot4,0,44,caught_by_fire,13921834145594678548,38,29
2690,40,0.65,Bot1,0,31,caught_by_fire,9865602424951228227,51,28
2690,40,0.65,Bot2,0,51,caught_by_fire,9865602424951228227,51,28
2690,40,0.65,Bot3,0,51,caught_by_fire,9865602424951228227,51,28
2690,40,0.65,Bot4,0,50,caught_by_fire,9865602424951228227,51,28
2691,40,0.65,Bot1,1,21,button,10047919171966475077,21,72
2691,40,0.65,Bot2,1,21,button,10047919171966475077,21,72
2691,40,0.65,Bot3,1,21,button,10047919171966475077,21,72
2691,40,0.65,Bot4,1,21,button,10047919171966475077,21,72
2692,40,0.65,Bot1,1,27,button,4992841862272059029,27,31
2692,40,0.65,Bot2,1,27,button,4992841862272059029,27,31
2692,40,0.65,Bot3,1,27,button,4992841862272059029,27,31
2692,40,0.65,Bot4,1,27,button,4992841862272059029,27,31
2693,40,0.65,Bot1,1,21,button,2623432764629720088,21,46
2693,40,0.65,Bot2,1,21,button,2623432764629720088,21,46
2693,40,0.65,Bot3,1,21,button,2623432764629720088,21,46
2693,40,0.65,Bot4,1,21,button,2623432764629720088,21,46
2694,40,0.65,Bot1,1,25,button,7474200893024300896,25,29
2694,40,0.65,Bot2,1,25,button,7474200893024300896,25,29
2694,40,0.65,Bot3,1,25,button,7474200893024300896,25,29
2694,40,0.65,Bot4,1,25,button,7474200893024300896,25,29
2695,40,0.65,Bot1,1,48,button,12856565359919139914,48,42
2695,40,0.65,Bot2,1,48,button,12856565359919139914,48,42
2695,40,0.65,Bot3,1,48,button,12856565359919139914,48,42
2695,40,0.65,Bot4,1,48,button,12856565359919139914,48,42
2696,40,0.65,Bot1,1,50,button,16351100801582915265,50,40
2696,40,0.65,Bot2,1,50,button,16351100801582915265,50,40
2696,40,0.65,Bot3,1,50,button,16351100801582915265,50,40
2696,40,0.65,Bot4,1,50,button,16351100801582915265,50,40
2697,40,0.65,Bot1,0,18,walked_into_fire,10041296104742967051,47,26
2697,40,0.65,Bot2,0,51,caught_by_fire,10041296104742967051,47,26
2697,40,0.65,Bot3,0,51,caught_by_fire,10041296104742967051,47,26
2697,40,0.65,Bot4,0,51,caught_by_fire,10041296104742967051,47,26
2698,40,0.65,Bot1,0,36,walked_into_fire,17306620820587682390,64,49
2698,40,0.65,Bot2,0,36,caught_by_fire,17306620820587682390,64,49
2698,40,0.65,Bot3,0,36,caught_by_fire,17306620820587682390,64,49
2698,40,0.65,Bot4,0,36,caught_by_fire,17306620820587682390,64,49
2699,40,0.65,Bot1,1,19,button,17279237060188565927,19,40
2699,40,0.65,Bot2,1,19,button,17279237060188565927,19,40
2699,40,0.65,Bot3,1,19,button,17279237060188565927,19,40
2699,40,0.65,Bot4,1,19,button,17279237060188565927,19,40
2700,40,0.65,Bot1,0,28,walked_into_fire,11399323742058122050,39,22
2700,40,0.65,Bot2,0,27,caught_by_fire,11399323742058122050,39,22
2700,40,0.65,Bot3,0,27,caught_by_fire,11399323742058122050,39,22
2700,40,0.65,Bot4,0,31,caught_by_fire,11399323742058122050,39,22
2701,40,0.65,Bot1,1,27,button,10329075084106594510,27,33
2701,40,0.65,Bot2,1,27,button,10329075084106594510,27,33
2701,40,0.65,Bot3,1,27,button,10329075084106594510,27,33
2701,40,0.65,Bot4,1,27,button,10329075084106594510,27,33
2702,40,0.65,Bot1,1,41,button,6567416384525086659,41,57
2702,40,0.65,Bot2,1,41,button,6567416384525086659,41,57
2702,40,0.65,Bot3,1,41,button,6567416384525086659,41,57
2702,40,0.65,Bot4,1,41,button,6567416384525086659,41,57
2703,40,0.65,Bot1,1,35,button,14072120213850215311,35,29
2703,40,0.65,Bot2,1,35,button,14072120213850215311,35,29
2703,40,0.65,Bot3,1,35,button,14072120213850215311,35,29
2703,40,0.65,Bot4,1,35,button,14072120213850215311,35,29
2704,40,0.65,Bot1,1,11,button,10346464959588774533,11,36
2704,40,0.65,Bot2,1,11,button,10346464959588774533,11,36
2704,40,0.65,Bot3,1,11,button,10346464959588774533,11,36
2704,40,0.65,Bot4,1,11,button,10346464959588774533,11,36
2705,40,0.65,Bot1,1,39,button,9159327425278684880,39,41
2705,40,0.65,Bot2,1,39,button,9159327425278684880,39,41
2705,40,0.65,Bot3,1,39,button,9159327425278684880,39,41
2705,40,0.65,Bot4,1,39,button,9159327425278684880,39,41
2706,40,0.65,Bot1,1,38,button,15461908804234217596,38,63
2706,40,0.65,Bot2,1,38,button,15461908804234217596,38,63
2706,40,0.65,Bot3,1,38,button,15461908804234217596,38,63
2706,40,0.65,Bot4,1,38,button,15461908804234217596,38,63
2707,40,0.65,Bot1,0,6,walked_into_fire,1031021725228520043,7,5
2707,40,0.65,Bot2,0,9,caught_by_fire,1031021725228520043,7,5
2707,40,0.65,Bot3,0,9,caught_by_fire,1031021725228520043,7,5
2707,40,0.65,Bot4,1,7,button,1031021725228520043,7,5
2708,40,0.65,Bot1,1,12,button,1105099309943876333,12,39
2708,40,0.65,Bot2,1,12,button,1105099309943876333,12,39
2708,40,0.65,Bot3,1,12,button,1105099309943876333,12,39
2708,40,0.65,Bot4,1,12,button,1105099309943876333,12,39
2709,40,0.65,Bot1,1,23,button,8636699399602686773,23,30
2709,40,0.65,Bot2,1,23,button,8636699399602686773,23,30
2709,40,0.65,Bot3,1,23,button,8636699399602686773,23,30
2709,40,0.65,Bot4,1,23,button,8636699399602686773,23,30
2710,40,0.65,Bot1,1,30,button,10550733730049417282,30,31
2710,40,0.65,Bot2,1,30,button,10550733730049417282,30,31
2710,40,0.65,Bot3,1,30,button,10550733730049417282,30,31
2710,40,0.65,Bot4,1,30,button,10550733730049417282,30,31
2711,40,0.65,Bot1,0,7,walked_into_fire,2245848860828264341,36,25
2711,40,0.65,Bot2,0,34,caught_by_fire,2245848860828264341,36,25
2711,40,0.65,Bot3,0,28,caught_by_fire,2245848860828264341,36,25
2711,40,0.65,Bot4,0,28,caught_by_fire,2245848860828264341,36,25
2712,40,0.65,Bot1,1,26,button,123814691690056692,26,28
2712,40,0.65,Bot2,1,26,button,123814691690056692,26,28
2712,40,0.65,Bot3,1,26,button,123814691690056692,26,28
2712,40,0.65,Bot4,1,26,button,123814691690056692,26,28
2713,40,0.65,Bot1,0,17,caught_by_fire,8147960681760267911,44,22
2713,40,0.65,Bot2,0,37,caught_by_fire,8147960681760267911,44,22
2713,40,0.65,Bot3,0,34,caught_by_fire,8147960681760267911,44,22
2713,40,0.65,Bot4,0,37,caught_by_fire,8147960681760267911,44,22
2714,40,0.65,Bot1,0,44,caught_by_fire,18243253223040820685,57,32
2714,40,0.65,Bot2,0,40,caught_by_fire,18243253223040820685,57,32
2714,40,0.65,Bot3,0,40,caught_by_fire,18243253223040820685,57,32
2714,40,0.65,Bot4,0,40,caught_by_fire,18243253223040820685,57,32
2715,40,0.65,Bot1,1,13,button,18131947387176559444,13,33
2715,40,0.65,Bot2,1,13,button,18131947387176559444,13,33
2715,40,0.65,Bot3,1,13,button,18131947387176559444,13,33
2715,40,0.65,Bot4,1,13,button,18131947387176559444,13,33
2716,40,0.65,Bot1,1,27,button,444250608343851164,27,66
2716,40,0.65,Bot2,1,27,button,444250608343851164,27,66
2716,40,0.65,Bot3,1,27,button,444250608343851164,27,66
2716,40,0.65,Bot4,1,27,button,444250608343851164,27,66
2717,40,0.65,Bot1,1,57,button,11094486093355474851,57,62
2717,40,0.65,Bot2,1,57,button,11094486093355474851,57,62
2717,40,0.65,Bot3,1,57,button,11094486093355474851,57,62
2717,40,0.65,Bot4,1,57,button,11094486093355474851,57,62
2718,40,0.65,Bot1,1,18,button,14973756952236117982,18,47
2718,40,0.65,Bot2,1,18,button,14973756952236117982,18,47
2718,40,0.65,Bot3,1,18,button,14973756952236117982,18,47
2718,40,0.65,Bot4,1,18,button,14973756952236117982,18,47
2719,40,0.65,Bot1,1,28,button,3772199813077994736,28,51
2719,40,0.65,Bot2,1,28,button,3772199813077994736,28,51
2719,40,0.65,Bot3,1,28,button,3772199813077994736,28,51
2719,40,0.65,Bot4,1,28,button,3772199813077994736,28,51
2720,40,0.65,Bot1,0,45,walked_into_fire,15608351669995587616,47,31
2720,40,0.65,Bot2,0,45,caught_by_fire,15608351669995587616,47,31
2720,40,0.65,Bot3,0,48,caught_by_fire,15608351669995587616,47,31
2720,40,0.65,Bot4,0,45,caught_by_fire,15608351669995587616,47,31
2721,40,0.65,Bot1,0,6,walked_into_fire,1550485444932940501,39,31
2721,40,0.65,Bot2,0,24,caught_by_fire,1550485444932940501,39,31
2721,40,0.65,Bot3,0,52,caught_by_fire,1550485444932940501,39,31
2721,40,0.65,Bot4,0,21,caught_by_fire,1550485444932940501,39,31
2722,40,0.65,Bot1,1,13,button,6287815737469785770,13,46
2722,40,0.65,Bot2,1,13,button,6287815737469785770,13,46
2722,40,0.65,Bot3,1,13,button,6287815737469785770,13,46
2722,40,0.65,Bot4,1,13,button,6287815737469785770,13,46
2723,40,0.65,Bot1,1,14,button,17105991240800297169,14,52
2723,40,0.65,Bot2,1,14,button,17105991240800297169,14,52
2723,40,0.65,Bot3,1,14,button,17105991240800297169,14,52
2723,40,0.65,Bot4,1,14,button,17105991240800297169,14,52
2724,40,0.65,Bot1,0,38,walked_into_fire,9564878798802307850,41,29
2724,40,0.65,Bot2,0,40,caught_by_fire,9564878798802307850,41,29
2724,40,0.65,Bot3,0,40,caught_by_fire,9564878798802307850,41,29
2724,40,0.65,Bot4,0,40,caught_by_fire,9564878798802307850,41,29
2725,40,0.65,Bot1,1,13,button,13908383276057442592,13,27
2725,40,0.65,Bot2,1,13,button,13908383276057442592,13,27
2725,40,0.65,Bot3,1,13,button,13908383276057442592,13,27
2725,40,0.65,Bot4,1,13,button,13908383276057442592,13,27
2726,40,0.65,Bot1,0,13,walked_into_fire,8815025437069775101,30,11
2726,40,0.65,Bot2,0,30,caught_by_fire,8815025437069775101,30,11
2726,40,0.65,Bot3,0,32,caught_by_fire,8815025437069775101,30,11
2726,40,0.65,Bot4,0,30,caught_by_fire,8815025437069775101,30,11
2727,40,0.65,Bot1,0,29,caught_by_fire,8807674004673827284,37,24
2727,40,0.65,Bot2,0,35,caught_by_fire,8807674004673827284,37,24
2727,40,0.65,Bot3,0,35,caught_by_fire,8807674004673827284,37,24
2727,40,0.65,Bot4,0,35,caught_by_fire,8807674004673827284,37,24
2728,40,0.65,Bot1,1,18,button,2078498045372696222,18,37
2728,40,0.65,Bot2,1,18,button,2078498045372696222,18,37
2728,40,0.65,Bot3,1,18,button,2078498045372696222,18,37
2728,40,0.65,Bot4,1,18,button,2078498045372696222,18,37
2729,40,0.65,Bot1,1,29,button,2709018673944970352,29,43
2729,40,0.65,Bot2,1,29,button,2709018673944970352,29,43
2729,40,0.65,Bot3,1,29,button,2709018673944970352,29,43
2729,40,0.65,Bot4,1,29,button,2709018673944970352,29,43
2730,40,0.65,Bot1,0,18,walked_into_fire,1613872964843844000,39,26
2730,40,0.65,Bot2,0,37,caught_by_fire,1613872964843844000,39,26
2730,40,0.65,Bot3,0,41,caught_by_fire,1613872964843844000,39,26
2730,40,0.65,Bot4,0,37,caught_by_fire,1613872964843844000,39,26
2731,40,0.65,Bot1,1,55,button,14790289950751946715,55,42
2731,40,0.65,Bot2,1,55,button,14790289950751946715,55,42
2731,40,0.65,Bot3,1,55,button,14790289950751946715,55,42
2731,40,0.65,Bot4,1,55,button,14790289950751946715,55,42
2732,40,0.65,Bot1,0,31,walked_into_fire,11476495008388791081,39,22
2732,40,0.65,Bot2,0,34,caught_by_fire,11476495008388791081,39,22
2732,40,0.65,Bot3,0,34,caught_by_fire,11476495008388791081,39,22
2732,40,0.65,Bot4,0,36,caught_by_fire,11476495008388791081,39,22
2733,40,0.65,Bot1,0,33,walked_into_fire,4826558689088721896,39,19
2733,40,0.65,Bot2,0,42,caught_by_fire,4826558689088721896,39,19
2733,40,0.65,Bot3,0,42,caught_by_fire,4826558689088721896,39,19
2733,40,0.65,Bot4,0,42,caught_by_fire,4826558689088721896,39,19
2734,40,0.65,Bot1,1,33,button,12678841700919587137,33,66
2734,40,0.65,Bot2,1,33,button,12678841700919587137,33,66
2734,40,0.65,Bot3,1,33,button,12678841700919587137,33,66
2734,40,0.65,Bot4,1,33,button,12678841700919587137,33,66
2735,40,0.65,Bot1,0,47,walked_into_fire,8108336093223713022,52,30
2735,40,0.65,Bot2,0,49,caught_by_fire,8108336093223713022,52,30
2735,40,0.65,Bot3,0,51,caught_by_fire,8108336093223713022,52,30
2735,40,0.65,Bot4,0,50,caught_by_fire,8108336093223713022,52,30
2736,40,0.65,Bot1,1,42,button,14463001504791324259,42,40
2736,40,0.65,Bot2,1,42,button,14463001504791324259,42,40
2736,40,0.65,Bot3,1,42,button,14463001504791324259,42,40
2736,40,0.65,Bot4,1,42,button,14463001504791324259,42,40
2737,40,0.65,Bot1,0,27,walked_into_fire,15304900338013137985,57,12
2737,40,0.65,Bot2,0,48,caught_by_fire,15304900338013137985,57,12
2737,40,0.65,Bot3,0,48,caught_by_fire,15304900338013137985,57,12
2737,40,0.65,Bot4,0,48,caught_by_fire,15304900338013137985,57,12
2738,40,0.65,Bot1,1,37,button,799836465029761138,37,52
2738,40,0.65,Bot2,1,37,button,799836465029761138,37,52
2738,40,0.65,Bot3,1,37,button,799836465029761138,37,52
2738,40,0.65,Bot4,1,37,button,799836465029761138,37,52
2739,40,0.65,Bot1,1,30,button,15125335151506410620,30,36
2739,40,0.65,Bot2,1,30,button,15125335151506410620,30,36
2739,40,0.65,Bot3,1,30,button,15125335151506410620,30,36
2739,40,0.65,Bot4,1,30,button,15125335151506410620,30,36
2740,40,0.65,Bot1,1,49,button,17949440974681968244,49,44
2740,40,0.65,Bot2,1,49,button,17949440974681968244,49,44
2740,40,0.65,Bot3,1,49,button,17949440974681968244,49,44
2740,40,0.65,Bot4,1,49,button,17949440974681968244,49,44
2741,40,0.65,Bot1,1,10,button,11576426530212173765,10,37
2741,40,0.65,Bot2,1,10,button,11576426530212173765,10,37
2741,40,0.65,Bot3,1,10,button,11576426530212173765,10,37
2741,40,0.65,Bot4,1,10,button,11576426530212173765,10,37
2742,40,0.65,Bot1,1,43,button,3815260967386213004,43,50
2742,40,0.65,Bot2,1,43,button,3815260967386213004,43,50
2742,40,0.65,Bot3,1,43,button,3815260967386213004,43,50
2742,40,0.65,Bot4,1,43,button,3815260967386213004,43,50
2743,40,0.65,Bot1,1,42,button,10957596091420885249,42,43
2743,40,0.65,Bot2,1,42,button,10957596091420885249,42,43
2743,40,0.65,Bot3,1,42,button,10957596091420885249,42,43
2743,40,0.65,Bot4,1,42,button,10957596091420885249,42,43
2744,40,0.65,Bot1,1,48,button,14341961553128879159,48,43
2744,40,0.65,Bot2,1,48,button,14341961553128879159,48,43
2744,40,0.65,Bot3,1,48,button,14341961553128879159,48,43
2744,40,0.65,Bot4,1,48,button,14341961553128879159,48,43
2745,40,0.65,Bot1,0,10,walked_into_fire,17259684995153272397,23,10
2745,40,0.65,Bot2,0,21,caught_by_fire,17259684995153272397,23,10
2745,40,0.65,Bot3,0,23,caught_by_fire,17259684995153272397,23,10
2745,40,0.65,Bot4,0,22,caught_by_fire,17259684995153272397,23,10
2746,40,0.65,Bot1,0,21,walked_into_fire,6478037480823139549,34,23
2746,40,0.65,Bot2,0,21,caught_by_fire,6478037480823139549,34,23
2746,40,0.65,Bot3,0,28,caught_by_fire,6478037480823139549,34,23
2746,40,0.65,Bot4,0,48,caught_by_fire,6478037480823139549,34,23
2747,40,0.65,Bot1,1,16,button,5331699498049497512,16,23
2747,40,0.65,Bot2,1,16,button,5331699498049497512,16,23
2747,40,0.65,Bot3,1,16,button,5331699498049497512,16,23
2747,40,0.65,Bot4,1,16,button,5331699498049497512,16,23
2748,40,0.65,Bot1,1,36,button,9737516508435773771,36,36
2748,40,0.65,Bot2,1,36,button,9737516508435773771,36,36
2748,40,0.65,Bot3,1,36,button,9737516508435773771,36,36
2748,40,0.65,Bot4,1,36,button,9737516508435773771,36,36
2749,40,0.65,Bot1,0,10,walked_into_fire,14632764696282224416,20,14
2749,40,0.65,Bot2,0,28,caught_by_fire,14632764696282224416,20,14
2749,40,0.65,Bot3,0,28,caught_by_fire,14632764696282224416,20,14
2749,40,0.65,Bot4,0,30,caught_by_fire,14632764696282224416,20,14
2750,40,0.65,Bot1,0,30,caught_by_fire,15949236433354810806,45,15
2750,40,0.65,Bot2,0,43,caught_by_fire,15949236433354810806,45,15
2750,40,0.65,Bot3,0,43,caught_by_fire,15949236433354810806,45,15
2750,40,0.65,Bot4,0,41,caught_by_fire,15949236433354810806,45,15
2751,40,0.65,Bot1,1,61,button,14502022335170208590,61,56
2751,40,0.65,Bot2,1,61,button,14502022335170208590,61,56
2751,40,0.65,Bot3,1,61,button,14502022335170208590,61,56
2751,40,0.65,Bot4,1,61,button,14502022335170208590,61,56
2752,40,0.65,Bot1,1,33,button,6235158539728680325,33,44
2752,40,0.65,Bot2,1,33,button,6235158539728680325,33,44
2752,40,0.65,Bot3,1,33,button,6235158539728680325,33,44
2752,40,0.65,Bot4,1,33,button,6235158539728680325,33,44
2753,40,0.65,Bot1,1,72,button,16547603477381916240,72,65
2753,40,0.65,Bot2,1,72,button,16547603477381916240,72,65
2753,40,0.65,Bot3,1,72,button,16547603477381916240,72,65
2753,40,0.65,Bot4,1,72,button,16547603477381916240,72,65
2754,40,0.65,Bot1,1,29,button,6938416781427687877,29,69
2754,40,0.65,Bot2,1,29,button,6938416781427687877,29,69
2754,40,0.65,Bot3,1,29,button,6938416781427687877,29,69
2754,40,0.65,Bot4,1,29,button,6938416781427687877,29,69
2755,40,0.65,Bot1,0,38,walked_into_fire,17435767317015254712,50,26
2755,40,0.65,Bot2,0,38,caught_by_fire,17435767317015254712,50,26
2755,40,0.65,Bot3,0,38,caught_by_fire,17435767317015254712,50,26
2755,40,0.65,Bot4,0,38,caught_by_fire,17435767317015254712,50,26
2756,40,0.65,Bot1,1,19,button,9943773423427551955,19,40
2756,40,0.65,Bot2,1,19,button,9943773423427551955,19,40
2756,40,0.65,Bot3,1,19,button,9943773423427551955,19,40
2756,40,0.65,Bot4,1,19,button,9943773423427551955,19,40
2757,40,0.65,Bot1,0,14,caught_by_fire,13708377192759669636,31,17
2757,40,0.65,Bot2,0,21,caught_by_fire,13708377192759669636,31,17
2757,40,0.65,Bot3,0,23,caught_by_fire,13708377192759669636,31,17
2757,40,0.65,Bot4,0,21,caught_by_fire,13708377192759669636,31,17
2758,40,0.65,Bot1,0,23,walked_into_fire,9037279420993542505,41,19
2758,40,0.65,Bot2,0,30,caught_by_fire,9037279420993542505,41,19
2758,40,0.65,Bot3,0,32,caught_by_fire,9037279420993542505,41,19
2758,40,0.65,Bot4,0,30,caught_by_fire,9037279420993542505,41,19
2759,40,0.65,Bot1,0,16,caught_by_fire,10788344974938566143,21,7
2759,40,0.65,Bot2,0,25,caught_by_fire,10788344974938566143,21,7
2759,40,0.65,Bot3,0,25,caught_by_fire,10788344974938566143,21,7
2759,40,0.65,Bot4,0,23,caught_by_fire,10788344974938566143,21,7
2760,40,0.65,Bot1,0,33,caught_by_fire,4520653380700284575,60,10
2760,40,0.65,Bot2,0,60,caught_by_fire,4520653380700284575,60,10
2760,40,0.65,Bot3,0,60,caught_by_fire,4520653380700284575,60,10
2760,40,0.65,Bot4,0,60,caught_by_fire,4520653380700284575,60,10
2761,40,0.65,Bot1,1,32,button,13604785706473901406,32,37
2761,40,0.65,Bot2,1,32,button,13604785706473901406,32,37
2761,40,0.65,Bot3,1,32,button,13604785706473901406,32,37
2761,40,0.65,Bot4,1,32,button,13604785706473901406,32,37
2762,40,0.65,Bot1,1,19,button,2101331940677331512,19,42
2762,40,0.65,Bot2,1,19,button,2101331940677331512,19,42
2762,40,0.65,Bot3,1,19,button,2101331940677331512,19,42
2762,40,0.65,Bot4,1,19,button,2101331940677331512,19,42
2763,40,0.65,Bot1,1,49,button,15415439615322099173,49,42
2763,40,0.65,Bot2,1,49,button,15415439615322099173,49,42
2763,40,0.65,Bot3,1,49,button,15415439615322099173,49,42
2763,40,0.65,Bot4,1,49,button,15415439615322099173,49,42
2764,40,0.65,Bot1,1,35,button,7080020914741057319,35,55
2764,40,0.65,Bot2,1,35,button,7080020914741057319,35,55
2764,40,0.65,Bot3,1,35,button,7080020914741057319,35,55
2764,40,0.65,Bot4,1,35,button,7080020914741057319,35,55
2765,40,0.65,Bot1,0,15,caught_by_fire,7948622031963401609,41,17
2765,40,0.65,Bot2,0,19,caught_by_fire,7948622031963401609,41,17
2765,40,0.65,Bot3,0,27,caught_by_fire,7948622031963401609,41,17
2765,40,0.65,Bot4,0,19,caught_by_fire,7948622031963401609,41,17
2766,40,0.65,Bot1,1,19,button,12128446899116651094,19,29
2766,40,0.65,Bot2,1,19,button,12128446899116651094,19,29
2766,40,0.65,Bot3,1,19,button,12128446899116651094,19,29
2766,40,0.65,Bot4,1,19,button,12128446899116651094,19,29
2767,40,0.65,Bot1,0,10,walked_into_fire,7321705432094641379,12,3
2767,40,0.65,Bot2,0,15,caught_by_fire,7321705432094641379,12,3
2767,40,0.65,Bot3,0,15,caught_by_fire,7321705432094641379,12,3
2767,40,0.65,Bot4,0,12,caught_by_fire,7321705432094641379,12,3
2768,40,0.65,Bot1,0,26,walked_into_fire,16056227984098274700,30,23
2768,40,0.65,Bot2,0,33,caught_by_fire,16056227984098274700,30,23
2768,40,0.65,Bot3,0,35,caught_by_fire,16056227984098274700,30,23
2768,40,0.65,Bot4,0,35,caught_by_fire,16056227984098274700,30,23
2769,40,0.65,Bot1,1,39,button,17591290521238302153,39,59
2769,40,0.65,Bot2,1,39,button,17591290521238302153,39,59
2769,40,0.65,Bot3,1,39,button,17591290521238302153,39,59
2769,40,0.65,Bot4,1,39,button,17591290521238302153,39,59
2770,40,0.65,Bot1,0,23,walked_into_fire,16914331320684376226,59,39
2770,40,0.65,Bot2,0,47,caught_by_fire,16914331320684376226,59,39
2770,40,0.65,Bot3,0,48,caught_by_fire,16914331320684376226,59,39
2770,40,0.65,Bot4,0,47,caught_by_fire,16914331320684376226,59,39
2771,40,0.65,Bot1,1,44,button,51649791763191576,44,46
2771,40,0.65,Bot2,1,44,button,51649791763191576,44,46
2771,40,0.65,Bot3,1,44,button,51649791763191576,44,46
2771,40,0.65,Bot4,1,44,button,51649791763191576,44,46
2772,40,0.65,Bot1,0,27,walked_into_fire,2015703321236753807,54,16
2772,40,0.65,Bot2,0,39,caught_by_fire,2015703321236753807,54,16
2772,40,0.65,Bot3,0,39,caught_by_fire,2015703321236753807,54,16
2772,40,0.65,Bot4,0,40,caught_by_fire,2015703321236753807,54,16
2773,40,0.65,Bot1,1,8,button,18344306301580614634,8,59
2773,40,0.65,Bot2,1,8,button,18344306301580614634,8,59
2773,40,0.65,Bot3,1,8,button,18344306301580614634,8,59
2773,40,0.65,Bot4,1,8,button,18344306301580614634,8,59
2774,40,0.65,Bot1,0,21,walked_into_fire,8038607409877021240,37,28
2774,40,0.65,Bot2,0,42,caught_by_fire,8038607409877021240,37,28
2774,40,0.65,Bot3,0,41,caught_by_fire,8038607409877021240,37,28
2774,40,0.65,Bot4,0,42,caught_by_fire,8038607409877021240,37,28
2775,40,0.65,Bot1,1,30,button,16670335872271807916,30,49
2775,40,0.65,Bot2,1,30,button,16670335872271807916,30,49
2775,40,0.65,Bot3,1,30,button,16670335872271807916,30,49
2775,40,0.65,Bot4,1,30,button,16670335872271807916,30,49
2776,40,0.65,Bot1,1,58,button,7976344464932454015,58,47
2776,40,0.65,Bot2,1,58,button,7976344464932454015,58,47
2776,40,0.65,Bot3,1,58,button,7976344464932454015,58,47
2776,40,0.65,Bot4,1,58,button,7976344464932454015,58,47
2777,40,0.65,Bot1,1,43,button,10991860965209228731,43,56
2777,40,0.65,Bot2,1,43,button,10991860965209228731,43,56
2777,40,0.65,Bot3,1,43,button,10991860965209228731,43,56
2777,40,0.65,Bot4,1,43,button,10991860965209228731,43,56
2778,40,0.65,Bot1,1,17,button,14382504081383268485,17,39
2778,40,0.65,Bot2,1,17,button,14382504081383268485,17,39
2778,40,0.65,Bot3,1,17,button,14382504081383268485,17,39
2778,40,0.65,Bot4,1,17,button,14382504081383268485,17,39
2779,40,0.65,Bot1,0,17,walked_into_fire,17841174249357609364,19,10
2779,40,0.65,Bot2,0,23,caught_by_fire,17841174249357609364,19,10
2779,40,0.65,Bot3,0,23,caught_by_fire,17841174249357609364,19,10
2779,40,0.65,Bot4,0,19,caught_by_fire,17841174249357609364,19,10
2780,40,0.65,Bot1,0,26,walked_into_fire,9580292367549468127,38,15
2780,40,0.65,Bot2,0,39,caught_by_fire,9580292367549468127,38,15
2780,40,0.65,Bot3,0,41,caught_by_fire,9580292367549468127,38,15
2780,40,0.65,Bot4,0,39,caught_by_fire,9580292367549468127,38,15
2781,40,0.65,Bot1,0,36,caught_by_fire,15111751580351391307,45,27
2781,40,0.65,Bot2,0,44,caught_by_fire,15111751580351391307,45,27
2781,40,0.65,Bot3,0,44,caught_by_fire,15111751580351391307,45,27
2781,40,0.65,Bot4,0,44,caught_by_fire,15111751580351391307,45,27
2782,40,0.65,Bot1,1,2,button,9541811000109414086,2,15
2782,40,0.65,Bot2,1,2,button,9541811000109414086,2,15
2782,40,0.65,Bot3,1,2,button,9541811000109414086,2,15
2782,40,0.65,Bot4,1,2,button,9541811000109414086,2,15
2783,40,0.65,Bot1,1,40,button,5894938566938591708,40,46
2783,40,0.65,Bot2,1,40,button,5894938566938591708,40,46
2783,40,0.65,Bot3,1,40,button,5894938566938591708,40,46
2783,40,0.65,Bot4,1,40,button,5894938566938591708,40,46
2784,40,0.65,Bot1,1,30,button,16029421531992552968,30,20
2784,40,0.65,Bot2,1,30,button,16029421531992552968,30,20
2784,40,0.65,Bot3,1,30,button,16029421531992552968,30,20
2784,40,0.65,Bot4,1,30,button,16029421531992552968,30,20
2785,40,0.65,Bot1,1,33,button,4535324760912995063,33,38
2785,40,0.65,Bot2,1,33,button,4535324760912995063,33,38
2785,40,0.65,Bot3,1,33,button,4535324760912995063,33,38
2785,40,0.65,Bot4,1,33,button,4535324760912995063,33,38
2786,40,0.65,Bot1,1,24,button,1349696137284148426,24,31
2786,40,0.65,Bot2,1,24,button,1349696137284148426,24,31
2786,40,0.65,Bot3,1,24,button,1349696137284148426,24,31
2786,40,0.65,Bot4,1,24,button,1349696137284148426,24,31
2787,40,0.65,Bot1,1,39,button,2254707011417965098,39,33
2787,40,0.65,Bot2,1,39,button,2254707011417965098,39,33
2787,40,0.65,Bot3,1,39,button,2254707011417965098,39,33
2787,40,0.65,Bot4,1,39,button,2254707011417965098,39,33
2788,40,0.65,Bot1,1,5,button,12773959071485520007,5,10
2788,40,0.65,Bot2,1,5,button,12773959071485520007,5,10
2788,40,0.65,Bot3,1,5,button,12773959071485520007,5,10
2788,40,0.65,Bot4,1,5,button,12773959071485520007,5,10
2789,40,0.65,Bot1,1,10,button,12316050567492292583,10,40
2789,40,0.65,Bot2,1,10,button,12316050567492292583,10,40
2789,40,0.65,Bot3,1,10,button,12316050567492292583,10,40
2789,40,0.65,Bot4,1,10,button,12316050567492292583,10,40
2790,40,0.65,Bot1,0,21,caught_by_fire,14146062124593167849,49,18
2790,40,0.65,Bot2,0,33,caught_by_fire,14146062124593167849,49,18
2790,40,0.65,Bot3,0,33,caught_by_fire,14146062124593167849,49,18
2790,40,0.65,Bot4,0,33,caught_by_fire,14146062124593167849,49,18
2791,40,0.65,Bot1,1,10,button,17034159159018544361,10,62
2791,40,0.65,Bot2,1,10,button,17034159159018544361,10,62
2791,40,0.65,Bot3,1,10,button,17034159159018544361,10,62
2791,40,0.65,Bot4,1,10,button,17034159159018544361,10,62
2792,40,0.65,Bot1,0,13,walked_into_fire,9497615617668183744,31,14
2792,40,0.65,Bot2,0,14,caught_by_fire,9497615617668183744,31,14
2792,40,0.65,Bot3,0,25,caught_by_fire,9497615617668183744,31,14
2792,40,0.65,Bot4,0,26,caught_by_fire,9497615617668183744,31,14
2793,40,0.65,Bot1,1,24,button,13041615522849637435,24,25
2793,40,0.65,Bot2,1,24,button,13041615522849637435,24,25
2793,40,0.65,Bot3,1,24,button,13041615522849637435,24,25
2793,40,0.65,Bot4,1,24,button,13041615522849637435,24,25
2794,40,0.65,Bot1,1,37,button,10881180304850090672,37,29
2794,40,0.65,Bot2,1,37,button,10881180304850090672,37,29
2794,40,0.65,Bot3,1,37,button,10881180304850090672,37,29
2794,40,0.65,Bot4,1,37,button,10881180304850090672,37,29
2795,40,0.65,Bot1,0,39,caught_by_fire,7693126560546160446,61,32
2795,40,0.65,Bot2,0,44,caught_by_fire,7693126560546160446,61,32
2795,40,0.65,Bot3,0,44,caught_by_fire,7693126560546160446,61,32
2795,40,0.65,Bot4,0,46,caught_by_fire,7693126560546160446,61,32
2796,40,0.65,Bot1,1,27,button,1758435843404123631,27,20
2796,40,0.65,Bot2,1,27,button,1758435843404123631,27,20
2796,40,0.65,Bot3,1,27,button,1758435843404123631,27,20
2796,40,0.65,Bot4,1,27,button,1758435843404123631,27,20
2797,40,0.65,Bot1,0,32,caught_by_fire,18293456454920031881,52,31
2797,40,0.65,Bot2,0,37,caught_by_fire,18293456454920031881,52,31
2797,40,0.65,Bot3,0,37,caught_by_fire,18293456454920031881,52,31
2797,40,0.65,Bot4,0,37,caught_by_fire,18293456454920031881,52,31
2798,40,0.65,Bot1,0,38,walked_into_fire,6660703700612882989,47,28
2798,40,0.65,Bot2,0,43,caught_by_fire,6660703700612882989,47,28
2798,40,0.65,Bot3,0,43,caught_by_fire,6660703700612882989,47,28
2798,40,0.65,Bot4,0,43,caught_by_fire,6660703700612882989,47,28
2799,40,0.65,Bot1,1,36,button,10462689098279634293,36,51
2799,40,0.65,Bot2,1,36,button,10462689098279634293,36,51
2799,40,0.65,Bot3,1,36,button,10462689098279634293,36,51
2799,40,0.65,Bot4,1,36,button,10462689098279634293,36,51
2800,40,0.70,Bot1,1,44,button,10037785267991600818,44,49
2800,40,0.70,Bot2,1,44,button,10037785267991600818,44,49
2800,40,0.70,Bot3,1,44,button,10037785267991600818,44,49
2800,40,0.70,Bot4,1,44,button,10037785267991600818,44,49
2801,40,0.70,Bot1,0,10,caught_by_fire,3116379982093600257,27,17
2801,40,0.70,Bot2,0,33,caught_by_fire,3116379982093600257,27,17
2801,40,0.70,Bot3,0,36,caught_by_fire,3116379982093600257,27,17
2801,40,0.70,Bot4,0,36,caught_by_fire,3116379982093600257,27,17
2802,40,0.70,Bot1,0,25,caught_by_fire,7605370427028817710,47,23
2802,40,0.70,Bot2,0,33,caught_by_fire,7605370427028817710,47,23
2802,40,0.70,Bot3,0,37,caught_by_fire,7605370427028817710,47,23
2802,40,0.70,Bot4,0,33,caught_by_fire,7605370427028817710,47,23
2803,40,0.70,Bot1,0,28,caught_by_fire,14348647760433043685,45,13
2803,40,0.70,Bot2,0,45,caught_by_fire,14348647760433043685,45,13
2803,40,0.70,Bot3,0,45,caught_by_fire,14348647760433043685,45,13
2803,40,0.70,Bot4,0,44,caught_by_fire,14348647760433043685,45,13
2804,40,0.70,Bot1,1,50,button,5636354120232496048,50,48
2804,40,0.70,Bot2,1,50,button,5636354120232496048,50,48
2804,40,0.70,Bot3,1,50,button,5636354120232496048,50,48
2804,40,0.70,Bot4,1,50,button,5636354120232496048,50,48
2805,40,0.70,Bot1,0,14,walked_into_fire,10969717168216725485,54,47
2805,40,0.70,Bot2,0,35,caught_by_fire,10969717168216725485,54,47
2805,40,0.70,Bot3,0,35,caught_by_fire,10969717168216725485,54,47
2805,40,0.70,Bot4,0,35,caught_by_fire,10969717168216725485,54,47
2806,40,0.70,Bot1,1,29,button,3538752144508173258,29,26
2806,40,0.70,Bot2,1,29,button,3538752144508173258,29,26
2806,40,0.70,Bot3,1,29,button,3538752144508173258,29,26
2806,40,0.70,Bot4,1,29,button,3538752144508173258,29,26
2807,40,0.70,Bot1,0,38,caught_by_fire,6401043738110443222,41,25
2807,40,0.70,Bot2,0,46,caught_by_fire,6401043738110443222,41,25
2807,40,0.70,Bot3,0,46,caught_by_fire,6401043738110443222,41,25
2807,40,0.70,Bot4,0,42,caught_by_fire,6401043738110443222,41,25
2808,40,0.70,Bot1,1,37,button,14974318438277055496,37,59
2808,40,0.70,Bot2,1,37,button,14974318438277055496,37,59
2808,40,0.70,Bot3,1,37,button,14974318438277055496,37,59
2808,40,0.70,Bot4,1,37,button,14974318438277055496,37,59
2809,40,0.70,Bot1,0,5,caught_by_fire,11053552806813925357,6,6
2809,40,0.70,Bot2,0,5,caught_by_fire,11053552806813925357,6,6
2809,40,0.70,Bot3,0,10,caught_by_fire,11053552806813925357,6,6
2809,40,0.70,Bot4,0,5,caught_by_fire,11053552806813925357,6,6
2810,40,0.70,Bot1,1,37,button,15771102396872307412,37,44
2810,40,0.70,Bot2,1,37,button,15771102396872307412,37,44
2810,40,0.70,Bot3,1,37,button,15771102396872307412,37,44
2810,40,0.70,Bot4,1,37,button,15771102396872307412,37,44
2811,40,0.70,Bot1,0,31,caught_by_fire,10999276310184769668,49,30
2811,40,0.70,Bot2,0,31,caught_by_fire,10999276310184769668,49,30
2811,40,0.70,Bot3,0,38,caught_by_fire,10999276310184769668,49,30
2811,40,0.70,Bot4,0,31,caught_by_fire,10999276310184769668,49,30
2812,40,0.70,Bot1,1,22,button,11708973276067657412,22,46
2812,40,0.70,Bot2,1,22,button,11708973276067657412,22,46
2812,40,0.70,Bot3,1,22,button,11708973276067657412,22,46
2812,40,0.70,Bot4,1,22,button,11708973276067657412,22,46
2813,40,0.70,Bot1,1,30,button,3822944766107098934,30,33
2813,40,0.70,Bot2,1,30,button,3822944766107098934,30,33
2813,40,0.70,Bot3,1,30,button,3822944766107098934,30,33
2813,40,0.70,Bot4,1,30,button,3822944766107098934,30,33
2814,40,0.70,Bot1,0,32,walked_into_fire,14236956523048073082,52,40
2814,40,0.70,Bot2,0,57,caught_by_fire,14236956523048073082,52,40
2814,40,0.70,Bot3,0,60,caught_by_fire,14236956523048073082,52,40
2814,40,0.70,Bot4,0,57,caught_by_fire,14236956523048073082,52,40
2815,40,0.70,Bot1,1,28,button,1310100581862071641,28,69
2815,40,0.70,Bot2,1,28,button,1310100581862071641,28,69
2815,40,0.70,Bot3,1,28,button,1310100581862071641,28,69
2815,40,0.70,Bot4,1,28,button,1310100581862071641,28,69
2816,40,0.70,Bot1,1,32,button,6604457498087404291,32,31
2816,40,0.70,Bot2,1,32,button,6604457498087404291,32,31
2816,40,0.70,Bot3,1,32,button,6604457498087404291,32,31
2816,40,0.70,Bot4,1,32,button,6604457498087404291,32,31
2817,40,0.70,Bot1,0,16,caught_by_fire,11697756719625780933,28,23
2817,40,0.70,Bot2,0,17,caught_by_fire,11697756719625780933,28,23
2817,40,0.70,Bot3,0,17,caught_by_fire,11697756719625780933,28,23
2817,40,0.70,Bot4,0,17,caught_by_fire,11697756719625780933,28,23
2818,40,0.70,Bot1,1,37,button,14639225259667301520,37,36
2818,40,0.70,Bot2,1,37,button,14639225259667301520,37,36
2818,40,0.70,Bot3,1,37,button,14639225259667301520,37,36
2818,40,0.70,Bot4,1,37,button,14639225259667301520,37,36
2819,40,0.70,Bot1,1,64,button,1646043144112020698,64,66
2819,40,0.70,Bot2,1,64,button,1646043144112020698,64,66
2819,40,0.70,Bot3,1,64,button,1646043144112020698,64,66
2819,40,0.70,Bot4,1,64,button,1646043144112020698,64,66
2820,40,0.70,Bot1,1,31,button,10494499154944567463,31,42
2820,40,0.70,Bot2,1,31,button,10494499154944567463,31,42
2820,40,0.70,Bot3,1,31,button,10494499154944567463,31,42
2820,40,0.70,Bot4,1,31,button,10494499154944567463,31,42
2821,40,0.70,Bot1,0,36,caught_by_fire,12977604573387232014,49,41
2821,40,0.70,Bot2,0,36,caught_by_fire,12977604573387232014,49,41
2821,40,0.70,Bot3,0,36,caught_by_fire,12977604573387232014,49,41
2821,40,0.70,Bot4,0,36,caught_by_fire,12977604573387232014,49,41
2822,40,0.70,Bot1,0,19,walked_into_fire,1162763522434197820,28,2
2822,40,0.70,Bot2,0,37,caught_by_fire,1162763522434197820,28,2
2822,40,0.70,Bot3,0,37,caught_by_fire,1162763522434197820,28,2
2822,40,0.70,Bot4,0,33,caught_by_fire,1162763522434197820,28,2
2823,40,0.70,Bot1,0,16,walked_into_fire,4210834154487649236,55,28
2823,40,0.70,Bot2,0,25,caught_by_fire,4210834154487649236,55,28
2823,40,0.70,Bot3,0,28,caught_by_fire,4210834154487649236,55,28
2823,40,0.70,Bot4,0,28,caught_by_fire,4210834154487649236,55,28
2824,40,0.70,Bot1,0,11,walked_into_fire,15968188451142225295,25,16
2824,40,0.70,Bot2,0,22,caught_by_fire,15968188451142225295,25,16
2824,40,0.70,Bot3,0,22,caught_by_fire,15968188451142225295,25,16
2824,40,0.70,Bot4,0,22,caught_by_fire,15968188451142225295,25,16
2825,40,0.70,Bot1,1,41,button,725145906458519527,41,54
2825,40,0.70,Bot2,1,41,button,725145906458519527,41,54
2825,40,0.70,Bot3,1,41,button,725145906458519527,41,54
2825,40,0.70,Bot4,1,41,button,725145906458519527,41,54
2826,40,0.70,Bot1,0,18,walked_into_fire,9144250415744174898,33,13
2826,40,0.70,Bot2,0,31,caught_by_fire,9144250415744174898,33,13
2826,40,0.70,Bot3,0,28,caught_by_fire,9144250415744174898,33,13
2826,40,0.70,Bot4,0,31,caught_by_fire,9144250415744174898,33,13
2827,40,0.70,Bot1,1,21,button,18121627108035150073,21,29
2827,40,0.70,Bot2,1,21,button,18121627108035150073,21,29
2827,40,0.70,Bot3,1,21,button,18121627108035150073,21,29
2827,40,0.70,Bot4,1,21,button,18121627108035150073,21,29
2828,40,0.70,Bot1,1,36,button,9247113233198154492,36,41
2828,40,0.70,Bot2,1,36,button,9247113233198154492,36,41
2828,40,0.70,Bot3,1,36,button,9247113233198154492,36,41
2828,40,0.70,Bot4,1,36,button,9247113233198154492,36,41
2829,40,0.70,Bot1,0,23,caught_by_fire,8184235937903772,44,15
2829,40,0.70,Bot2,0,39,caught_by_fire,8184235937903772,44,15
2829,40,0.70,Bot3,0,39,caught_by_fire,8184235937903772,44,15
2829,40,0.70,Bot4,0,40,caught_by_fire,8184235937903772,44,15
2830,40,0.70,Bot1,1,39,button,2731378971833740766,39,48
2830,40,0.70,Bot2,1,39,button,2731378971833740766,39,48
2830,40,0.70,Bot3,1,39,button,2731378971833740766,39,48
2830,40,0.70,Bot4,1,39,button,2731378971833740766,39,48
2831,40,0.70,Bot1,1,18,button,7487234890459896918,18,45
2831,40,0.70,Bot2,1,18,button,7487234890459896918,18,45
2831,40,0.70,Bot3,1,18,button,7487234890459896918,18,45
2831,40,0.70,Bot4,1,18,button,7487234890459896918,18,45
2832,40,0.70,Bot1,1,36,button,10580490347647844338,36,40
2832,40,0.70,Bot2,1,36,button,10580490347647844338,36,40
2832,40,0.70,Bot3,1,36,button,10580490347647844338,36,40
2832,40,0.70,Bot4,1,36,button,10580490347647844338,36,40
2833,40,0.70,Bot1,1,41,button,12073977999270138136,41,30
2833,40,0.70,Bot2,1,41,button,12073977999270138136,41,30
2833,40,0.70,Bot3,1,41,button,12073977999270138136,41,30
2833,40,0.70,Bot4,1,41,button,12073977999270138136,41,30
2834,40,0.70,Bot1,1,38,button,6715239682286809481,38,40
2834,40,0.70,Bot2,1,38,button,6715239682286809481,38,40
2834,40,0.70,Bot3,1,38,button,6715239682286809481,38,40
2834,40,0.70,Bot4,1,38,button,6715239682286809481,38,40
2835,40,0.70,Bot1,1,10,button,5718503433382103233,10,62
2835,40,0.70,Bot2,1,10,button,5718503433382103233,10,62
2835,40,0.70,Bot3,1,10,button,5718503433382103233,10,62
2835,40,0.70,Bot4,1,10,button,5718503433382103233,10,62
2836,40,0.70,Bot1,0,43,caught_by_fire,8154633531521180197,44,35
2836,40,0.70,Bot2,0,43,caught_by_fire,8154633531521180197,44,35
2836,40,0.70,Bot3,0,43,caught_by_fire,8154633531521180197,44,35
2836,40,0.70,Bot4,0,43,caught_by_fire,8154633531521180197,44,35
2837,40,0.70,Bot1,1,18,button,11444968480094344150,18,27
2837,40,0.70,Bot2,1,18,button,11444968480094344150,18,27
2837,40,0.70,Bot3,1,18,button,11444968480094344150,18,27
2837,40,0.70,Bot4,1,18,button,11444968480094344150,18,27
2838,40,0.70,Bot1,1,20,button,6681213868854693855,20,11
2838,40,0.70,Bot2,1,20,button,6681213868854693855,20,11
2838,40,0.70,Bot3,1,20,button,6681213868854693855,20,11
2838,40,0.70,Bot4,1,20,button,6681213868854693855,20,11
2839,40,0.70,Bot1,1,17,button,1208171267928759272,17,38
2839,40,0.70,Bot2,1,17,button,1208171267928759272,17,38
2839,40,0.70,Bot3,1,17,button,1208171267928759272,17,38
2839,40,0.70,Bot4,1,17,button,1208171267928759272,17,38
2840,40,0.70,Bot1,1,24,button,13430314908519971333,24,18
2840,40,0.70,Bot2,1,24,button,13430314908519971333,24,18
2840,40,0.70,Bot3,1,24,button,13430314908519971333,24,18
2840,40,0.70,Bot4,1,24,button,13430314908519971333,24,18
2841,40,0.70,Bot1,1,22,button,18196563262307329174,22,39
2841,40,0.70,Bot2,1,22,button,18196563262307329174,22,39
2841,40,0.70,Bot3,1,22,button,18196563262307329174,22,39
2841,40,0.70,Bot4,1,22,button,18196563262307329174,22,39
2842,40,0.70,Bot1,1,36,button,6454353693128002512,36,47
2842,40,0.70,Bot2,1,36,button,6454353693128002512,36,47
2842,40,0.70,Bot3,1,36,button,6454353693128002512,36,47
2842,40,0.70,Bot4,1,36,button,6454353693128002512,36,47
2843,40,0.70,Bot1,0,29,walked_into_fire,3441365846032901451,56,12
2843,40,0.70,Bot2,0,61,caught_by_fire,3441365846032901451,56,12
2843,40,0.70,Bot3,0,61,caught_by_fire,3441365846032901451,56,12
2843,40,0.70,Bot4,0,61,caught_by_fire,3441365846032901451,56,12
2844,40,0.70,Bot1,1,11,button,6996497026870805276,11,44
2844,40,0.70,Bot2,1,11,button,6996497026870805276,11,44
2844,40,0.70,Bot3,1,11,button,6996497026870805276,11,44
2844,40,0.70,Bot4,1,11,button,6996497026870805276,11,44
2845,40,0.70,Bot1,1,31,button,14024022102862062543,31,47
2845,40,0.70,Bot2,1,31,button,14024022102862062543,31,47
2845,40,0.70,Bot3,1,31,button,14024022102862062543,31,47
2845,40,0.70,Bot4,1,31,button,14024022102862062543,31,47
2846,40,0.70,Bot1,0,18,walked_into_fire,4671091938797994029,35,10
2846,40,0.70,Bot2,0,24,caught_by_fire,4671091938797994029,35,10
2846,40,0.70,Bot3,0,24,caught_by_fire,4671091938797994029,35,10
2846,40,0.70,Bot4,0,24,caught_by_fire,4671091938797994029,35,10
2847,40,0.70,Bot1,1,15,button,12356820485695556552,15,29
2847,40,0.70,Bot2,1,15,button,12356820485695556552,15,29
2847,40,0.70,Bot3,1,15,button,12356820485695556552,15,29
2847,40,0.70,Bot4,1,15,button,12356820485695556552,15,29
2848,40,0.70,Bot1,1,26,button,6587867209134037098,26,19
2848,40,0.70,Bot2,1,26,button,6587867209134037098,26,19
2848,40,0.70,Bot3,1,26,button,6587867209134037098,26,19
2848,40,0.70,Bot4,1,26,button,6587867209134037098,26,19
2849,40,0.70,Bot1,1,30,button,4056975280946717920,30,25
2849,40,0.70,Bot2,1,30,button,4056975280946717920,30,25
2849,40,0.70,Bot3,1,30,button,4056975280946717920,30,25
2849,40,0.70,Bot4,1,30,button,4056975280946717920,30,25
2850,40,0.70,Bot1,0,8,walked_into_fire,10042364519243974969,71,62
2850,40,0.70,Bot2,0,21,caught_by_fire,10042364519243974969,71,62
2850,40,0.70,Bot3,0,24,caught_by_fire,10042364519243974969,71,62
2850,40,0.70,Bot4,0,21,caught_by_fire,10042364519243974969,71,62
2851,40,0.70,Bot1,0,34,caught_by_fire,15210496027116953463,37,22
2851,40,0.70,Bot2,0,38,caught_by_fire,15210496027116953463,37,22
2851,40,0.70,Bot3,0,38,caught_by_fire,15210496027116953463,37,22
2851,40,0.70,Bot4,0,37,caught_by_fire,15210496027116953463,37,22
2852,40,0.70,Bot1,1,13,button,14487479113502697838,13,20
2852,40,0.70,Bot2,1,13,button,14487479113502697838,13,20
2852,40,0.70,Bot3,1,13,button,14487479113502697838,13,20
2852,40,0.70,Bot4,1,13,button,14487479113502697838,13,20
2853,40,0.70,Bot1,1,16,button,11193976351028010749,16,19
2853,40,0.70,Bot2,1,16,button,11193976351028010749,16,19
2853,40,0.70,Bot3,1,16,button,11193976351028010749,16,19
2853,40,0.70,Bot4,1,16,button,11193976351028010749,16,19
2854,40,0.70,Bot1,0,9,caught_by_fire,4414596251229542063,44,30
2854,40,0.70,Bot2,0,24,caught_by_fire,4414596251229542063,44,30
2854,40,0.70,Bot3,0,28,caught_by_fire,4414596251229542063,44,30
2854,40,0.70,Bot4,0,33,caught_by_fire,4414596251229542063,44,30
2855,40,0.70,Bot1,1,24,button,12940788022090576865,24,49
2855,40,0.70,Bot2,1,24,button,12940788022090576865,24,49
2855,40,0.70,Bot3,1,24,button,12940788022090576865,24,49
2855,40,0.70,Bot4,1,24,button,12940788022090576865,24,49
2856,40,0.70,Bot1,1,4,button,14198005861353559056,4,57
2856,40,0.70,Bot2,1,4,button,14198005861353559056,4,57
2856,40,0.70,Bot3,1,4,button,14198005861353559056,4,57
2856,40,0.70,Bot4,1,4,button,14198005861353559056,4,57
2857,40,0.70,Bot1,0,24,caught_by_fire,15328679164822456291,54,27
2857,40,0.70,Bot2,0,28,caught_by_fire,15328679164822456291,54,27
2857,40,0.70,Bot3,0,31,caught_by_fire,15328679164822456291,54,27
2857,40,0.70,Bot4,0,28,caught_by_fire,15328679164822456291,54,27
2858,40,0.70,Bot1,1,22,button,2646660229643318442,22,24
2858,40,0.70,Bot2,1,22,button,2646660229643318442,22,24
2858,40,0.70,Bot3,1,22,button,2646660229643318442,22,24
2858,40,0.70,Bot4,1,22,button,2646660229643318442,22,24
2859,40,0.70,Bot1,1,25,button,272564331608779571,25,22
2859,40,0.70,Bot2,1,25,button,272564331608779571,25,22
2859,40,0.70,Bot3,1,25,button,272564331608779571,25,22
2859,40,0.70,Bot4,1,25,button,272564331608779571,25,22
2860,40,0.70,Bot1,1,55,button,3101786775715533382,55,57
2860,40,0.70,Bot2,1,55,button,3101786775715533382,55,57
2860,40,0.70,Bot3,1,55,button,3101786775715533382,55,57
2860,40,0.70,Bot4,1,55,button,3101786775715533382,55,57
2861,40,0.70,Bot1,1,20,button,4313250792366361899,20,20
2861,40,0.70,Bot2,1,20,button,4313250792366361899,20,20
2861,40,0.70,Bot3,1,20,button,4313250792366361899,20,20
2861,40,0.70,Bot4,1,20,button,4313250792366361899,20,20
2862,40,0.70,Bot1,0,34,caught_by_fire,4753492898473714625,37,22
2862,40,0.70,Bot2,0,38,caught_by_fire,4753492898473714625,37,22
2862,40,0.70,Bot3,0,38,caught_by_fire,4753492898473714625,37,22
2862,40,0.70,Bot4,0,37,caught_by_fire,4753492898473714625,37,22
2863,40,0.70,Bot1,1,38,button,1279580796906170180,38,40
2863,40,0.70,Bot2,1,38,button,1279580796906170180,38,40
2863,40,0.70,Bot3,1,38,button,1279580796906170180,38,40
2863,40,0.70,Bot4,1,38,button,1279580796906170180,38,40
2864,40,0.70,Bot1,1,13,button,5480687594689764213,13,24
2864,40,0.70,Bot2,1,13,button,5480687594689764213,13,24
2864,40,0.70,Bot3,1,13,button,5480687594689764213,13,24
2864,40,0.70,Bot4,1,13,button,5480687594689764213,13,24
2865,40,0.70,Bot1,1,17,button,12184077234220138121,17,31
2865,40,0.70,Bot2,1,17,button,12184077234220138121,17,31
2865,40,0.70,Bot3,1,17,button,12184077234220138121,17,31
2865,40,0.70,Bot4,1,17,button,12184077234220138121,17,31
2866,40,0.70,Bot1,1,18,button,3229788545938494610,18,23
2866,40,0.70,Bot2,1,18,button,3229788545938494610,18,23
2866,40,0.70,Bot3,1,18,button,3229788545938494610,18,23
2866,40,0.70,Bot4,1,18,button,3229788545938494610,18,23
2867,40,0.70,Bot1,1,38,button,18236442404349298590,38,37
2867,40,0.70,Bot2,1,38,button,18236442404349298590,38,37
2867,40,0.70,Bot3,1,38,button,18236442404349298590,38,37
2867,40,0.70,Bot4,1,38,button,18236442404349298590,38,37
2868,40,0.70,Bot1,1,34,button,17296024663114263722,34,27
2868,40,0.70,Bot2,1,34,button,17296024663114263722,34,27
2868,40,0.70,Bot3,1,34,button,17296024663114263722,34,27
2868,40,0.70,Bot4,1,34,button,17296024663114263722,34,27
2869,40,0.70,Bot1,0,28,caught_by_fire,15703225167583855380,30,17
2869,40,0.70,Bot2,0,30,caught_by_fire,15703225167583855380,30,17
2869,40,0.70,Bot3,0,30,caught_by_fire,15703225167583855380,30,17
2869,40,0.70,Bot4,0,30,caught_by_fire,15703225167583855380,30,17
2870,40,0.70,Bot1,0,9,caught_by_fire,8925744708817892192,24,22
2870,40,0.70,Bot2,0,18,caught_by_fire,8925744708817892192,24,22
2870,40,0.70,Bot3,0,18,caught_by_fire,8925744708817892192,24,22
2870,40,0.70,Bot4,0,18,caught_by_fire,8925744708817892192,24,22
2871,40,0.70,Bot1,1,24,button,15730621842665502028,24,51
2871,40,0.70,Bot2,1,24,button,15730621842665502028,24,51
2871,40,0.70,Bot3,1,24,button,15730621842665502028,24,51
2871,40,0.70,Bot4,1,24,button,15730621842665502028,24,51
2872,40,0.70,Bot1,1,39,button,491911986742933006,39,58
2872,40,0.70,Bot2,1,39,button,491911986742933006,39,58
2872,40,0.70,Bot3,1,39,button,491911986742933006,39,58
2872,40,0.70,Bot4,1,39,button,491911986742933006,39,58
2873,40,0.70,Bot1,0,31,walked_into_fire,12068438513483155234,47,30
2873,40,0.70,Bot2,0,46,caught_by_fire,12068438513483155234,47,30
2873,40,0.70,Bot3,0,48,caught_by_fire,12068438513483155234,47,30
2873,40,0.70,Bot4,0,47,caught_by_fire,12068438513483155234,47,30
2874,40,0.70,Bot1,0,36,walked_into_fire,9545136112472360950,49,35
2874,40,0.70,Bot2,0,42,caught_by_fire,9545136112472360950,49,35
2874,40,0.70,Bot3,0,42,caught_by_fire,9545136112472360950,49,35
2874,40,0.70,Bot4,0,42,caught_by_fire,9545136112472360950,49,35
2875,40,0.70,Bot1,1,14,button,13993719931875103855,14,22
2875,40,0.70,Bot2,1,14,button,13993719931875103855,14,22
2875,40,0.70,Bot3,1,14,button,13993719931875103855,14,22
2875,40,0.70,Bot4,1,14,button,13993719931875103855,14,22
2876,40,0.70,Bot1,1,38,button,16183804669538509632,38,38
2876,40,0.70,Bot2,1,38,button,16183804669538509632,38,38
2876,40,0.70,Bot3,1,38,button,16183804669538509632,38,38
2876,40,0.70,Bot4,1,38,button,16183804669538509632,38,38
2877,40,0.70,Bot1,1,46,button,12697398715338851243,46,46
2877,40,0.70,Bot2,1,46,button,12697398715338851243,46,46
2877,40,0.70,Bot3,1,46,button,12697398715338851243,46,46
2877,40,0.70,Bot4,1,46,button,12697398715338851243,46,46
2878,40,0.70,Bot1,0,10,caught_by_fire,3981015876803650393,46,35
2878,40,0.70,Bot2,0,33,caught_by_fire,3981015876803650393,46,35
2878,40,0.70,Bot3,0,33,caught_by_fire,3981015876803650393,46,35
2878,40,0.70,Bot4,0,33,caught_by_fire,3981015876803650393,46,35
2879,40,0.70,Bot1,0,20,walked_into_fire,3203741333075778621,55,40
2879,40,0.70,Bot2,0,21,caught_by_fire,3203741333075778621,55,40
2879,40,0.70,Bot3,0,26,caught_by_fire,3203741333075778621,55,40
2879,40,0.70,Bot4,0,21,caught_by_fire,3203741333075778621,55,40
2880,40,0.70,Bot1,1,29,button,11781102649944060157,29,19
2880,40,0.70,Bot2,0,29,caught_by_fire,11781102649944060157,29,19
2880,40,0.70,Bot3,1,29,button,11781102649944060157,29,19
2880,40,0.70,Bot4,1,29,button,11781102649944060157,29,19
2881,40,0.70,Bot1,1,55,button,11140894759838203490,55,40
2881,40,0.70,Bot2,1,55,button,11140894759838203490,55,40
2881,40,0.70,Bot3,1,55,button,11140894759838203490,55,40
2881,40,0.70,Bot4,1,55,button,11140894759838203490,55,40
2882,40,0.70,Bot1,1,35,button,6644887522923778629,35,52
2882,40,0.70,Bot2,1,35,button,6644887522923778629,35,52
2882,40,0.70,Bot3,1,35,button,6644887522923778629,35,52
2882,40,0.70,Bot4,1,35,button,6644887522923778629,35,52
2883,40,0.70,Bot1,1,29,button,15313645997519368834,29,36
2883,40,0.70,Bot2,1,29,button,15313645997519368834,29,36
2883,40,0.70,Bot3,1,29,button,15313645997519368834,29,36
2883,40,0.70,Bot4,1,29,button,15313645997519368834,29,36
2884,40,0.70,Bot1,0,21,caught_by_fire,16771573977587787614,52,30
2884,40,0.70,Bot2,0,46,caught_by_fire,16771573977587787614,52,30
2884,40,0.70,Bot3,0,50,caught_by_fire,16771573977587787614,52,30
2884,40,0.70,Bot4,0,46,caught_by_fire,16771573977587787614,52,30
2885,40,0.70,Bot1,0,27,caught_by_fire,7780227250956923980,42,7
2885,40,0.70,Bot2,0,52,caught_by_fire,7780227250956923980,42,7
2885,40,0.70,Bot3,0,52,caught_by_fire,7780227250956923980,42,7
2885,40,0.70,Bot4,0,52,caught_by_fire,7780227250956923980,42,7
2886,40,0.70,Bot1,1,35,button,16170433818615507296,35,48
2886,40,0.70,Bot2,1,35,button,16170433818615507296,35,48
2886,40,0.70,Bot3,1,35,button,16170433818615507296,35,48
2886,40,0.70,Bot4,1,35,button,16170433818615507296,35,48
2887,40,0.70,Bot1,1,21,button,1463711238725574521,21,43
2887,40,0.70,Bot2,1,21,button,1463711238725574521,21,43
2887,40,0.70,Bot3,1,21,button,1463711238725574521,21,43
2887,40,0.70,Bot4,1,21,button,1463711238725574521,21,43
2888,40,0.70,Bot1,0,5,walked_into_fire,10685468582363329777,9,2
2888,40,0.70,Bot2,0,10,caught_by_fire,10685468582363329777,9,2
2888,40,0.70,Bot3,0,12,caught_by_fire,10685468582363329777,9,2
2888,40,0.70,Bot4,0,10,caught_by_fire,10685468582363329777,9,2
2889,40,0.70,Bot1,1,11,button,17616571494888307143,11,8
2889,40,0.70,Bot2,0,11,caught_by_fire,17616571494888307143,11,8
2889,40,0.70,Bot3,1,11,button,17616571494888307143,11,8
2889,40,0.70,Bot4,1,11,button,17616571494888307143,11,8
2890,40,0.70,Bot1,0,9,caught_by_fire,7338162305928477648,62,49
2890,40,0.70,Bot2,0,21,caught_by_fire,7338162305928477648,62,49
2890,40,0.70,Bot3,0,57,caught_by_fire,7338162305928477648,62,49
2890,40,0.70,Bot4,0,61,caught_by_fire,7338162305928477648,62,49
2891,40,0.70,Bot1,0,40,caught_by_fire,1732398618407294110,48,34
2891,40,0.70,Bot2,0,40,caught_by_fire,1732398618407294110,48,34
2891,40,0.70,Bot3,0,44,caught_by_fire,1732398618407294110,48,34
2891,40,0.70,Bot4,1,48,button,1732398618407294110,48,34
2892,40,0.70,Bot1,0,19,caught_by_fire,2330263733058461199,51,21
2892,40,0.70,Bot2,0,34,caught_by_fire,2330263733058461199,51,21
2892,40,0.70,Bot3,0,34,caught_by_fire,2330263733058461199,51,21
2892,40,0.70,Bot4,0,34,caught_by_fire,2330263733058461199,51,21
2893,40,0.70,Bot1,1,18,button,16721379506054985330,18,19
2893,40,0.70,Bot2,1,18,button,16721379506054985330,18,19
2893,40,0.70,Bot3,1,18,button,16721379506054985330,18,19
2893,40,0.70,Bot4,1,18,button,16721379506054985330,18,19
2894,40,0.70,Bot1,1,35,button,8926513336390329863,35,45
2894,40,0.70,Bot2,1,35,button,8926513336390329863,35,45
2894,40,0.70,Bot3,1,35,button,8926513336390329863,35,45
2894,40,0.70,Bot4,1,35,button,8926513336390329863,35,45
2895,40,0.70,Bot1,0,35,caught_by_fire,9491980852339403271,51,10
2895,40,0.70,Bot2,0,60,caught_by_fire,9491980852339403271,51,10
2895,40,0.70,Bot3,0,60,caught_by_fire,9491980852339403271,51,10
2895,40,0.70,Bot4,0,60,caught_by_fire,9491980852339403271,51,10
2896,40,0.70,Bot1,0,20,walked_into_fire,2084450252487553921,28,16
2896,40,0.70,Bot2,0,24,caught_by_fire,2084450252487553921,28,16
2896,40,0.70,Bot3,0,24,caught_by_fire,2084450252487553921,28,16
2896,40,0.70,Bot4,0,24,caught_by_fire,2084450252487553921,28,16
2897,40,0.70,Bot1,0,19,walked_into_fire,586964759873500296,55,47
2897,40,0.70,Bot2,0,19,caught_by_fire,586964759873500296,55,47
2897,40,0.70,Bot3,0,54,caught_by_fire,586964759873500296,55,47
2897,40,0.70,Bot4,0,23,caught_by_fire,586964759873500296,55,47
2898,40,0.70,Bot1,1,20,button,5854857417477365171,20,45
2898,40,0.70,Bot2,1,20,button,5854857417477365171,20,45
2898,40,0.70,Bot3,1,20,button,5854857417477365171,20,45
2898,40,0.70,Bot4,1,20,button,5854857417477365171,20,45
2899,40,0.70,Bot1,1,40,button,1478470286723887877,40,38
2899,40,0.70,Bot2,1,40,button,1478470286723887877,40,38
2899,40,0.70,Bot3,1,40,button,1478470286723887877,40,38
2899,40,0.70,Bot4,1,40,button,1478470286723887877,40,38
2900,40,0.70,Bot1,1,16,button,16414784895596283479,16,51
2900,40,0.70,Bot2,1,16,button,16414784895596283479,16,51
2900,40,0.70,Bot3,1,16,button,16414784895596283479,16,51
2900,40,0.70,Bot4,1,16,button,16414784895596283479,16,51
2901,40,0.70,Bot1,1,28,button,8636772909313612648,28,40
2901,40,0.70,Bot2,1,28,button,8636772909313612648,28,40
2901,40,0.70,Bot3,1,28,button,8636772909313612648,28,40
2901,40,0.70,Bot4,1,28,button,8636772909313612648,28,40
2902,40,0.70,Bot1,1,22,button,6346738307193071337,22,25
2902,40,0.70,Bot2,1,22,button,6346738307193071337,22,25
2902,40,0.70,Bot3,1,22,button,6346738307193071337,22,25
2902,40,0.70,Bot4,1,22,button,6346738307193071337,22,25
2903,40,0.70,Bot1,0,23,caught_by_fire,9001992047179892028,39,24
2903,40,0.70,Bot2,0,23,caught_by_fire,9001992047179892028,39,24
2903,40,0.70,Bot3,0,26,caught_by_fire,9001992047179892028,39,24
2903,40,0.70,Bot4,0,33,caught_by_fire,9001992047179892028,39,24
2904,40,0.70,Bot1,0,23,walked_into_fire,8301998456479667054,47,22
2904,40,0.70,Bot2,0,32,caught_by_fire,8301998456479667054,47,22
2904,40,0.70,Bot3,0,32,caught_by_fire,8301998456479667054,47,22
2904,40,0.70,Bot4,0,32,caught_by_fire,8301998456479667054,47,22
2905,40,0.70,Bot1,0,17,caught_by_fire,15499544556472194293,47,21
2905,40,0.70,Bot2,0,18,caught_by_fire,15499544556472194293,47,21
2905,40,0.70,Bot3,0,35,caught_by_fire,15499544556472194293,47,21
2905,40,0.70,Bot4,0,18,caught_by_fire,15499544556472194293,47,21
2906,40,0.70,Bot1,1,6,button,4709525537888312998,6,13
2906,40,0.70,Bot2,1,6,button,4709525537888312998,6,13
2906,40,0.70,Bot3,1,6,button,4709525537888312998,6,13
2906,40,0.70,Bot4,1,6,button,4709525537888312998,6,13
2907,40,0.70,Bot1,0,35,caught_by_fire,5584363940380874198,38,34
2907,40,0.70,Bot2,0,35,caught_by_fire,5584363940380874198,38,34
2907,40,0.70,Bot3,0,42,caught_by_fire,5584363940380874198,38,34
2907,40,0.70,Bot4,0,35,caught_by_fire,5584363940380874198,38,34
2908,40,0.70,Bot1,1,8,button,9617529812552384111,8,21
2908,40,0.70,Bot2,1,8,button,9617529812552384111,8,21
2908,40,0.70,Bot3,1,8,button,9617529812552384111,8,21
2908,40,0.70,Bot4,1,8,button,9617529812552384111,8,21
2909,40,0.70,Bot1,0,30,walked_into_fire,16821400736820410508,33,19
2909,40,0.70,Bot2,0,35,caught_by_fire,16821400736820410508,33,19
2909,40,0.70,Bot3,0,35,caught_by_fire,16821400736820410508,33,19
2909,40,0.70,Bot4,0,32,caught_by_fire,16821400736820410508,33,19
2910,40,0.70,Bot1,0,28,walked_into_fire,8042816674027708301,31,14
2910,40,0.70,Bot2,0,29,caught_by_fire,8042816674027708301,31,14
2910,40,0.70,Bot3,0,29,caught_by_fire,8042816674027708301,31,14
2910,40,0.70,Bot4,0,28,caught_by_fire,8042816674027708301,31,14
2911,40,0.70,Bot1,1,1,button,456169252670891413,1,48
2911,40,0.70,Bot2,1,1,button,456169252670891413,1,48
2911,40,0.70,Bot3,1,1,button,456169252670891413,1,48
2911,40,0.70,Bot4,1,1,button,456169252670891413,1,48
2912,40,0.70,Bot1,1,10,button,4321011418021707517,10,41
2912,40,0.70,Bot2,1,10,button,4321011418021707517,10,41
2912,40,0.70,Bot3,1,10,button,4321011418021707517,10,41
2912,40,0.70,Bot4,1,10,button,4321011418021707517,10,41
2913,40,0.70,Bot1,0,10,caught_by_fire,15419168092297788102,51,39
2913,40,0.70,Bot2,0,10,caught_by_fire,15419168092297788102,51,39
2913,40,0.70,Bot3,0,27,caught_by_fire,15419168092297788102,51,39
2913,40,0.70,Bot4,0,10,caught_by_fire,15419168092297788102,51,39
2914,40,0.70,Bot1,0,30,caught_by_fire,15176477149281770866,31,24
2914,40,0.70,Bot2,0,32,caught_by_fire,15176477149281770866,31,24
2914,40,0.70,Bot3,0,32,caught_by_fire,15176477149281770866,31,24
2914,40,0.70,Bot4,0,30,caught_by_fire,15176477149281770866,31,24
2915,40,0.70,Bot1,1,22,button,7592331273262118273,22,39
2915,40,0.70,Bot2,1,22,button,7592331273262118273,22,39
2915,40,0.70,Bot3,1,22,button,7592331273262118273,22,39
2915,40,0.70,Bot4,1,22,button,7592331273262118273,22,39
2916,40,0.70,Bot1,1,46,button,12875244172193623693,46,55
2916,40,0.70,Bot2,1,46,button,12875244172193623693,46,55
2916,40,0.70,Bot3,1,46,button,12875244172193623693,46,55
2916,40,0.70,Bot4,1,46,button,12875244172193623693,46,55
2917,40,0.70,Bot1,1,27,button,8309566160594918396,27,47
2917,40,0.70,Bot2,1,27,button,8309566160594918396,27,47
2917,40,0.70,Bot3,1,27,button,8309566160594918396,27,47
2917,40,0.70,Bot4,1,27,button,8309566160594918396,27,47
2918,40,0.70,Bot1,1,27,button,14474372692098308292,27,30
2918,40,0.70,Bot2,1,27,button,14474372692098308292,27,30
2918,40,0.70,Bot3,1,27,button,14474372692098308292,27,30
2918,40,0.70,Bot4,1,27,button,14474372692098308292,27,30
2919,40,0.70,Bot1,0,5,walked_into_fire,10514382556204369707,56,48
2919,40,0.70,Bot2,0,6,caught_by_fire,10514382556204369707,56,48
2919,40,0.70,Bot3,0,6,caught_by_fire,10514382556204369707,56,48
2919,40,0.70,Bot4,0,6,caught_by_fire,10514382556204369707,56,48
2920,40,0.70,Bot1,1,30,button,9554727334358981213,30,23
2920,40,0.70,Bot2,1,30,button,9554727334358981213,30,23
2920,40,0.70,Bot3,1,30,button,9554727334358981213,30,23
2920,40,0.70,Bot4,1,30,button,9554727334358981213,30,23
2921,40,0.70,Bot1,1,43,button,4914356983179929773,43,41
2921,40,0.70,Bot2,1,43,button,4914356983179929773,43,41
2921,40,0.70,Bot3,1,43,button,4914356983179929773,43,41
2921,40,0.70,Bot4,1,43,button,4914356983179929773,43,41
2922,40,0.70,Bot1,1,33,button,8037633394044066642,33,27
2922,40,0.70,Bot2,1,33,button,8037633394044066642,33,27
2922,40,0.70,Bot3,1,33,button,8037633394044066642,33,27
2922,40,0.70,Bot4,1,33,button,8037633394044066642,33,27
2923,40,0.70,Bot1,0,23,walked_into_fire,9469623844414883370,51,25
2923,40,0.70,Bot2,0,46,caught_by_fire,9469623844414883370,51,25
2923,40,0.70,Bot3,0,46,caught_by_fire,9469623844414883370,51,25
2923,40,0.70,Bot4,0,47,caught_by_fire,9469623844414883370,51,25
2924,40,0.70,Bot1,0,47,caught_by_fire,13894338805958500159,63,54
2924,40,0.70,Bot2,0,47,caught_by_fire,13894338805958500159,63,54
2924,40,0.70,Bot3,0,47,caught_by_fire,13894338805958500159,63,54
2924,40,0.70,Bot4,0,47,caught_by_fire,13894338805958500159,63,54
2925,40,0.70,Bot1,1,20,button,16993608133368686516,20,33
2925,40,0.70,Bot2,1,20,button,16993608133368686516,20,33
2925,40,0.70,Bot3,1,20,button,16993608133368686516,20,33
2925,40,0.70,Bot4,1,20,button,16993608133368686516,20,33
2926,40,0.70,Bot1,0,21,walked_into_fire,10436598462112680760,39,11
2926,40,0.70,Bot2,0,31,caught_by_fire,10436598462112680760,39,11
2926,40,0.70,Bot3,0,31,caught_by_fire,10436598462112680760,39,11
2926,40,0.70,Bot4,0,28,caught_by_fire,10436598462112680760,39,11
2927,40,0.70,Bot1,0,21,caught_by_fire,10859603902297097209,51,22
2927,40,0.70,Bot2,0,34,caught_by_fire,10859603902297097209,51,22
2927,40,0.70,Bot3,0,34,caught_by_fire,10859603902297097209,51,22
2927,40,0.70,Bot4,0,33,caught_by_fire,10859603902297097209,51,22
2928,40,0.70,Bot1,0,32,walked_into_fire,13438358208427948872,52,11
2928,40,0.70,Bot2,0,45,caught_by_fire,13438358208427948872,52,11
2928,40,0.70,Bot3,0,45,caught_by_fire,13438358208427948872,52,11
2928,40,0.70,Bot4,0,44,caught_by_fire,13438358208427948872,52,11
2929,40,0.70,Bot1,0,18,walked_into_fire,13563745246061851882,42,19
2929,40,0.70,Bot2,0,24,caught_by_fire,13563745246061851882,42,19
2929,40,0.70,Bot3,0,24,caught_by_fire,13563745246061851882,42,19
2929,40,0.70,Bot4,0,24,caught_by_fire,13563745246061851882,42,19
2930,40,0.70,Bot1,0,46,caught_by_fire,14989678736988225710,55,38
2930,40,0.70,Bot2,0,54,caught_by_fire,14989678736988225710,55,38
2930,40,0.70,Bot3,0,54,caught_by_fire,14989678736988225710,55,38
2930,40,0.70,Bot4,0,54,caught_by_fire,14989678736988225710,55,38
2931,40,0.70,Bot1,0,37,caught_by_fire,15669249517328344849,49,19
2931,40,0.70,Bot2,0,52,caught_by_fire,15669249517328344849,49,19
2931,40,0.70,Bot3,0,52,caught_by_fire,15669249517328344849,49,19
2931,40,0.70,Bot4,0,52,caught_by_fire,15669249517328344849,49,19
2932,40,0.70,Bot1,1,44,button,11754126136922781245,44,55
2932,40,0.70,Bot2,1,44,button,11754126136922781245,44,55
2932,40,0.70,Bot3,1,44,button,11754126136922781245,44,55
2932,40,0.70,Bot4,1,44,button,11754126136922781245,44,55
2933,40,0.70,Bot1,0,26,walked_into_fire,11745455281038000862,41,22
2933,40,0.70,Bot2,0,41,caught_by_fire,11745455281038000862,41,22
2933,40,0.70,Bot3,0,41,caught_by_fire,11745455281038000862,41,22
2933,40,0.70,Bot4,0,40,caught_by_fire,11745455281038000862,41,22
2934,40,0.70,Bot1,1,36,button,6740009873173965313,36,41
2934,40,0.70,Bot2,1,36,button,6740009873173965313,36,41
2934,40,0.70,Bot3,1,36,button,6740009873173965313,36,41
2934,40,0.70,Bot4,1,36,button,6740009873173965313,36,41
2935,40,0.70,Bot1,0,12,caught_by_fire,1478975919587332367,30,15
2935,40,0.70,Bot2,0,25,caught_by_fire,1478975919587332367,30,15
2935,40,0.70,Bot3,0,25,caught_by_fire,1478975919587332367,30,15
2935,40,0.70,Bot4,0,25,caught_by_fire,1478975919587332367,30,15
2936,40,0.70,Bot1,0,16,caught_by_fire,8740163764501102332,42,24
2936,40,0.70,Bot2,0,43,caught_by_fire,8740163764501102332,42,24
2936,40,0.70,Bot3,0,48,caught_by_fire,8740163764501102332,42,24
2936,40,0.70,Bot4,0,43,caught_by_fire,8740163764501102332,42,24
2937,40,0.70,Bot1,1,24,button,17698576611311340878,24,29
2937,40,0.70,Bot2,1,24,button,17698576611311340878,24,29
2937,40,0.70,Bot3,1,24,button,17698576611311340878,24,29
2937,40,0.70,Bot4,1,24,button,17698576611311340878,24,29
2938,40,0.70,Bot1,0,33,caught_by_fire,17171963190768690901,51,9
2938,40,0.70,Bot2,0,50,caught_by_fire,17171963190768690901,51,9
2938,40,0.70,Bot3,0,50,caught_by_fire,17171963190768690901,51,9
2938,40,0.70,Bot4,0,47,caught_by_fire,17171963190768690901,51,9
2939,40,0.70,Bot1,0,28,caught_by_fire,14170553579574151591,60,18
2939,40,0.70,Bot2,0,41,caught_by_fire,14170553579574151591,60,18
2939,40,0.70,Bot3,0,41,caught_by_fire,14170553579574151591,60,18
2939,40,0.70,Bot4,0,41,caught_by_fire,14170553579574151591,60,18
2940,40,0.70,Bot1,1,27,button,3967146885581540719,27,36
2940,40,0.70,Bot2,1,27,button,3967146885581540719,27,36
2940,40,0.70,Bot3,1,27,button,3967146885581540719,27,36
2940,40,0.70,Bot4,1,27,button,3967146885581540719,27,36
2941,40,0.70,Bot1,0,22,walked_into_fire,8948898855629152646,42,10
2941,40,0.70,Bot2,0,36,caught_by_fire,8948898855629152646,42,10
2941,40,0.70,Bot3,0,36,caught_by_fire,8948898855629152646,42,10
2941,40,0.70,Bot4,0,34,caught_by_fire,8948898855629152646,42,10
2942,40,0.70,Bot1,1,14,button,16705422637478958490,14,49
2942,40,0.70,Bot2,1,14,button,16705422637478958490,14,49
2942,40,0.70,Bot3,1,14,button,16705422637478958490,14,49
2942,40,0.70,Bot4,1,14,button,16705422637478958490,14,49
2943,40,0.70,Bot1,1,38,button,14219166560663152067,38,53
2943,40,0.70,Bot2,1,38,button,14219166560663152067,38,53
2943,40,0.70,Bot3,1,38,button,14219166560663152067,38,53
2943,40,0.70,Bot4,1,38,button,14219166560663152067,38,53
2944,40,0.70,Bot1,0,8,caught_by_fire,9024050814882557140,17,6
2944,40,0.70,Bot2,0,12,caught_by_fire,9024050814882557140,17,6
2944,40,0.70,Bot3,0,12,caught_by_fire,9024050814882557140,17,6
2944,40,0.70,Bot4,0,12,caught_by_fire,9024050814882557140,17,6
2945,40,0.70,Bot1,0,32,caught_by_fire,9385885546681900861,53,37
2945,40,0.70,Bot2,0,44,caught_by_fire,9385885546681900861,53,37
2945,40,0.70,Bot3,0,41,caught_by_fire,9385885546681900861,53,37
2945,40,0.70,Bot4,0,44,caught_by_fire,9385885546681900861,53,37
2946,40,0.70,Bot1,0,28,walked_into_fire,2298360566959365611,58,14
2946,40,0.70,Bot2,0,46,caught_by_fire,2298360566959365611,58,14
2946,40,0.70,Bot3,0,46,caught_by_fire,2298360566959365611,58,14
2946,40,0.70,Bot4,0,46,caught_by_fire,2298360566959365611,58,14
2947,40,0.70,Bot1,1,38,button,2118484181855507108,38,59
2947,40,0.70,Bot2,1,38,button,2118484181855507108,38,59
2947,40,0.70,Bot3,1,38,button,2118484181855507108,38,59
2947,40,0.70,Bot4,1,38,button,2118484181855507108,38,59
2948,40,0.70,Bot1,1,15,button,18327249491384769925,15,29
2948,40,0.70,Bot2,1,15,button,18327249491384769925,15,29
2948,40,0.70,Bot3,1,15,button,18327249491384769925,15,29
2948,40,0.70,Bot4,1,15,button,18327249491384769925,15,29
2949,40,0.70,Bot1,1,35,button,13812874427339979171,35,68
2949,40,0.70,Bot2,1,35,button,13812874427339979171,35,68
2949,40,0.70,Bot3,1,35,button,13812874427339979171,35,68
2949,40,0.70,Bot4,1,35,button,13812874427339979171,35,68
2950,40,0.70,Bot1,0,25,walked_into_fire,1832810398276824821,44,8
2950,40,0.70,Bot2,0,45,caught_by_fire,1832810398276824821,44,8
2950,40,0.70,Bot3,0,45,caught_by_fire,1832810398276824821,44,8
2950,40,0.70,Bot4,0,45,caught_by_fire,1832810398276824821,44,8
2951,40,0.70,Bot1,0,31,caught_by_fire,10017947068939184163,51,11
2951,40,0.70,Bot2,0,47,caught_by_fire,10017947068939184163,51,11
2951,40,0.70,Bot3,0,47,caught_by_fire,10017947068939184163,51,11
2951,40,0.70,Bot4,0,46,caught_by_fire,10017947068939184163,51,11
2952,40,0.70,Bot1,1,35,button,12987479621946894637,35,32
2952,40,0.70,Bot2,1,35,button,12987479621946894637,35,32
2952,40,0.70,Bot3,1,35,button,12987479621946894637,35,32
2952,40,0.70,Bot4,1,35,button,12987479621946894637,35,32
2953,40,0.70,Bot1,1,41,button,17152254085966513060,41,45
2953,40,0.70,Bot2,1,41,button,17152254085966513060,41,45
2953,40,0.70,Bot3,1,41,button,17152254085966513060,41,45
2953,40,0.70,Bot4,1,41,button,17152254085966513060,41,45
2954,40,0.70,Bot1,1,19,button,4508780944383391057,19,45
2954,40,0.70,Bot2,1,19,button,4508780944383391057,19,45
2954,40,0.70,Bot3,1,19,button,4508780944383391057,19,45
2954,40,0.70,Bot4,1,19,button,4508780944383391057,19,45
2955,40,0.70,Bot1,0,22,walked_into_fire,9213792577553945921,53,17
2955,40,0.70,Bot2,0,30,caught_by_fire,9213792577553945921,53,17
2955,40,0.70,Bot3,0,31,caught_by_fire,9213792577553945921,53,17
2955,40,0.70,Bot4,0,30,caught_by_fire,9213792577553945921,53,17
2956,40,0.70,Bot1,1,46,button,113052526889120968,46,51
2956,40,0.70,Bot2,1,46,button,113052526889120968,46,51
2956,40,0.70,Bot3,1,46,button,113052526889120968,46,51
2956,40,0.70,Bot4,1,46,button,113052526889120968,46,51
2957,40,0.70,Bot1,1,51,button,2222424908869817497,51,54
2957,40,0.70,Bot2,1,51,button,2222424908869817497,51,54
2957,40,0.70,Bot3,1,51,button,2222424908869817497,51,54
2957,40,0.70,Bot4,1,51,button,2222424908869817497,51,54
2958,40,0.70,Bot1,0,20,caught_by_fire,11439322392794398264,54,46
2958,40,0.70,Bot2,0,20,caught_by_fire,11439322392794398264,54,46
2958,40,0.70,Bot3,0,49,caught_by_fire,11439322392794398264,54,46
2958,40,0.70,Bot4,0,20,caught_by_fire,11439322392794398264,54,46
2959,40,0.70,Bot1,1,30,button,5761180849077721060,30,29
2959,40,0.70,Bot2,1,30,button,5761180849077721060,30,29
2959,40,0.70,Bot3,1,30,button,5761180849077721060,30,29
2959,40,0.70,Bot4,1,30,button,5761180849077721060,30,29
2960,40,0.70,Bot1,1,22,button,6410503648408675525,22,44
2960,40,0.70,Bot2,1,22,button,6410503648408675525,22,44
2960,40,0.70,Bot3,1,22,button,6410503648408675525,22,44
2960,40,0.70,Bot4,1,22,button,6410503648408675525,22,44
2961,40,0.70,Bot1,1,10,button,11656956537799199912,10,24
2961,40,0.70,Bot2,1,10,button,11656956537799199912,10,24
2961,40,0.70,Bot3,1,10,button,11656956537799199912,10,24
2961,40,0.70,Bot4,1,10,button,11656956537799199912,10,24
2962,40,0.70,Bot1,1,18,button,7667290396421519115,18,30
2962,40,0.70,Bot2,1,18,button,7667290396421519115,18,30
2962,40,0.70,Bot3,1,18,button,7667290396421519115,18,30
2962,40,0.70,Bot4,1,18,button,7667290396421519115,18,30
2963,40,0.70,Bot1,1,34,button,1931489047427188322,34,42
2963,40,0.70,Bot2,1,34,button,1931489047427188322,34,42
2963,40,0.70,Bot3,1,34,button,1931489047427188322,34,42
2963,40,0.70,Bot4,1,34,button,1931489047427188322,34,42
2964,40,0.70,Bot1,1,12,button,7233169354145020183,12,51
2964,40,0.70,Bot2,1,12,button,7233169354145020183,12,51
2964,40,0.70,Bot3,1,12,button,7233169354145020183,12,51
2964,40,0.70,Bot4,1,12,button,7233169354145020183,12,51
2965,40,0.70,Bot1,1,29,button,7517908254822344332,29,27
2965,40,0.70,Bot2,1,29,button,7517908254822344332,29,27
2965,40,0.70,Bot3,1,29,button,7517908254822344332,29,27
2965,40,0.70,Bot4,1,29,button,7517908254822344332,29,27
2966,40,0.70,Bot1,1,27,button,12092976068978084994,27,16
2966,40,0.70,Bot2,1,27,button,12092976068978084994,27,16
2966,40,0.70,Bot3,1,27,button,12092976068978084994,27,16
2966,40,0.70,Bot4,1,27,button,12092976068978084994,27,16
2967,40,0.70,Bot1,0,40,caught_by_fire,6627169062416221100,43,27
2967,40,0.70,Bot2,0,42,caught_by_fire,6627169062416221100,43,27
2967,40,0.70,Bot3,0,42,caught_by_fire,6627169062416221100,43,27
2967,40,0.70,Bot4,0,42,caught_by_fire,6627169062416221100,43,27
2968,40,0.70,Bot1,1,40,button,1940716878813559811,40,46
2968,40,0.70,Bot2,1,40,button,1940716878813559811,40,46
2968,40,0.70,Bot3,1,40,button,1940716878813559811,40,46
2968,40,0.70,Bot4,1,40,button,1940716878813559811,40,46
2969,40,0.70,Bot1,1,20,button,11508342123109238330,20,41
2969,40,0.70,Bot2,1,20,button,11508342123109238330,20,41
2969,40,0.70,Bot3,1,20,button,11508342123109238330,20,41
2969,40,0.70,Bot4,1,20,button,11508342123109238330,20,41
2970,40,0.70,Bot1,1,32,button,1870221266853558438,32,24
2970,40,0.70,Bot2,1,32,button,1870221266853558438,32,24
2970,40,0.70,Bot3,1,32,button,1870221266853558438,32,24
2970,40,0.70,Bot4,1,32,button,1870221266853558438,32,24
2971,40,0.70,Bot1,0,22,walked_into_fire,9401356631150400918,30,7
2971,40,0.70,Bot2,0,42,caught_by_fire,9401356631150400918,30,7
2971,40,0.70,Bot3,0,42,caught_by_fire,9401356631150400918,30,7
2971,40,0.70,Bot4,0,41,caught_by_fire,9401356631150400918,30,7
2972,40,0.70,Bot1,1,26,button,1415410173490492324,26,31
2972,40,0.70,Bot2,1,26,button,1415410173490492324,26,31
2972,40,0.70,Bot3,1,26,button,1415410173490492324,26,31
2972,40,0.70,Bot4,1,26,button,1415410173490492324,26,31
2973,40,0.70,Bot1,0,21,walked_into_fire,10713550347033096453,31,16
2973,40,0.70,Bot2,0,38,caught_by_fire,10713550347033096453,31,16
2973,40,0.70,Bot3,0,38,caught_by_fire,10713550347033096453,31,16
2973,40,0.70,Bot4,0,38,caught_by_fire,10713550347033096453,31,16
2974,40,0.70,Bot1,1,5,button,2848825729603002573,5,62
2974,40,0.70,Bot2,1,5,button,2848825729603002573,5,62
2974,40,0.70,Bot3,1,5,button,2848825729603002573,5,62
2974,40,0.70,Bot4,1,5,button,2848825729603002573,5,62
2975,40,0.70,Bot1,1,19,button,15897466977272111898,19,32
2975,40,0.70,Bot2,1,19,button,15897466977272111898,19,32
2975,40,0.70,Bot3,1,19,button,15897466977272111898,19,32
2975,40,0.70,Bot4,1,19,button,15897466977272111898,19,32
2976,40,0.70,Bot1,0,24,caught_by_fire,5007444956184594193,35,8
2976,40,0.70,Bot2,0,45,caught_by_fire,5007444956184594193,35,8
2976,40,0.70,Bot3,0,45,caught_by_fire,5007444956184594193,35,8
2976,40,0.70,Bot4,0,41,caught_by_fire,5007444956184594193,35,8
2977,40,0.70,Bot1,1,22,button,2709000858323461286,22,26
2977,40,0.70,Bot2,1,22,button,2709000858323461286,22,26
2977,40,0.70,Bot3,1,22,button,2709000858323461286,22,26
2977,40,0.70,Bot4,1,22,button,2709000858323461286,22,26
2978,40,0.70,Bot1,0,14,caught_by_fire,12048403946021160837,20,10
2978,40,0.70,Bot2,0,20,caught_by_fire,12048403946021160837,20,10
2978,40,0.70,Bot3,0,20,caught_by_fire,12048403946021160837,20,10
2978,40,0.70,Bot4,0,20,caught_by_fire,12048403946021160837,20,10
2979,40,0.70,Bot1,1,30,button,6571513130395079337,30,49
2979,40,0.70,Bot2,1,30,button,6571513130395079337,30,49
2979,40,0.70,Bot3,1,30,button,6571513130395079337,30,49
2979,40,0.70,Bot4,1,30,button,6571513130395079337,30,49
2980,40,0.70,Bot1,0,14,walked_into_fire,2181091233924476159,40,21
2980,40,0.70,Bot2,0,44,caught_by_fire,2181091233924476159,40,21
2980,40,0.70,Bot3,0,46,caught_by_fire,2181091233924476159,40,21
2980,40,0.70,Bot4,0,44,caught_by_fire,2181091233924476159,40,21
2981,40,0.70,Bot1,0,16,caught_by_fire,8324323068307913360,43,29
2981,40,0.70,Bot2,0,16,caught_by_fire,8324323068307913360,43,29
2981,40,0.70,Bot3,0,16,caught_by_fire,8324323068307913360,43,29
2981,40,0.70,Bot4,0,16,caught_by_fire,8324323068307913360,43,29
2982,40,0.70,Bot1,0,19,caught_by_fire,7912456906907589263,50,31
2982,40,0.70,Bot2,0,25,caught_by_fire,7912456906907589263,50,31
2982,40,0.70,Bot3,0,47,caught_by_fire,7912456906907589263,50,31
2982,40,0.70,Bot4,0,25,caught_by_fire,7912456906907589263,50,31
2983,40,0.70,Bot1,1,28,button,4801565537967843857,28,46
2983,40,0.70,Bot2,1,28,button,4801565537967843857,28,46
2983,40,0.70,Bot3,1,28,button,4801565537967843857,28,46
2983,40,0.70,Bot4,1,28,button,4801565537967843857,28,46
2984,40,0.70,Bot1,1,28,button,3235118159811223601,28,43
2984,40,0.70,Bot2,1,28,button,3235118159811223601,28,43
2984,40,0.70,Bot3,1,28,button,3235118159811223601,28,43
2984,40,0.70,Bot4,1,28,button,3235118159811223601,28,43
2985,40,0.70,Bot1,0,43,caught_by_fire,825805441763836517,64,46
2985,40,0.70,Bot2,0,49,caught_by_fire,825805441763836517,64,46
2985,40,0.70,Bot3,0,52,caught_by_fire,825805441763836517,64,46
2985,40,0.70,Bot4,0,48,caught_by_fire,825805441763836517,64,46
2986,40,0.70,Bot1,1,35,button,12120553694789063577,35,51
2986,40,0.70,Bot2,1,35,button,12120553694789063577,35,51
2986,40,0.70,Bot3,1,35,button,12120553694789063577,35,51
2986,40,0.70,Bot4,1,35,button,12120553694789063577,35,51
2987,40,0.70,Bot1,1,21,button,15238637276087172241,21,52
2987,40,0.70,Bot2,1,21,button,15238637276087172241,21,52
2987,40,0.70,Bot3,1,21,button,15238637276087172241,21,52
2987,40,0.70,Bot4,1,21,button,15238637276087172241,21,52
2988,40,0.70,Bot1,1,47,button,7469318962343403055,47,48
2988,40,0.70,Bot2,1,47,button,7469318962343403055,47,48
2988,40,0.70,Bot3,1,47,button,7469318962343403055,47,48
2988,40,0.70,Bot4,1,47,button,7469318962343403055,47,48
2989,40,0.70,Bot1,1,41,button,387191005409142488,41,44
2989,40,0.70,Bot2,1,41,button,387191005409142488,41,44
2989,40,0.70,Bot3,1,41,button,387191005409142488,41,44
2989,40,0.70,Bot4,1,41,button,387191005409142488,41,44
2990,40,0.70,Bot1,0,14,caught_by_fire,10794642408608211450,21,7
2990,40,0.70,Bot2,0,19,caught_by_fire,10794642408608211450,21,7
2990,40,0.70,Bot3,0,25,caught_by_fire,10794642408608211450,21,7
2990,40,0.70,Bot4,0,16,caught_by_fire,10794642408608211450,21,7
2991,40,0.70,Bot1,1,12,button,1828197996284167795,12,42
2991,40,0.70,Bot2,1,12,button,1828197996284167795,12,42
2991,40,0.70,Bot3,1,12,button,1828197996284167795,12,42
2991,40,0.70,Bot4,1,12,button,1828197996284167795,12,42
2992,40,0.70,Bot1,0,18,caught_by_fire,15147654307110253532,50,37
2992,40,0.70,Bot2,0,23,caught_by_fire,15147654307110253532,50,37
2992,40,0.70,Bot3,0,27,caught_by_fire,15147654307110253532,50,37
2992,40,0.70,Bot4,0,27,caught_by_fire,15147654307110253532,50,37
2993,40,0.70,Bot1,1,54,button,16260925529162978813,54,70
2993,40,0.70,Bot2,1,54,button,16260925529162978813,54,70
2993,40,0.70,Bot3,1,54,button,16260925529162978813,54,70
2993,40,0.70,Bot4,1,54,button,16260925529162978813,54,70
2994,40,0.70,Bot1,0,29,caught_by_fire,13300478311073348969,41,28
2994,40,0.70,Bot2,0,46,caught_by_fire,13300478311073348969,41,28
2994,40,0.70,Bot3,0,46,caught_by_fire,13300478311073348969,41,28
2994,40,0.70,Bot4,0,46,caught_by_fire,13300478311073348969,41,28
2995,40,0.70,Bot1,1,10,button,15891233798416307291,10,29
2995,40,0.70,Bot2,1,10,button,15891233798416307291,10,29
2995,40,0.70,Bot3,1,10,button,15891233798416307291,10,29
2995,40,0.70,Bot4,1,10,button,15891233798416307291,10,29
2996,40,0.70,Bot1,0,27,walked_into_fire,9275736468204547689,43,19
2996,40,0.70,Bot2,0,38,caught_by_fire,9275736468204547689,43,19
2996,40,0.70,Bot3,0,41,caught_by_fire,9275736468204547689,43,19
2996,40,0.70,Bot4,0,38,caught_by_fire,9275736468204547689,43,19
2997,40,0.70,Bot1,0,21,walked_into_fire,16253799486729368526,36,28
2997,40,0.70,Bot2,0,31,caught_by_fire,16253799486729368526,36,28
2997,40,0.70,Bot3,0,31,caught_by_fire,16253799486729368526,36,28
2997,40,0.70,Bot4,1,36,button,16253799486729368526,36,28
2998,40,0.70,Bot1,1,46,button,5415993102674813475,46,48
2998,40,0.70,Bot2,1,46,button,5415993102674813475,46,48
2998,40,0.70,Bot3,1,46,button,5415993102674813475,46,48
2998,40,0.70,Bot4,1,46,button,5415993102674813475,46,48
2999,40,0.70,Bot1,0,35,caught_by_fire,5440262659324816242,48,42
2999,40,0.70,Bot2,0,35,caught_by_fire,5440262659324816242,48,42
2999,40,0.70,Bot3,0,67,caught_by_fire,5440262659324816242,48,42
2999,40,0.70,Bot4,0,35,caught_by_fire,5440262659324816242,48,42
3000,40,0.75,Bot1,0,13,walked_into_fire,6193007139308936421,53,36
3000,40,0.75,Bot2,0,34,caught_by_fire,6193007139308936421,53,36
3000,40,0.75,Bot3,0,44,caught_by_fire,6193007139308936421,53,36
3000,40,0.75,Bot4,0,34,caught_by_fire,6193007139308936421,53,36
3001,40,0.75,Bot1,0,12,walked_into_fire,5133373708606175376,17,12
3001,40,0.75,Bot2,0,18,caught_by_fire,5133373708606175376,17,12
3001,40,0.75,Bot3,0,25,caught_by_fire,5133373708606175376,17,12
3001,40,0.75,Bot4,1,17,button,5133373708606175376,17,12
3002,40,0.75,Bot1,1,13,button,8280750866339542714,13,27
3002,40,0.75,Bot2,1,13,button,8280750866339542714,13,27
3002,40,0.75,Bot3,1,13,button,8280750866339542714,13,27
3002,40,0.75,Bot4,1,13,button,8280750866339542714,13,27
3003,40,0.75,Bot1,0,26,walked_into_fire,1866927871397909827,63,39
3003,40,0.75,Bot2,0,39,caught_by_fire,1866927871397909827,63,39
3003,40,0.75,Bot3,0,39,caught_by_fire,1866927871397909827,63,39
3003,40,0.75,Bot4,0,39,caught_by_fire,1866927871397909827,63,39
3004,40,0.75,Bot1,1,20,button,9668145378110136525,20,58
3004,40,0.75,Bot2,1,20,button,9668145378110136525,20,58
3004,40,0.75,Bot3,1,20,button,9668145378110136525,20,58
3004,40,0.75,Bot4,1,20,button,9668145378110136525,20,58
3005,40,0.75,Bot1,0,29,walked_into_fire,12875874875616108113,41,13
3005,40,0.75,Bot2,0,42,caught_by_fire,12875874875616108113,41,13
3005,40,0.75,Bot3,0,42,caught_by_fire,12875874875616108113,41,13
3005,40,0.75,Bot4,0,41,caught_by_fire,12875874875616108113,41,13
3006,40,0.75,Bot1,1,27,button,8776655499611534535,27,50
3006,40,0.75,Bot2,1,27,button,8776655499611534535,27,50
3006,40,0.75,Bot3,1,27,button,8776655499611534535,27,50
3006,40,0.75,Bot4,1,27,button,8776655499611534535,27,50
3007,40,0.75,Bot1,0,24,walked_into_fire,14970060005962707658,41,31
3007,40,0.75,Bot2,0,38,caught_by_fire,14970060005962707658,41,31
3007,40,0.75,Bot3,0,38,caught_by_fire,14970060005962707658,41,31
3007,40,0.75,Bot4,0,38,caught_by_fire,14970060005962707658,41,31
3008,40,0.75,Bot1,1,24,button,7778001770853404279,24,38
3008,40,0.75,Bot2,1,24,button,7778001770853404279,24,38
3008,40,0.75,Bot3,1,24,button,7778001770853404279,24,38
3008,40,0.75,Bot4,1,24,button,7778001770853404279,24,38
3009,40,0.75,Bot1,1,49,button,5971088382982287721,49,52
3009,40,0.75,Bot2,1,49,button,5971088382982287721,49,52
3009,40,0.75,Bot3,1,49,button,5971088382982287721,49,52
3009,40,0.75,Bot4,1,49,button,5971088382982287721,49,52
3010,40,0.75,Bot1,0,26,walked_into_fire,4445146113564443952,39,16
3010,40,0.75,Bot2,0,30,caught_by_fire,4445146113564443952,39,16
3010,40,0.75,Bot3,0,30,caught_by_fire,4445146113564443952,39,16
3010,40,0.75,Bot4,0,29,caught_by_fire,4445146113564443952,39,16
3011,40,0.75,Bot1,0,29,walked_into_fire,10367175257013979857,42,13
3011,40,0.75,Bot2,0,43,caught_by_fire,10367175257013979857,42,13
3011,40,0.75,Bot3,0,43,caught_by_fire,10367175257013979857,42,13
3011,40,0.75,Bot4,0,43,caught_by_fire,10367175257013979857,42,13
3012,40,0.75,Bot1,0,26,caught_by_fire,6475347367878534429,47,31
3012,40,0.75,Bot2,0,24,caught_by_fire,6475347367878534429,47,31
3012,40,0.75,Bot3,0,24,caught_by_fire,6475347367878534429,47,31
3012,40,0.75,Bot4,0,24,caught_by_fire,6475347367878534429,47,31
3013,40,0.75,Bot1,0,14,caught_by_fire,17293209680785922812,63,46
3013,40,0.75,Bot2,0,14,caught_by_fire,17293209680785922812,63,46
3013,40,0.75,Bot3,0,14,caught_by_fire,17293209680785922812,63,46
3013,40,0.75,Bot4,0,14,caught_by_fire,17293209680785922812,63,46
3014,40,0.75,Bot1,1,44,button,13878805480585655457,44,54
3014,40,0.75,Bot2,1,44,button,13878805480585655457,44,54
3014,40,0.75,Bot3,1,44,button,13878805480585655457,44,54
3014,40,0.75,Bot4,1,44,button,13878805480585655457,44,54
3015,40,0.75,Bot1,0,24,caught_by_fire,3397463506197047654,28,17
3015,40,0.75,Bot2,0,27,caught_by_fire,3397463506197047654,28,17
3015,40,0.75,Bot3,0,27,caught_by_fire,3397463506197047654,28,17
3015,40,0.75,Bot4,0,26,caught_by_fire,3397463506197047654,28,17
3016,40,0.75,Bot1,0,7,walked_into_fire,8714215861547646755,12,5
3016,40,0.75,Bot2,0,8,caught_by_fire,8714215861547646755,12,5
3016,40,0.75,Bot3,0,8,caught_by_fire,8714215861547646755,12,5
3016,40,0.75,Bot4,0,11,caught_by_fire,8714215861547646755,12,5
3017,40,0.75,Bot1,1,66,button,9260996598297430652,66,71
3017,40,0.75,Bot2,1,66,button,9260996598297430652,66,71
3017,40,0.75,Bot3,1,66,button,9260996598297430652,66,71
3017,40,0.75,Bot4,1,66,button,9260996598297430652,66,71
3018,40,0.75,Bot1,1,30,button,411956239995977442,30,44
3018,40,0.75,Bot2,1,30,button,411956239995977442,30,44
3018,40,0.75,Bot3,1,30,button,411956239995977442,30,44
3018,40,0.75,Bot4,1,30,button,411956239995977442,30,44
3019,40,0.75,Bot1,1,14,button,16201705154064519728,14,20
3019,40,0.75,Bot2,1,14,button,16201705154064519728,14,20
3019,40,0.75,Bot3,1,14,button,16201705154064519728,14,20
3019,40,0.75,Bot4,1,14,button,16201705154064519728,14,20
3020,40,0.75,Bot1,0,27,caught_by_fire,1230613868431422442,38,22
3020,40,0.75,Bot2,0,33,caught_by_fire,1230613868431422442,38,22
3020,40,0.75,Bot3,0,33,caught_by_fire,1230613868431422442,38,22
3020,40,0.75,Bot4,0,33,caught_by_fire,1230613868431422442,38,22
3021,40,0.75,Bot1,1,41,button,920792572759499672,41,44
3021,40,0.75,Bot2,1,41,button,920792572759499672,41,44
3021,40,0.75,Bot3,1,41,button,920792572759499672,41,44
3021,40,0.75,Bot4,1,41,button,920792572759499672,41,44
3022,40,0.75,Bot1,0,21,caught_by_fire,357879237344560344,43,40
3022,40,0.75,Bot2,0,21,caught_by_fire,357879237344560344,43,40
3022,40,0.75,Bot3,0,21,caught_by_fire,357879237344560344,43,40
3022,40,0.75,Bot4,0,21,caught_by_fire,357879237344560344,43,40
3023,40,0.75,Bot1,1,24,button,11243717761040329937,24,49
3023,40,0.75,Bot2,1,24,button,11243717761040329937,24,49
3023,40,0.75,Bot3,1,24,button,11243717761040329937,24,49
3023,40,0.75,Bot4,1,24,button,11243717761040329937,24,49
3024,40,0.75,Bot1,1,23,button,17310889235953721213,23,38
3024,40,0.75,Bot2,1,23,button,17310889235953721213,23,38
3024,40,0.75,Bot3,1,23,button,17310889235953721213,23,38
3024,40,0.75,Bot4,1,23,button,17310889235953721213,23,38
3025,40,0.75,Bot1,0,35,walked_into_fire,1983635589434836178,52,36
3025,40,0.75,Bot2,0,47,caught_by_fire,1983635589434836178,52,36
3025,40,0.75,Bot3,0,47,caught_by_fire,1983635589434836178,52,36
3025,40,0.75,Bot4,0,47,caught_by_fire,1983635589434836178,52,36
3026,40,0.75,Bot1,0,21,caught_by_fire,14193524120819889191,22,14
3026,40,0.75,Bot2,0,24,caught_by_fire,14193524120819889191,22,14
3026,40,0.75,Bot3,0,24,caught_by_fire,14193524120819889191,22,14
3026,40,0.75,Bot4,0,21,caught_by_fire,14193524120819889191,22,14
3027,40,0.75,Bot1,0,18,caught_by_fire,17243570553118088897,34,16
3027,40,0.75,Bot2,0,21,caught_by_fire,17243570553118088897,34,16
3027,40,0.75,Bot3,0,21,caught_by_fire,17243570553118088897,34,16
3027,40,0.75,Bot4,0,21,caught_by_fire,17243570553118088897,34,16
3028,40,0.75,Bot1,1,37,button,6805270471553438875,37,32
3028,40,0.75,Bot2,1,37,button,6805270471553438875,37,32
3028,40,0.75,Bot3,1,37,button,6805270471553438875,37,32
3028,40,0.75,Bot4,1,37,button,6805270471553438875,37,32
3029,40,0.75,Bot1,0,20,caught_by_fire,3858410926920017220,34,7
3029,40,0.75,Bot2,0,29,caught_by_fire,3858410926920017220,34,7
3029,40,0.75,Bot3,0,29,caught_by_fire,3858410926920017220,34,7
3029,40,0.75,Bot4,0,24,caught_by_fire,3858410926920017220,34,7
3030,40,0.75,Bot1,1,19,button,7842517197753501159,19,13
3030,40,0.75,Bot2,1,19,button,7842517197753501159,19,13
3030,40,0.75,Bot3,1,19,button,7842517197753501159,19,13
3030,40,0.75,Bot4,1,19,button,7842517197753501159,19,13
3031,40,0.75,Bot1,1,15,button,3910865964224637655,15,51
3031,40,0.75,Bot2,1,15,button,3910865964224637655,15,51
3031,40,0.75,Bot3,1,15,button,3910865964224637655,15,51
3031,40,0.75,Bot4,1,15,button,3910865964224637655,15,51
3032,40,0.75,Bot1,1,18,button,12780156686953767346,18,15
3032,40,0.75,Bot2,1,18,button,12780156686953767346,18,15
3032,40,0.75,Bot3,1,18,button,12780156686953767346,18,15
3032,40,0.75,Bot4,1,18,button,12780156686953767346,18,15
3033,40,0.75,Bot1,1,24,button,1739328218753642117,24,51
3033,40,0.75,Bot2,1,24,button,1739328218753642117,24,51
3033,40,0.75,Bot3,1,24,button,1739328218753642117,24,51
3033,40,0.75,Bot4,1,24,button,1739328218753642117,24,51
3034,40,0.75,Bot1,1,24,button,13136581806522442348,24,48
3034,40,0.75,Bot2,1,24,button,13136581806522442348,24,48
3034,40,0.75,Bot3,1,24,button,13136581806522442348,24,48
3034,40,0.75,Bot4,1,24,button,13136581806522442348,24,48
3035,40,0.75,Bot1,0,11,walked_into_fire,18077089944950375810,14,5
3035,40,0.75,Bot2,0,16,caught_by_fire,18077089944950375810,14,5
3035,40,0.75,Bot3,0,16,caught_by_fire,18077089944950375810,14,5
3035,40,0.75,Bot4,0,15,caught_by_fire,18077089944950375810,14,5
3036,40,0.75,Bot1,0,18,walked_into_fire,16253818852578015067,36,22
3036,40,0.75,Bot2,0,32,caught_by_fire,16253818852578015067,36,22
3036,40,0.75,Bot3,0,32,caught_by_fire,16253818852578015067,36,22
3036,40,0.75,Bot4,0,32,caught_by_fire,16253818852578015067,36,22
3037,40,0.75,Bot1,1,42,button,17943651002031523293,42,45
3037,40,0.75,Bot2,1,42,button,17943651002031523293,42,45
3037,40,0.75,Bot3,1,42,button,17943651002031523293,42,45
3037,40,0.75,Bot4,1,42,button,17943651002031523293,42,45
3038,40,0.75,Bot1,1,48,button,3015270522933270798,48,46
3038,40,0.75,Bot2,1,48,button,3015270522933270798,48,46
3038,40,0.75,Bot3,1,48,button,3015270522933270798,48,46
3038,40,0.75,Bot4,1,48,button,3015270522933270798,48,46
3039,40,0.75,Bot1,1,19,button,5654542312832609477,19,22
3039,40,0.75,Bot2,1,19,button,5654542312832609477,19,22
3039,40,0.75,Bot3,1,19,button,5654542312832609477,19,22
3039,40,0.75,Bot4,1,19,button,5654542312832609477,19,22
3040,40,0.75,Bot1,1,22,button,9696887152302660904,22,32
3040,40,0.75,Bot2,1,22,button,9696887152302660904,22,32
3040,40,0.75,Bot3,1,22,button,9696887152302660904,22,32
3040,40,0.75,Bot4,1,22,button,9696887152302660904,22,32
3041,40,0.75,Bot1,1,40,button,18238827862917982706,40,58
3041,40,0.75,Bot2,1,40,button,18238827862917982706,40,58
3041,40,0.75,Bot3,1,40,button,18238827862917982706,40,58
3041,40,0.75,Bot4,1,40,button,18238827862917982706,40,58
3042,40,0.75,Bot1,1,21,button,14123826939434445247,21,21
3042,40,0.75,Bot2,1,21,button,14123826939434445247,21,21
3042,40,0.75,Bot3,1,21,button,14123826939434445247,21,21
3042,40,0.75,Bot4,1,21,button,14123826939434445247,21,21
3043,40,0.75,Bot1,1,20,button,4532291614410078264,20,26
3043,40,0.75,Bot2,1,20,button,4532291614410078264,20,26
3043,40,0.75,Bot3,1,20,button,4532291614410078264,20,26
3043,40,0.75,Bot4,1,20,button,4532291614410078264,20,26
3044,40,0.75,Bot1,1,19,button,17173733640042465470,19,40
3044,40,0.75,Bot2,1,19,button,17173733640042465470,19,40
3044,40,0.75,Bot3,1,19,button,17173733640042465470,19,40
3044,40,0.75,Bot4,1,19,button,17173733640042465470,19,40
3045,40,0.75,Bot1,0,11,walked_into_fire,5731243908575309021,18,7
3045,40,0.75,Bot2,0,18,caught_by_fire,5731243908575309021,18,7
3045,40,0.75,Bot3,0,17,caught_by_fire,5731243908575309021,18,7
3045,40,0.75,Bot4,0,18,caught_by_fire,5731243908575309021,18,7
3046,40,0.75,Bot1,1,63,button,2650925856954813451,63,60
3046,40,0.75,Bot2,1,63,button,2650925856954813451,63,60
3046,40,0.75,Bot3,1,63,button,2650925856954813451,63,60
3046,40,0.75,Bot4,1,63,button,2650925856954813451,63,60
3047,40,0.75,Bot1,1,15,button,9920351349574925538,15,26
3047,40,0.75,Bot2,1,15,button,9920351349574925538,15,26
3047,40,0.75,Bot3,1,15,button,9920351349574925538,15,26
3047,40,0.75,Bot4,1,15,button,9920351349574925538,15,26
3048,40,0.75,Bot1,1,22,button,9536634633569100219,22,37
3048,40,0.75,Bot2,1,22,button,9536634633569100219,22,37
3048,40,0.75,Bot3,1,22,button,9536634633569100219,22,37
3048,40,0.75,Bot4,1,22,button,9536634633569100219,22,37
3049,40,0.75,Bot1,1,29,button,6985547911702624581,29,41
3049,40,0.75,Bot2,1,29,button,6985547911702624581,29,41
3049,40,0.75,Bot3,1,29,button,6985547911702624581,29,41
3049,40,0.75,Bot4,1,29,button,6985547911702624581,29,41
3050,40,0.75,Bot1,1,12,button,1230586074384141341,12,48
3050,40,0.75,Bot2,1,12,button,1230586074384141341,12,48
3050,40,0.75,Bot3,1,12,button,1230586074384141341,12,48
3050,40,0.75,Bot4,1,12,button,1230586074384141341,12,48
3051,40,0.75,Bot1,1,31,button,13165584541327299941,31,33
3051,40,0.75,Bot2,1,31,button,13165584541327299941,31,33
3051,40,0.75,Bot3,1,31,button,13165584541327299941,31,33
3051,40,0.75,Bot4,1,31,button,13165584541327299941,31,33
3052,40,0.75,Bot1,1,49,button,16719857660052139511,49,51
3052,40,0.75,Bot2,1,49,button,16719857660052139511,49,51
3052,40,0.75,Bot3,1,49,button,16719857660052139511,49,51
3052,40,0.75,Bot4,1,49,button,16719857660052139511,49,51
3053,40,0.75,Bot1,1,30,button,10473854081473288305,30,28
3053,40,0.75,Bot2,1,30,button,10473854081473288305,30,28
3053,40,0.75,Bot3,1,30,button,10473854081473288305,30,28
3053,40,0.75,Bot4,1,30,button,10473854081473288305,30,28
3054,40,0.75,Bot1,0,23,walked_into_fire,3603000482045696139,47,21
3054,40,0.75,Bot2,0,44,caught_by_fire,3603000482045696139,47,21
3054,40,0.75,Bot3,0,44,caught_by_fire,3603000482045696139,47,21
3054,40,0.75,Bot4,0,43,caught_by_fire,3603000482045696139,47,21
3055,40,0.75,Bot1,1,9,button,7670891039696629872,9,19
3055,40,0.75,Bot2,1,9,button,7670891039696629872,9,19
3055,40,0.75,Bot3,1,9,button,7670891039696629872,9,19
3055,40,0.75,Bot4,1,9,button,7670891039696629872,9,19
3056,40,0.75,Bot1,0,25,caught_by_fire,16495232346079504023,37,16
3056,40,0.75,Bot2,0,30,caught_by_fire,16495232346079504023,37,16
3056,40,0.75,Bot3,0,30,caught_by_fire,16495232346079504023,37,16
3056,40,0.75,Bot4,0,29,caught_by_fire,16495232346079504023,37,16
3057,40,0.75,Bot1,0,23,caught_by_fire,8364780401356983274,47,32
3057,40,0.75,Bot2,0,23,caught_by_fire,8364780401356983274,47,32
3057,40,0.75,Bot3,0,23,caught_by_fire,8364780401356983274,47,32
3057,40,0.75,Bot4,0,23,caught_by_fire,8364780401356983274,47,32
3058,40,0.75,Bot1,1,20,button,9848061580002832334,20,28
3058,40,0.75,Bot2,1,20,button,9848061580002832334,20,28
3058,40,0.75,Bot3,1,20,button,9848061580002832334,20,28
3058,40,0.75,Bot4,1,20,button,9848061580002832334,20,28
3059,40,0.75,Bot1,1,30,button,11507671104274998294,30,46
3059,40,0.75,Bot2,1,30,button,11507671104274998294,30,46
3059,40,0.75,Bot3,1,30,button,11507671104274998294,30,46
3059,40,0.75,Bot4,1,30,button,11507671104274998294,30,46
3060,40,0.75,Bot1,0,4,walked_into_fire,11507430420872099007,53,46
3060,40,0.75,Bot2,0,17,caught_by_fire,11507430420872099007,53,46
3060,40,0.75,Bot3,0,15,caught_by_fire,11507430420872099007,53,46
3060,40,0.75,Bot4,0,17,caught_by_fire,11507430420872099007,53,46
3061,40,0.75,Bot1,1,10,button,18126064953219136485,10,24
3061,40,0.75,Bot2,1,10,button,18126064953219136485,10,24
3061,40,0.75,Bot3,1,10,button,18126064953219136485,10,24
3061,40,0.75,Bot4,1,10,button,18126064953219136485,10,24
3062,40,0.75,Bot1,1,52,button,4599026354774297610,52,41
3062,40,0.75,Bot2,1,52,button,4599026354774297610,52,41
3062,40,0.75,Bot3,1,52,button,4599026354774297610,52,41
3062,40,0.75,Bot4,1,52,button,4599026354774297610,52,41
3063,40,0.75,Bot1,0,19,walked_into_fire,8285691518947276835,23,14
3063,40,0.75,Bot2,0,24,caught_by_fire,8285691518947276835,23,14
3063,40,0.75,Bot3,0,26,caught_by_fire,8285691518947276835,23,14
3063,40,0.75,Bot4,0,25,caught_by_fire,8285691518947276835,23,14
3064,40,0.75,Bot1,1,21,button,13726953666960005118,21,29
3064,40,0.75,Bot2,1,21,button,13726953666960005118,21,29
3064,40,0.75,Bot3,1,21,button,13726953666960005118,21,29
3064,40,0.75,Bot4,1,21,button,13726953666960005118,21,29
3065,40,0.75,Bot1,1,44,button,1177339860407658154,44,58
3065,40,0.75,Bot2,1,44,button,1177339860407658154,44,58
3065,40,0.75,Bot3,1,44,button,1177339860407658154,44,58
3065,40,0.75,Bot4,1,44,button,1177339860407658154,44,58
3066,40,0.75,Bot1,1,38,button,17004401963801814964,38,59
3066,40,0.75,Bot2,1,38,button,17004401963801814964,38,59
3066,40,0.75,Bot3,1,38,button,17004401963801814964,38,59
3066,40,0.75,Bot4,1,38,button,17004401963801814964,38,59
3067,40,0.75,Bot1,0,19,walked_into_fire,10522003826948402629,53,32
3067,40,0.75,Bot2,0,22,caught_by_fire,10522003826948402629,53,32
3067,40,0.75,Bot3,0,41,caught_by_fire,10522003826948402629,53,32
3067,40,0.75,Bot4,0,22,caught_by_fire,10522003826948402629,53,32
3068,40,0.75,Bot1,1,17,button,8402865413707461552,17,32
3068,40,0.75,Bot2,1,17,button,8402865413707461552,17,32
3068,40,0.75,Bot3,1,17,button,8402865413707461552,17,32
3068,40,0.75,Bot4,1,17,button,8402865413707461552,17,32
3069,40,0.75,Bot1,1,26,button,11237888878798394808,26,41
3069,40,0.75,Bot2,1,26,button,11237888878798394808,26,41
3069,40,0.75,Bot3,1,26,button,11237888878798394808,26,41
3069,40,0.75,Bot4,1,26,button,11237888878798394808,26,41
3070,40,0.75,Bot1,1,24,button,9064262167902726394,24,35
3070,40,0.75,Bot2,1,24,button,9064262167902726394,24,35
3070,40,0.75,Bot3,1,24,button,9064262167902726394,24,35
3070,40,0.75,Bot4,1,24,button,9064262167902726394,24,35
3071,40,0.75,Bot1,0,19,caught_by_fire,16102959713113981191,48,15
3071,40,0.75,Bot2,0,30,caught_by_fire,16102959713113981191,48,15
3071,40,0.75,Bot3,0,33,caught_by_fire,16102959713113981191,48,15
3071,40,0.75,Bot4,0,30,caught_by_fire,16102959713113981191,48,15
3072,40,0.75,Bot1,1,35,button,7067627231891399245,35,53
3072,40,0.75,Bot2,1,35,button,7067627231891399245,35,53
3072,40,0.75,Bot3,1,35,button,7067627231891399245,35,53
3072,40,0.75,Bot4,1,35,button,7067627231891399245,35,53
3073,40,0.75,Bot1,1,5,button,17896172003937970692,5,28
3073,40,0.75,Bot2,1,5,button,17896172003937970692,5,28
3073,40,0.75,Bot3,1,5,button,17896172003937970692,5,28
3073,40,0.75,Bot4,1,5,button,17896172003937970692,5,28
3074,40,0.75,Bot1,0,26,caught_by_fire,4669391810164476139,29,20
3074,40,0.75,Bot2,0,29,caught_by_fire,4669391810164476139,29,20
3074,40,0.75,Bot3,0,29,caught_by_fire,4669391810164476139,29,20
3074,40,0.75,Bot4,0,26,caught_by_fire,4669391810164476139,29,20
3075,40,0.75,Bot1,1,15,button,9481350749434338571,15,22
3075,40,0.75,Bot2,1,15,button,9481350749434338571,15,22
3075,40,0.75,Bot3,1,15,button,9481350749434338571,15,22
3075,40,0.75,Bot4,1,15,button,9481350749434338571,15,22
3076,40,0.75,Bot1,1,31,button,9134526445091277777,31,28
3076,40,0.75,Bot2,1,31,button,9134526445091277777,31,28
3076,40,0.75,Bot3,1,31,button,9134526445091277777,31,28
3076,40,0.75,Bot4,1,31,button,9134526445091277777,31,28
3077,40,0.75,Bot1,1,66,button,1806003610175747712,66,60
3077,40,0.75,Bot2,1,66,button,1806003610175747712,66,60
3077,40,0.75,Bot3,1,66,button,1806003610175747712,66,60
3077,40,0.75,Bot4,1,66,button,1806003610175747712,66,60
3078,40,0.75,Bot1,1,15,button,16283021289749488770,15,31
3078,40,0.75,Bot2,1,15,button,16283021289749488770,15,31
3078,40,0.75,Bot3,1,15,button,16283021289749488770,15,31
3078,40,0.75,Bot4,1,15,button,16283021289749488770,15,31
3079,40,0.75,Bot1,1,39,button,10379623998482384762,39,42
3079,40,0.75,Bot2,1,39,button,10379623998482384762,39,42
3079,40,0.75,Bot3,1,39,button,10379623998482384762,39,42
3079,40,0.75,Bot4,1,39,button,10379623998482384762,39,42
3080,40,0.75,Bot1,1,27,button,14336587832793286465,27,31
3080,40,0.75,Bot2,1,27,button,14336587832793286465,27,31
3080,40,0.75,Bot3,1,27,button,14336587832793286465,27,31
3080,40,0.75,Bot4,1,27,button,14336587832793286465,27,31
3081,40,0.75,Bot1,0,21,caught_by_fire,698535720775521397,33,12
3081,40,0.75,Bot2,0,28,caught_by_fire,698535720775521397,33,12
3081,40,0.75,Bot3,0,28,caught_by_fire,698535720775521397,33,12
3081,40,0.75,Bot4,0,28,caught_by_fire,698535720775521397,33,12
3082,40,0.75,Bot1,0,21,walked_into_fire,10649787176226127171,27,11
3082,40,0.75,Bot2,0,22,caught_by_fire,10649787176226127171,27,11
3082,40,0.75,Bot3,0,22,caught_by_fire,10649787176226127171,27,11
3082,40,0.75,Bot4,0,22,caught_by_fire,10649787176226127171,27,11
3083,40,0.75,Bot1,1,20,button,9019893111228827883,20,42
3083,40,0.75,Bot2,1,20,button,9019893111228827883,20,42
3083,40,0.75,Bot3,1,20,button,9019893111228827883,20,42
3083,40,0.75,Bot4,1,20,button,9019893111228827883,20,42
3084,40,0.75,Bot1,0,27,walked_into_fire,2647546971637036594,50,9
3084,40,0.75,Bot2,0,47,caught_by_fire,2647546971637036594,50,9
3084,40,0.75,Bot3,0,47,caught_by_fire,2647546971637036594,50,9
3084,40,0.75,Bot4,0,47,caught_by_fire,2647546971637036594,50,9
3085,40,0.75,Bot1,1,47,button,11081145328430145169,47,52
3085,40,0.75,Bot2,1,47,button,11081145328430145169,47,52
3085,40,0.75,Bot3,1,47,button,11081145328430145169,47,52
3085,40,0.75,Bot4,1,47,button,11081145328430145169,47,52
3086,40,0.75,Bot1,1,28,button,16176105580532417964,28,37
3086,40,0.75,Bot2,1,28,button,16176105580532417964,28,37
3086,40,0.75,Bot3,1,28,button,16176105580532417964,28,37
3086,40,0.75,Bot4,1,28,button,16176105580532417964,28,37
3087,40,0.75,Bot1,1,6,button,2860514304062028129,6,47
3087,40,0.75,Bot2,1,6,button,2860514304062028129,6,47
3087,40,0.75,Bot3,1,6,button,2860514304062028129,6,47
3087,40,0.75,Bot4,1,6,button,2860514304062028129,6,47
3088,40,0.75,Bot1,1,9,button,11969596899500398798,9,20
3088,40,0.75,Bot2,1,9,button,11969596899500398798,9,20
3088,40,0.75,Bot3,1,9,button,11969596899500398798,9,20
3088,40,0.75,Bot4,1,9,button,11969596899500398798,9,20
3089,40,0.75,Bot1,1,10,button,17849171395650017563,10,21
3089,40,0.75,Bot2,1,10,button,17849171395650017563,10,21
3089,40,0.75,Bot3,1,10,button,17849171395650017563,10,21
3089,40,0.75,Bot4,1,10,button,17849171395650017563,10,21
3090,40,0.75,Bot1,0,25,walked_into_fire,10082300746379495470,51,19
3090,40,0.75,Bot2,0,34,caught_by_fire,10082300746379495470,51,19
3090,40,0.75,Bot3,0,38,caught_by_fire,10082300746379495470,51,19
3090,40,0.75,Bot4,0,34,caught_by_fire,10082300746379495470,51,19
3091,40,0.75,Bot1,1,32,button,3394644124742970446,32,31
3091,40,0.75,Bot2,1,32,button,3394644124742970446,32,31
3091,40,0.75,Bot3,1,32,button,3394644124742970446,32,31
3091,40,0.75,Bot4,1,32,button,3394644124742970446,32,31
3092,40,0.75,Bot1,1,19,button,12736379402410982081,19,44
3092,40,0.75,Bot2,1,19,button,12736379402410982081,19,44
3092,40,0.75,Bot3,1,19,button,12736379402410982081,19,44
3092,40,0.75,Bot4,1,19,button,12736379402410982081,19,44
3093,40,0.75,Bot1,1,31,button,17345663044260255051,31,47
3093,40,0.75,Bot2,1,31,button,17345663044260255051,31,47
3093,40,0.75,Bot3,1,31,button,17345663044260255051,31,47
3093,40,0.75,Bot4,1,31,button,17345663044260255051,31,47
3094,40,0.75,Bot1,1,28,button,3574593776452891180,28,39
3094,40,0.75,Bot2,1,28,button,3574593776452891180,28,39
3094,40,0.75,Bot3,1,28,button,3574593776452891180,28,39
3094,40,0.75,Bot4,1,28,button,3574593776452891180,28,39
3095,40,0.75,Bot1,1,18,button,8330956813833572704,18,25
3095,40,0.75,Bot2,1,18,button,8330956813833572704,18,25
3095,40,0.75,Bot3,1,18,button,8330956813833572704,18,25
3095,40,0.75,Bot4,1,18,button,8330956813833572704,18,25
3096,40,0.75,Bot1,0,7,walked_into_fire,8015204711990322643,34,23
3096,40,0.75,Bot2,0,27,caught_by_fire,8015204711990322643,34,23
3096,40,0.75,Bot3,0,28,caught_by_fire,8015204711990322643,34,23
3096,40,0.75,Bot4,0,27,caught_by_fire,8015204711990322643,34,23
3097,40,0.75,Bot1,0,20,caught_by_fire,9864365854137834659,48,9
3097,40,0.75,Bot2,0,35,caught_by_fire,9864365854137834659,48,9
3097,40,0.75,Bot3,0,35,caught_by_fire,9864365854137834659,48,9
3097,40,0.75,Bot4,0,35,caught_by_fire,9864365854137834659,48,9
3098,40,0.75,Bot1,0,9,walked_into_fire,14755442522781970650,38,23
3098,40,0.75,Bot2,0,13,caught_by_fire,14755442522781970650,38,23
3098,40,0.75,Bot3,0,15,caught_by_fire,14755442522781970650,38,23
3098,40,0.75,Bot4,0,16,caught_by_fire,14755442522781970650,38,23
3099,40,0.75,Bot1,1,29,button,2885829204523482947,29,57
3099,40,0.75,Bot2,1,29,button,2885829204523482947,29,57
3099,40,0.75,Bot3,1,29,button,2885829204523482947,29,57
3099,40,0.75,Bot4,1,29,button,2885829204523482947,29,57
3100,40,0.75,Bot1,0,16,caught_by_fire,3076202956046247918,40,20
3100,40,0.75,Bot2,0,22,caught_by_fire,3076202956046247918,40,20
3100,40,0.75,Bot3,0,22,caught_by_fire,3076202956046247918,40,20
3100,40,0.75,Bot4,0,22,caught_by_fire,3076202956046247918,40,20
3101,40,0.75,Bot1,1,8,button,3795800448684940595,8,22
3101,40,0.75,Bot2,1,8,button,3795800448684940595,8,22
3101,40,0.75,Bot3,1,8,button,3795800448684940595,8,22
3101,40,0.75,Bot4,1,8,button,3795800448684940595,8,22
3102,40,0.75,Bot1,0,21,walked_into_fire,8193114819300414238,34,27
3102,40,0.75,Bot2,0,34,caught_by_fire,8193114819300414238,34,27
3102,40,0.75,Bot3,0,34,caught_by_fire,8193114819300414238,34,27
3102,40,0.75,Bot4,0,35,caught_by_fire,8193114819300414238,34,27
3103,40,0.75,Bot1,1,39,button,17333614382154884850,39,40
3103,40,0.75,Bot2,1,39,button,17333614382154884850,39,40
3103,40,0.75,Bot3,1,39,button,17333614382154884850,39,40
3103,40,0.75,Bot4,1,39,button,17333614382154884850,39,40
3104,40,0.75,Bot1,1,22,button,5149985082113789359,22,19
3104,40,0.75,Bot2,1,22,button,5149985082113789359,22,19
3104,40,0.75,Bot3,1,22,button,5149985082113789359,22,19
3104,40,0.75,Bot4,1,22,button,5149985082113789359,22,19
3105,40,0.75,Bot1,1,57,button,2748114773444233987,57,67
3105,40,0.75,Bot2,1,57,button,2748114773444233987,57,67
3105,40,0.75,Bot3,1,57,button,2748114773444233987,57,67
3105,40,0.75,Bot4,1,57,button,2748114773444233987,57,67
3106,40,0.75,Bot1,0,20,caught_by_fire,17824628921155306335,43,20
3106,40,0.75,Bot2,0,32,caught_by_fire,17824628921155306335,43,20
3106,40,0.75,Bot3,0,32,caught_by_fire,17824628921155306335,43,20
3106,40,0.75,Bot4,0,32,caught_by_fire,17824628921155306335,43,20
3107,40,0.75,Bot1,1,34,button,9824023701997684396,34,50
3107,40,0.75,Bot2,1,34,button,9824023701997684396,34,50
3107,40,0.75,Bot3,1,34,button,9824023701997684396,34,50
3107,40,0.75,Bot4,1,34,button,9824023701997684396,34,50
3108,40,0.75,Bot1,1,23,button,15716341752452195604,23,32
3108,40,0.75,Bot2,1,23,button,15716341752452195604,23,32
3108,40,0.75,Bot3,1,23,button,15716341752452195604,23,32
3108,40,0.75,Bot4,1,23,button,15716341752452195604,23,32
3109,40,0.75,Bot1,0,29,walked_into_fire,14538847959705610930,46,18
3109,40,0.75,Bot2,0,40,caught_by_fire,14538847959705610930,46,18
3109,40,0.75,Bot3,0,40,caught_by_fire,14538847959705610930,46,18
3109,40,0.75,Bot4,0,40,caught_by_fire,14538847959705610930,46,18
3110,40,0.75,Bot1,0,40,caught_by_fire,10481696973171937603,48,26
3110,40,0.75,Bot2,0,49,caught_by_fire,10481696973171937603,48,26
3110,40,0.75,Bot3,0,49,caught_by_fire,10481696973171937603,48,26
3110,40,0.75,Bot4,0,48,caught_by_fire,10481696973171937603,48,26
3111,40,0.75,Bot1,0,31,walked_into_fire,3711011626959913242,38,17
3111,40,0.75,Bot2,0,44,caught_by_fire,3711011626959913242,38,17
3111,40,0.75,Bot3,0,44,caught_by_fire,3711011626959913242,38,17
3111,40,0.75,Bot4,0,43,caught_by_fire,3711011626959913242,38,17
3112,40,0.75,Bot1,0,35,walked_into_fire,11335059952413504307,50,28
3112,40,0.75,Bot2,0,45,caught_by_fire,11335059952413504307,50,28
3112,40,0.75,Bot3,0,45,caught_by_fire,11335059952413504307,50,28
3112,40,0.75,Bot4,0,46,caught_by_fire,11335059952413504307,50,28
3113,40,0.75,Bot1,1,16,button,7057186048217667571,16,39
3113,40,0.75,Bot2,1,16,button,7057186048217667571,16,39
3113,40,0.75,Bot3,1,16,button,7057186048217667571,16,39
3113,40,0.75,Bot4,1,16,button,7057186048217667571,16,39
3114,40,0.75,Bot1,1,23,button,14782315116548951377,23,52
3114,40,0.75,Bot2,1,23,button,14782315116548951377,23,52
3114,40,0.75,Bot3,1,23,button,14782315116548951377,23,52
3114,40,0.75,Bot4,1,23,button,14782315116548951377,23,52
3115,40,0.75,Bot1,1,9,button,15412550518905365574,9,29
3115,40,0.75,Bot2,1,9,button,15412550518905365574,9,29
3115,40,0.75,Bot3,1,9,button,15412550518905365574,9,29
3115,40,0.75,Bot4,1,9,button,15412550518905365574,9,29
3116,40,0.75,Bot1,0,27,walked_into_fire,7976004441906116993,30,22
3116,40,0.75,Bot2,0,28,caught_by_fire,7976004441906116993,30,22
3116,40,0.75,Bot3,0,28,caught_by_fire,7976004441906116993,30,22
3116,40,0.75,Bot4,0,27,caught_by_fire,7976004441906116993,30,22
3117,40,0.75,Bot1,0,17,caught_by_fire,17879993189514482983,32,23
3117,40,0.75,Bot2,0,17,caught_by_fire,17879993189514482983,32,23
3117,40,0.75,Bot3,0,32,caught_by_fire,17879993189514482983,32,23
3117,40,0.75,Bot4,0,29,caught_by_fire,17879993189514482983,32,23
3118,40,0.75,Bot1,1,56,button,14187557693277859459,56,47
3118,40,0.75,Bot2,1,56,button,14187557693277859459,56,47
3118,40,0.75,Bot3,1,56,button,14187557693277859459,56,47
3118,40,0.75,Bot4,1,56,button,14187557693277859459,56,47
3119,40,0.75,Bot1,1,20,button,17044526533423417125,20,29
3119,40,0.75,Bot2,1,20,button,17044526533423417125,20,29
3119,40,0.75,Bot3,1,20,button,17044526533423417125,20,29
3119,40,0.75,Bot4,1,20,button,17044526533423417125,20,29
3120,40,0.75,Bot1,0,34,walked_into_fire,3500458170815046660,51,46
3120,40,0.75,Bot2,0,34,caught_by_fire,3500458170815046660,51,46
3120,40,0.75,Bot3,0,34,caught_by_fire,3500458170815046660,51,46
3120,40,0.75,Bot4,0,34,caught_by_fire,3500458170815046660,51,46
3121,40,0.75,Bot1,1,16,button,5707768601378961798,16,32
3121,40,0.75,Bot2,1,16,button,5707768601378961798,16,32
3121,40,0.75,Bot3,1,16,button,5707768601378961798,16,32
3121,40,0.75,Bot4,1,16,button,5707768601378961798,16,32
3122,40,0.75,Bot1,1,35,button,4622583901916017678,35,30
3122,40,0.75,Bot2,1,35,button,4622583901916017678,35,30
3122,40,0.75,Bot3,1,35,button,4622583901916017678,35,30
3122,40,0.75,Bot4,1,35,button,4622583901916017678,35,30
3123,40,0.75,Bot1,1,36,button,14747669576421752459,36,44
3123,40,0.75,Bot2,1,36,button,14747669576421752459,36,44
3123,40,0.75,Bot3,1,36,button,14747669576421752459,36,44
3123,40,0.75,Bot4,1,36,button,14747669576421752459,36,44
3124,40,0.75,Bot1,1,19,button,2459407386089393051,19,22
3124,40,0.75,Bot2,1,19,button,2459407386089393051,19,22
3124,40,0.75,Bot3,1,19,button,2459407386089393051,19,22
3124,40,0.75,Bot4,1,19,button,2459407386089393051,19,22
3125,40,0.75,Bot1,0,38,walked_into_fire,18007443188945945559,43,36
3125,40,0.75,Bot2,0,38,caught_by_fire,18007443188945945559,43,36
3125,40,0.75,Bot3,0,38,caught_by_fire,18007443188945945559,43,36
3125,40,0.75,Bot4,0,38,caught_by_fire,18007443188945945559,43,36
3126,40,0.75,Bot1,1,51,button,15799135767455034399,51,52
3126,40,0.75,Bot2,1,51,button,15799135767455034399,51,52
3126,40,0.75,Bot3,1,51,button,15799135767455034399,51,52
3126,40,0.75,Bot4,1,51,button,15799135767455034399,51,52
3127,40,0.75,Bot1,1,40,button,15420462548742626582,40,43
3127,40,0.75,Bot2,1,40,button,15420462548742626582,40,43
3127,40,0.75,Bot3,1,40,button,15420462548742626582,40,43
3127,40,0.75,Bot4,1,40,button,15420462548742626582,40,43
3128,40,0.75,Bot1,1,18,button,17982632822331193012,18,34
3128,40,0.75,Bot2,1,18,button,17982632822331193012,18,34
3128,40,0.75,Bot3,1,18,button,17982632822331193012,18,34
3128,40,0.75,Bot4,1,18,button,17982632822331193012,18,34
3129,40,0.75,Bot1,0,36,caught_by_fire,14405151814651259235,53,22
3129,40,0.75,Bot2,0,44,caught_by_fire,14405151814651259235,53,22
3129,40,0.75,Bot3,0,44,caught_by_fire,14405151814651259235,53,22
3129,40,0.75,Bot4,0,44,caught_by_fire,14405151814651259235,53,22
3130,40,0.75,Bot1,1,47,button,16247429706754750464,47,34
3130,40,0.75,Bot2,0,47,caught_by_fire,16247429706754750464,47,34
3130,40,0.75,Bot3,1,47,button,16247429706754750464,47,34
3130,40,0.75,Bot4,1,47,button,16247429706754750464,47,34
3131,40,0.75,Bot1,0,24,walked_into_fire,11927621729647252447,50,16
3131,40,0.75,Bot2,0,30,caught_by_fire,11927621729647252447,50,16
3131,40,0.75,Bot3,0,31,caught_by_fire,11927621729647252447,50,16
3131,40,0.75,Bot4,0,30,caught_by_fire,11927621729647252447,50,16
3132,40,0.75,Bot1,1,6,button,10087507185003216866,6,46
3132,40,0.75,Bot2,1,6,button,10087507185003216866,6,46
3132,40,0.75,Bot3,1,6,button,10087507185003216866,6,46
3132,40,0.75,Bot4,1,6,button,10087507185003216866,6,46
3133,40,0.75,Bot1,1,22,button,8348151968188737309,22,21
3133,40,0.75,Bot2,1,22,button,8348151968188737309,22,21
3133,40,0.75,Bot3,1,22,button,8348151968188737309,22,21
3133,40,0.75,Bot4,1,22,button,8348151968188737309,22,21
3134,40,0.75,Bot1,1,13,button,11555256986644294270,13,42
3134,40,0.75,Bot2,1,13,button,11555256986644294270,13,42
3134,40,0.75,Bot3,1,13,button,11555256986644294270,13,42
3134,40,0.75,Bot4,1,13,button,11555256986644294270,13,42
3135,40,0.75,Bot1,1,42,button,7522192017176026225,42,41
3135,40,0.75,Bot2,1,42,button,7522192017176026225,42,41
3135,40,0.75,Bot3,1,42,button,7522192017176026225,42,41
3135,40,0.75,Bot4,1,42,button,7522192017176026225,42,41
3136,40,0.75,Bot1,1,57,button,14858497595567530531,57,58
3136,40,0.75,Bot2,1,57,button,14858497595567530531,57,58
3136,40,0.75,Bot3,1,57,button,14858497595567530531,57,58
3136,40,0.75,Bot4,1,57,button,14858497595567530531,57,58
3137,40,0.75,Bot1,0,41,walked_into_fire,16423901823611207846,44,31
3137,40,0.75,Bot2,0,44,caught_by_fire,16423901823611207846,44,31
3137,40,0.75,Bot3,0,44,caught_by_fire,16423901823611207846,44,31
3137,40,0.75,Bot4,0,44,caught_by_fire,16423901823611207846,44,31
3138,40,0.75,Bot1,1,24,button,9583495881353386368,24,31
3138,40,0.75,Bot2,1,24,button,9583495881353386368,24,31
3138,40,0.75,Bot3,1,24,button,9583495881353386368,24,31
3138,40,0.75,Bot4,1,24,button,9583495881353386368,24,31
3139,40,0.75,Bot1,0,18,caught_by_fire,9864988698633924219,49,23
3139,40,0.75,Bot2,0,53,caught_by_fire,9864988698633924219,49,23
3139,40,0.75,Bot3,0,53,caught_by_fire,9864988698633924219,49,23
3139,40,0.75,Bot4,0,47,caught_by_fire,9864988698633924219,49,23
3140,40,0.75,Bot1,1,35,button,12816721842421833857,35,28
3140,40,0.75,Bot2,1,35,button,12816721842421833857,35,28
3140,40,0.75,Bot3,1,35,button,12816721842421833857,35,28
3140,40,0.75,Bot4,1,35,button,12816721842421833857,35,28
3141,40,0.75,Bot1,1,19,button,674903035253330614,19,27
3141,40,0.75,Bot2,1,19,button,674903035253330614,19,27
3141,40,0.75,Bot3,1,19,button,674903035253330614,19,27
3141,40,0.75,Bot4,1,19,button,674903035253330614,19,27
3142,40,0.75,Bot1,1,17,button,16522124560028505691,17,40
3142,40,0.75,Bot2,1,17,button,16522124560028505691,17,40
3142,40,0.75,Bot3,1,17,button,16522124560028505691,17,40
3142,40,0.75,Bot4,1,17,button,16522124560028505691,17,40
3143,40,0.75,Bot1,0,30,caught_by_fire,14899225535058197369,51,7
3143,40,0.75,Bot2,0,59,caught_by_fire,14899225535058197369,51,7
3143,40,0.75,Bot3,0,57,caught_by_fire,14899225535058197369,51,7
3143,40,0.75,Bot4,0,56,caught_by_fire,14899225535058197369,51,7
3144,40,0.75,Bot1,0,36,walked_into_fire,9108595087535679167,79,72
3144,40,0.75,Bot2,0,39,caught_by_fire,9108595087535679167,79,72
3144,40,0.75,Bot3,0,39,caught_by_fire,9108595087535679167,79,72
3144,40,0.75,Bot4,0,39,caught_by_fire,9108595087535679167,79,72
3145,40,0.75,Bot1,0,8,walked_into_fire,17817736232357012293,46,33
3145,40,0.75,Bot2,0,12,caught_by_fire,17817736232357012293,46,33
3145,40,0.75,Bot3,0,31,caught_by_fire,17817736232357012293,46,33
3145,40,0.75,Bot4,0,12,caught_by_fire,17817736232357012293,46,33
3146,40,0.75,Bot1,0,29,caught_by_fire,748593597421947660,60,28
3146,40,0.75,Bot2,0,32,caught_by_fire,748593597421947660,60,28
3146,40,0.75,Bot3,0,32,caught_by_fire,748593597421947660,60,28
3146,40,0.75,Bot4,0,32,caught_by_fire,748593597421947660,60,28
3147,40,0.75,Bot1,0,34,walked_into_fire,11997916120712391524,37,26
3147,40,0.75,Bot2,0,35,caught_by_fire,11997916120712391524,37,26
3147,40,0.75,Bot3,0,35,caught_by_fire,11997916120712391524,37,26
3147,40,0.75,Bot4,0,35,caught_by_fire,11997916120712391524,37,26
3148,40,0.75,Bot1,1,26,button,7131670609307982111,26,27
3148,40,0.75,Bot2,1,26,button,7131670609307982111,26,27
3148,40,0.75,Bot3,1,26,button,7131670609307982111,26,27
3148,40,0.75,Bot4,1,26,button,7131670609307982111,26,27
3149,40,0.75,Bot1,1,15,button,307677681658953378,15,43
3149,40,0.75,Bot2,1,15,button,307677681658953378,15,43
3149,40,0.75,Bot3,1,15,button,307677681658953378,15,43
3149,40,0.75,Bot4,1,15,button,307677681658953378,15,43
3150,40,0.75,Bot1,0,31,caught_by_fire,5271538142967759819,46,5
3150,40,0.75,Bot2,0,59,caught_by_fire,5271538142967759819,46,5
3150,40,0.75,Bot3,0,59,caught_by_fire,5271538142967759819,46,5
3150,40,0.75,Bot4,0,57,caught_by_fire,5271538142967759819,46,5
3151,40,0.75,Bot1,0,7,caught_by_fire,9139053829104176222,29,20
3151,40,0.75,Bot2,0,7,caught_by_fire,9139053829104176222,29,20
3151,40,0.75,Bot3,0,7,caught_by_fire,9139053829104176222,29,20
3151,40,0.75,Bot4,0,21,caught_by_fire,9139053829104176222,29,20
3152,40,0.75,Bot1,1,46,button,12818532755549635062,46,56
3152,40,0.75,Bot2,1,46,button,12818532755549635062,46,56
3152,40,0.75,Bot3,1,46,button,12818532755549635062,46,56
3152,40,0.75,Bot4,1,46,button,12818532755549635062,46,56
3153,40,0.75,Bot1,0,12,walked_into_fire,3110794111765727441,46,28
3153,40,0.75,Bot2,0,22,caught_by_fire,3110794111765727441,46,28
3153,40,0.75,Bot3,0,23,caught_by_fire,3110794111765727441,46,28
3153,40,0.75,Bot4,0,22,caught_by_fire,3110794111765727441,46,28
3154,40,0.75,Bot1,0,10,walked_into_fire,11890603140043810609,29,14
3154,40,0.75,Bot2,0,26,caught_by_fire,11890603140043810609,29,14
3154,40,0.75,Bot3,0,27,caught_by_fire,11890603140043810609,29,14
3154,40,0.75,Bot4,0,28,caught_by_fire,11890603140043810609,29,14
3155,40,0.75,Bot1,0,13,walked_into_fire,4077987253735457182,74,51
3155,40,0.75,Bot2,0,27,caught_by_fire,4077987253735457182,74,51
3155,40,0.75,Bot3,0,30,caught_by_fire,4077987253735457182,74,51
3155,40,0.75,Bot4,0,27,caught_by_fire,4077987253735457182,74,51
3156,40,0.75,Bot1,1,24,button,14162429297388225442,24,31
3156,40,0.75,Bot2,1,24,button,14162429297388225442,24,31
3156,40,0.75,Bot3,1,24,button,14162429297388225442,24,31
3156,40,0.75,Bot4,1,24,button,14162429297388225442,24,31
3157,40,0.75,Bot1,1,27,button,494563493267647454,27,32
3157,40,0.75,Bot2,1,27,button,494563493267647454,27,32
3157,40,0.75,Bot3,1,27,button,494563493267647454,27,32
3157,40,0.75,Bot4,1,27,button,494563493267647454,27,32
3158,40,0.75,Bot1,1,16,button,17848016263657724454,16,24
3158,40,0.75,Bot2,1,16,button,17848016263657724454,16,24
3158,40,0.75,Bot3,1,16,button,17848016263657724454,16,24
3158,40,0.75,Bot4,1,16,button,17848016263657724454,16,24
3159,40,0.75,Bot1,1,18,button,998827417972366557,18,49
3159,40,0.75,Bot2,1,18,button,998827417972366557,18,49
3159,40,0.75,Bot3,1,18,button,998827417972366557,18,49
3159,40,0.75,Bot4,1,18,button,998827417972366557,18,49
3160,40,0.75,Bot1,1,28,button,5764467676709595177,28,32
3160,40,0.75,Bot2,1,28,button,5764467676709595177,28,32
3160,40,0.75,Bot3,1,28,button,5764467676709595177,28,32
3160,40,0.75,Bot4,1,28,button,5764467676709595177,28,32
3161,40,0.75,Bot1,1,22,button,1153893316299021176,22,31
3161,40,0.75,Bot2,1,22,button,1153893316299021176,22,31
3161,40,0.75,Bot3,1,22,button,1153893316299021176,22,31
3161,40,0.75,Bot4,1,22,button,1153893316299021176,22,31
3162,40,0.75,Bot1,1,56,button,9233482511169692902,56,68
3162,40,0.75,Bot2,1,56,button,9233482511169692902,56,68
3162,40,0.75,Bot3,1,56,button,9233482511169692902,56,68
3162,40,0.75,Bot4,1,56,button,9233482511169692902,56,68
3163,40,0.75,Bot1,0,24,caught_by_fire,12958627924019832655,48,10
3163,40,0.75,Bot2,0,35,caught_by_fire,12958627924019832655,48,10
3163,40,0.75,Bot3,0,40,caught_by_fire,12958627924019832655,48,10
3163,40,0.75,Bot4,0,33,caught_by_fire,12958627924019832655,48,10
3164,40,0.75,Bot1,0,21,walked_into_fire,4495648510289641738,30,18
3164,40,0.75,Bot2,0,27,caught_by_fire,4495648510289641738,30,18
3164,40,0.75,Bot3,0,27,caught_by_fire,4495648510289641738,30,18
3164,40,0.75,Bot4,0,27,caught_by_fire,4495648510289641738,30,18
3165,40,0.75,Bot1,0,21,caught_by_fire,11775433320904686517,40,8
3165,40,0.75,Bot2,0,39,caught_by_fire,11775433320904686517,40,8
3165,40,0.75,Bot3,0,39,caught_by_fire,11775433320904686517,40,8
3165,40,0.75,Bot4,0,38,caught_by_fire,11775433320904686517,40,8
3166,40,0.75,Bot1,0,35,caught_by_fire,16494722899528881407,41,30
3166,40,0.75,Bot2,0,37,caught_by_fire,16494722899528881407,41,30
3166,40,0.75,Bot3,0,37,caught_by_fire,16494722899528881407,41,30
3166,40,0.75,Bot4,0,37,caught_by_fire,16494722899528881407,41,30
3167,40,0.75,Bot1,1,9,button,7573419578859933725,9,46
3167,40,0.75,Bot2,1,9,button,7573419578859933725,9,46
3167,40,0.75,Bot3,1,9,button,7573419578859933725,9,46
3167,40,0.75,Bot4,1,9,button,7573419578859933725,9,46
3168,40,0.75,Bot1,0,13,caught_by_fire,7159961897899272434,39,20
3168,40,0.75,Bot2,0,33,caught_by_fire,7159961897899272434,39,20
3168,40,0.75,Bot3,0,33,caught_by_fire,7159961897899272434,39,20
3168,40,0.75,Bot4,0,36,caught_by_fire,7159961897899272434,39,20
3169,40,0.75,Bot1,0,44,walked_into_fire,12393693850450737467,50,27
3169,40,0.75,Bot2,0,50,caught_by_fire,12393693850450737467,50,27
3169,40,0.75,Bot3,0,50,caught_by_fire,12393693850450737467,50,27
3169,40,0.75,Bot4,0,48,caught_by_fire,12393693850450737467,50,27
3170,40,0.75,Bot1,1,17,button,1705879572764024577,17,26
3170,40,0.75,Bot2,1,17,button,1705879572764024577,17,26
3170,40,0.75,Bot3,1,17,button,1705879572764024577,17,26
3170,40,0.75,Bot4,1,17,button,1705879572764024577,17,26
3171,40,0.75,Bot1,0,7,walked_into_fire,7279883250859685620,44,39
3171,40,0.75,Bot2,0,51,caught_by_fire,7279883250859685620,44,39
3171,40,0.75,Bot3,0,56,caught_by_fire,7279883250859685620,44,39
3171,40,0.75,Bot4,0,51,caught_by_fire,7279883250859685620,44,39
3172,40,0.75,Bot1,0,32,walked_into_fire,16376253504314230395,56,7
3172,40,0.75,Bot2,0,58,caught_by_fire,16376253504314230395,56,7
3172,40,0.75,Bot3,0,58,caught_by_fire,16376253504314230395,56,7
3172,40,0.75,Bot4,0,55,caught_by_fire,16376253504314230395,56,7
3173,40,0.75,Bot1,1,23,button,17670799854192562032,23,27
3173,40,0.75,Bot2,1,23,button,17670799854192562032,23,27
3173,40,0.75,Bot3,1,23,button,17670799854192562032,23,27
3173,40,0.75,Bot4,1,23,button,17670799854192562032,23,27
3174,40,0.75,Bot1,0,13,walked_into_fire,848017482789867882,48,30
3174,40,0.75,Bot2,0,32,caught_by_fire,848017482789867882,48,30
3174,40,0.75,Bot3,0,32,caught_by_fire,848017482789867882,48,30
3174,40,0.75,Bot4,0,32,caught_by_fire,848017482789867882,48,30
3175,40,0.75,Bot1,1,31,button,3333895783769925982,31,28
3175,40,0.75,Bot2,1,31,button,3333895783769925982,31,28
3175,40,0.75,Bot3,1,31,button,3333895783769925982,31,28
3175,40,0.75,Bot4,1,31,button,3333895783769925982,31,28
3176,40,0.75,Bot1,1,21,button,1614427895092704941,21,40
3176,40,0.75,Bot2,1,21,button,1614427895092704941,21,40
3176,40,0.75,Bot3,1,21,button,1614427895092704941,21,40
3176,40,0.75,Bot4,1,21,button,1614427895092704941,21,40
3177,40,0.75,Bot1,0,16,caught_by_fire,5138592607037988046,55,29
3177,40,0.75,Bot2,0,22,caught_by_fire,5138592607037988046,55,29
3177,40,0.75,Bot3,0,21,caught_by_fire,5138592607037988046,55,29
3177,40,0.75,Bot4,0,22,caught_by_fire,5138592607037988046,55,29
3178,40,0.75,Bot1,0,25,caught_by_fire,8495089679084076562,34,18
3178,40,0.75,Bot2,0,27,caught_by_fire,8495089679084076562,34,18
3178,40,0.75,Bot3,0,27,caught_by_fire,8495089679084076562,34,18
3178,40,0.75,Bot4,0,27,caught_by_fire,8495089679084076562,34,18
3179,40,0.75,Bot1,1,33,button,1524590103267972270,33,55
3179,40,0.75,Bot2,1,33,button,1524590103267972270,33,55
3179,40,0.75,Bot3,1,33,button,1524590103267972270,33,55
3179,40,0.75,Bot4,1,33,button,1524590103267972270,33,55
3180,40,0.75,Bot1,0,38,walked_into_fire,3887975206243024610,41,29
3180,40,0.75,Bot2,0,41,caught_by_fire,3887975206243024610,41,29
3180,40,0.75,Bot3,0,41,caught_by_fire,3887975206243024610,41,29
3180,40,0.75,Bot4,0,40,caught_by_fire,3887975206243024610,41,29
3181,40,0.75,Bot1,1,27,button,6301983368687690583,27,35
3181,40,0.75,Bot2,1,27,button,6301983368687690583,27,35
3181,40,0.75,Bot3,1,27,button,6301983368687690583,27,35
3181,40,0.75,Bot4,1,27,button,6301983368687690583,27,35
3182,40,0.75,Bot1,0,10,caught_by_fire,11718442299967648877,11,6
3182,40,0.75,Bot2,0,12,caught_by_fire,11718442299967648877,11,6
3182,40,0.75,Bot3,0,12,caught_by_fire,11718442299967648877,11,6
3182,40,0.75,Bot4,0,10,caught_by_fire,11718442299967648877,11,6
3183,40,0.75,Bot1,1,33,button,14514381593689853695,33,37
3183,40,0.75,Bot2,1,33,button,14514381593689853695,33,37
3183,40,0.75,Bot3,1,33,button,14514381593689853695,33,37
3183,40,0.75,Bot4,1,33,button,14514381593689853695,33,37
3184,40,0.75,Bot1,0,10,caught_by_fire,7217046257262972114,47,43
3184,40,0.75,Bot2,0,10,caught_by_fire,7217046257262972114,47,43
3184,40,0.75,Bot3,0,53,caught_by_fire,7217046257262972114,47,43
3184,40,0.75,Bot4,0,10,caught_by_fire,7217046257262972114,47,43
3185,40,0.75,Bot1,1,26,button,855301421845000400,26,45
3185,40,0.75,Bot2,1,26,button,855301421845000400,26,45
3185,40,0.75,Bot3,1,26,button,855301421845000400,26,45
3185,40,0.75,Bot4,1,26,button,855301421845000400,26,45
3186,40,0.75,Bot1,1,44,button,12094625274559296190,44,53
3186,40,0.75,Bot2,1,44,button,12094625274559296190,44,53
3186,40,0.75,Bot3,1,44,button,12094625274559296190,44,53
3186,40,0.75,Bot4,1,44,button,12094625274559296190,44,53
3187,40,0.75,Bot1,0,26,caught_by_fire,1292004661897234572,42,3
3187,40,0.75,Bot2,0,50,caught_by_fire,1292004661897234572,42,3
3187,40,0.75,Bot3,0,50,caught_by_fire,1292004661897234572,42,3
3187,40,0.75,Bot4,0,49,caught_by_fire,1292004661897234572,42,3
3188,40,0.75,Bot1,0,32,caught_by_fire,16629022534892600509,43,32
3188,40,0.75,Bot2,0,42,caught_by_fire,16629022534892600509,43,32
3188,40,0.75,Bot3,0,42,caught_by_fire,16629022534892600509,43,32
3188,40,0.75,Bot4,0,43,caught_by_fire,16629022534892600509,43,32
3189,40,0.75,Bot1,1,4,button,8935667711092896814,4,18
3189,40,0.75,Bot2,1,4,button,8935667711092896814,4,18
3189,40,0.75,Bot3,1,4,button,8935667711092896814,4,18
3189,40,0.75,Bot4,1,4,button,8935667711092896814,4,18
3190,40,0.75,Bot1,1,20,button,16619002002491741694,20,39
3190,40,0.75,Bot2,1,20,button,16619002002491741694,20,39
3190,40,0.75,Bot3,1,20,button,16619002002491741694,20,39
3190,40,0.75,Bot4,1,20,button,16619002002491741694,20,39
3191,40,0.75,Bot1,1,36,button,11778204786824776982,36,36
3191,40,0.75,Bot2,1,36,button,11778204786824776982,36,36
3191,40,0.75,Bot3,1,36,button,11778204786824776982,36,36
3191,40,0.75,Bot4,1,36,button,11778204786824776982,36,36
3192,40,0.75,Bot1,1,32,button,3242976526211021870,32,62
3192,40,0.75,Bot2,1,32,button,3242976526211021870,32,62
3192,40,0.75,Bot3,1,32,button,3242976526211021870,32,62
3192,40,0.75,Bot4,1,32,button,3242976526211021870,32,62
3193,40,0.75,Bot1,1,29,button,2711762329627948874,29,58
3193,40,0.75,Bot2,1,29,button,2711762329627948874,29,58
3193,40,0.75,Bot3,1,29,button,2711762329627948874,29,58
3193,40,0.75,Bot4,1,29,button,2711762329627948874,29,58
3194,40,0.75,Bot1,1,19,button,4293184458881282696,19,20
3194,40,0.75,Bot2,1,19,button,4293184458881282696,19,20
3194,40,0.75,Bot3,1,19,button,4293184458881282696,19,20
3194,40,0.75,Bot4,1,19,button,4293184458881282696,19,20
3195,40,0.75,Bot1,0,31,caught_by_fire,10714681609132750218,48,22
3195,40,0.75,Bot2,0,46,caught_by_fire,10714681609132750218,48,22
3195,40,0.75,Bot3,0,46,caught_by_fire,10714681609132750218,48,22
3195,40,0.75,Bot4,0,46,caught_by_fire,10714681609132750218,48,22
3196,40,0.75,Bot1,1,29,button,6856473175909414971,29,22
3196,40,0.75,Bot2,1,29,button,6856473175909414971,29,22
3196,40,0.75,Bot3,1,29,button,6856473175909414971,29,22
3196,40,0.75,Bot4,1,29,button,6856473175909414971,29,22
3197,40,0.75,Bot1,1,24,button,17339458354408967399,24,22
3197,40,0.75,Bot2,1,24,button,17339458354408967399,24,22
3197,40,0.75,Bot3,1,24,button,17339458354408967399,24,22
3197,40,0.75,Bot4,1,24,button,17339458354408967399,24,22
3198,40,0.75,Bot1,0,27,walked_into_fire,13598647467000903096,33,15
3198,40,0.75,Bot2,0,38,caught_by_fire,13598647467000903096,33,15
3198,40,0.75,Bot3,0,38,caught_by_fire,13598647467000903096,33,15
3198,40,0.75,Bot4,0,37,caught_by_fire,13598647467000903096,33,15
3199,40,0.75,Bot1,1,27,button,5693963400439012608,27,33
3199,40,0.75,Bot2,1,27,button,5693963400439012608,27,33
3199,40,0.75,Bot3,1,27,button,5693963400439012608,27,33
3199,40,0.75,Bot4,1,27,button,5693963400439012608,27,33
3200,40,0.80,Bot1,0,38,caught_by_fire,16771543847500898209,43,37
3200,40,0.80,Bot2,0,38,caught_by_fire,16771543847500898209,43,37
3200,40,0.80,Bot3,0,26,caught_by_fire,16771543847500898209,43,37
3200,40,0.80,Bot4,0,38,caught_by_fire,16771543847500898209,43,37
3201,40,0.80,Bot1,0,21,caught_by_fire,8172435070661995386,24,21
3201,40,0.80,Bot2,0,25,caught_by_fire,8172435070661995386,24,21
3201,40,0.80,Bot3,0,25,caught_by_fire,8172435070661995386,24,21
3201,40,0.80,Bot4,0,26,caught_by_fire,8172435070661995386,24,21
3202,40,0.80,Bot1,1,29,button,17897038058398082185,29,48
3202,40,0.80,Bot2,1,29,button,17897038058398082185,29,48
3202,40,0.80,Bot3,1,29,button,17897038058398082185,29,48
3202,40,0.80,Bot4,1,29,button,17897038058398082185,29,48
3203,40,0.80,Bot1,1,44,button,4670172079649135184,44,41
3203,40,0.80,Bot2,1,44,button,4670172079649135184,44,41
3203,40,0.80,Bot3,1,44,button,4670172079649135184,44,41
3203,40,0.80,Bot4,1,44,button,4670172079649135184,44,41
3204,40,0.80,Bot1,0,23,walked_into_fire,178008392606362137,43,8
3204,40,0.80,Bot2,0,46,caught_by_fire,178008392606362137,43,8
3204,40,0.80,Bot3,0,46,caught_by_fire,178008392606362137,43,8
3204,40,0.80,Bot4,0,44,caught_by_fire,178008392606362137,43,8
3205,40,0.80,Bot1,1,37,button,6649509293465132285,37,57
3205,40,0.80,Bot2,1,37,button,6649509293465132285,37,57
3205,40,0.80,Bot3,1,37,button,6649509293465132285,37,57
3205,40,0.80,Bot4,1,37,button,6649509293465132285,37,57
3206,40,0.80,Bot1,0,10,caught_by_fire,8459195389057689907,17,5
3206,40,0.80,Bot2,0,16,caught_by_fire,8459195389057689907,17,5
3206,40,0.80,Bot3,0,16,caught_by_fire,8459195389057689907,17,5
3206,40,0.80,Bot4,0,16,caught_by_fire,8459195389057689907,17,5
3207,40,0.80,Bot1,0,19,walked_into_fire,8847533093623528495,40,25
3207,40,0.80,Bot2,0,29,caught_by_fire,8847533093623528495,40,25
3207,40,0.80,Bot3,0,29,caught_by_fire,8847533093623528495,40,25
3207,40,0.80,Bot4,0,30,caught_by_fire,8847533093623528495,40,25
3208,40,0.80,Bot1,0,28,walked_into_fire,13738368916350382233,39,13
3208,40,0.80,Bot2,0,29,caught_by_fire,13738368916350382233,39,13
3208,40,0.80,Bot3,0,29,caught_by_fire,13738368916350382233,39,13
3208,40,0.80,Bot4,0,30,caught_by_fire,13738368916350382233,39,13
3209,40,0.80,Bot1,1,26,button,10390226604475940524,26,53
3209,40,0.80,Bot2,1,26,button,10390226604475940524,26,53
3209,40,0.80,Bot3,1,26,button,10390226604475940524,26,53
3209,40,0.80,Bot4,1,26,button,10390226604475940524,26,53
3210,40,0.80,Bot1,1,39,button,14731010714794441058,39,35
3210,40,0.80,Bot2,1,39,button,14731010714794441058,39,35
3210,40,0.80,Bot3,1,39,button,14731010714794441058,39,35
3210,40,0.80,Bot4,1,39,button,14731010714794441058,39,35
3211,40,0.80,Bot1,0,33,walked_into_fire,8540797978251244367,62,27
3211,40,0.80,Bot2,0,50,caught_by_fire,8540797978251244367,62,27
3211,40,0.80,Bot3,0,50,caught_by_fire,8540797978251244367,62,27
3211,40,0.80,Bot4,0,50,caught_by_fire,8540797978251244367,62,27
3212,40,0.80,Bot1,0,34,caught_by_fire,4953685671443515773,55,36
3212,40,0.80,Bot2,0,37,caught_by_fire,4953685671443515773,55,36
3212,40,0.80,Bot3,0,37,caught_by_fire,4953685671443515773,55,36
3212,40,0.80,Bot4,0,37,caught_by_fire,4953685671443515773,55,36
3213,40,0.80,Bot1,1,13,button,5030669327952691259,13,27
3213,40,0.80,Bot2,1,13,button,5030669327952691259,13,27
3213,40,0.80,Bot3,1,13,button,5030669327952691259,13,27
3213,40,0.80,Bot4,1,13,button,5030669327952691259,13,27
3214,40,0.80,Bot1,0,36,walked_into_fire,7303329599190427936,52,25
3214,40,0.80,Bot2,0,38,caught_by_fire,7303329599190427936,52,25
3214,40,0.80,Bot3,0,38,caught_by_fire,7303329599190427936,52,25
3214,40,0.80,Bot4,0,39,caught_by_fire,7303329599190427936,52,25
3215,40,0.80,Bot1,0,42,walked_into_fire,14406533089161989620,47,31
3215,40,0.80,Bot2,0,48,caught_by_fire,14406533089161989620,47,31
3215,40,0.80,Bot3,0,48,caught_by_fire,14406533089161989620,47,31
3215,40,0.80,Bot4,0,47,caught_by_fire,14406533089161989620,47,31
3216,40,0.80,Bot1,0,20,caught_by_fire,4766525015846359162,35,11
3216,40,0.80,Bot2,0,26,caught_by_fire,4766525015846359162,35,11
3216,40,0.80,Bot3,0,26,caught_by_fire,4766525015846359162,35,11
3216,40,0.80,Bot4,0,22,caught_by_fire,4766525015846359162,35,11
3217,40,0.80,Bot1,1,44,button,4053631787432564766,44,55
3217,40,0.80,Bot2,1,44,button,4053631787432564766,44,55
3217,40,0.80,Bot3,1,44,button,4053631787432564766,44,55
3217,40,0.80,Bot4,1,44,button,4053631787432564766,44,55
3218,40,0.80,Bot1,1,32,button,885965388046331449,32,32
3218,40,0.80,Bot2,1,32,button,885965388046331449,32,32
3218,40,0.80,Bot3,1,32,button,885965388046331449,32,32
3218,40,0.80,Bot4,1,32,button,885965388046331449,32,32
3219,40,0.80,Bot1,0,15,caught_by_fire,12401435019003924306,30,26
3219,40,0.80,Bot2,0,15,caught_by_fire,12401435019003924306,30,26
3219,40,0.80,Bot3,0,15,caught_by_fire,12401435019003924306,30,26
3219,40,0.80,Bot4,0,15,caught_by_fire,12401435019003924306,30,26
3220,40,0.80,Bot1,1,48,button,3170615116682389886,48,47
3220,40,0.80,Bot2,1,48,button,3170615116682389886,48,47
3220,40,0.80,Bot3,1,48,button,3170615116682389886,48,47
3220,40,0.80,Bot4,1,48,button,3170615116682389886,48,47
3221,40,0.80,Bot1,1,34,button,3169498738731785948,34,44
3221,40,0.80,Bot2,1,34,button,3169498738731785948,34,44
3221,40,0.80,Bot3,1,34,button,3169498738731785948,34,44
3221,40,0.80,Bot4,1,34,button,3169498738731785948,34,44
3222,40,0.80,Bot1,1,28,button,10921083260648355351,28,30
3222,40,0.80,Bot2,1,28,button,10921083260648355351,28,30
3222,40,0.80,Bot3,1,28,button,10921083260648355351,28,30
3222,40,0.80,Bot4,1,28,button,10921083260648355351,28,30
3223,40,0.80,Bot1,0,22,walked_into_fire,909627347444377487,47,5
3223,40,0.80,Bot2,0,44,caught_by_fire,909627347444377487,47,5
3223,40,0.80,Bot3,0,44,caught_by_fire,909627347444377487,47,5
3223,40,0.80,Bot4,0,44,caught_by_fire,909627347444377487,47,5
3224,40,0.80,Bot1,0,15,walked_into_fire,12931153402375701344,52,41
3224,40,0.80,Bot2,0,17,caught_by_fire,12931153402375701344,52,41
3224,40,0.80,Bot3,0,17,caught_by_fire,12931153402375701344,52,41
3224,40,0.80,Bot4,0,17,caught_by_fire,12931153402375701344,52,41
3225,40,0.80,Bot1,1,46,button,4590203990504991002,46,52
3225,40,0.80,Bot2,1,46,button,4590203990504991002,46,52
3225,40,0.80,Bot3,1,46,button,4590203990504991002,46,52
3225,40,0.80,Bot4,1,46,button,4590203990504991002,46,52
3226,40,0.80,Bot1,1,26,button,8362988326452454732,26,25
3226,40,0.80,Bot2,1,26,button,8362988326452454732,26,25
3226,40,0.80,Bot3,1,26,button,8362988326452454732,26,25
3226,40,0.80,Bot4,1,26,button,8362988326452454732,26,25
3227,40,0.80,Bot1,1,30,button,6446133067755751449,30,48
3227,40,0.80,Bot2,1,30,button,6446133067755751449,30,48
3227,40,0.80,Bot3,1,30,button,6446133067755751449,30,48
3227,40,0.80,Bot4,1,30,button,6446133067755751449,30,48
3228,40,0.80,Bot1,0,8,walked_into_fire,16049741534834546753,34,32
3228,40,0.80,Bot2,0,9,caught_by_fire,16049741534834546753,34,32
3228,40,0.80,Bot3,0,46,caught_by_fire,16049741534834546753,34,32
3228,40,0.80,Bot4,0,9,caught_by_fire,16049741534834546753,34,32
3229,40,0.80,Bot1,1,38,button,2064582395892669806,38,35
3229,40,0.80,Bot2,1,38,button,2064582395892669806,38,35
3229,40,0.80,Bot3,1,38,button,2064582395892669806,38,35
3229,40,0.80,Bot4,1,38,button,2064582395892669806,38,35
3230,40,0.80,Bot1,1,50,button,17314237038907561980,50,57
3230,40,0.80,Bot2,1,50,button,17314237038907561980,50,57
3230,40,0.80,Bot3,1,50,button,17314237038907561980,50,57
3230,40,0.80,Bot4,1,50,button,17314237038907561980,50,57
3231,40,0.80,Bot1,1,16,button,7048486702655394030,16,33
3231,40,0.80,Bot2,1,16,button,7048486702655394030,16,33
3231,40,0.80,Bot3,1,16,button,7048486702655394030,16,33
3231,40,0.80,Bot4,1,16,button,7048486702655394030,16,33
3232,40,0.80,Bot1,0,25,walked_into_fire,16222053088812090018,63,42
3232,40,0.80,Bot2,0,28,caught_by_fire,16222053088812090018,63,42
3232,40,0.80,Bot3,0,28,caught_by_fire,16222053088812090018,63,42
3232,40,0.80,Bot4,0,28,caught_by_fire,16222053088812090018,63,42
3233,40,0.80,Bot1,1,33,button,11982272753714982721,33,48
3233,40,0.80,Bot2,1,33,button,11982272753714982721,33,48
3233,40,0.80,Bot3,1,33,button,11982272753714982721,33,48
3233,40,0.80,Bot4,1,33,button,11982272753714982721,33,48
3234,40,0.80,Bot1,1,25,button,5233967442317093406,25,25
3234,40,0.80,Bot2,1,25,button,5233967442317093406,25,25
3234,40,0.80,Bot3,1,25,button,5233967442317093406,25,25
3234,40,0.80,Bot4,1,25,button,5233967442317093406,25,25
3235,40,0.80,Bot1,0,23,caught_by_fire,14448441468374579230,31,26
3235,40,0.80,Bot2,0,30,caught_by_fire,14448441468374579230,31,26
3235,40,0.80,Bot3,0,30,caught_by_fire,14448441468374579230,31,26
3235,40,0.80,Bot4,0,29,caught_by_fire,14448441468374579230,31,26
3236,40,0.80,Bot1,1,50,button,4852377020584623032,50,50
3236,40,0.80,Bot2,1,50,button,4852377020584623032,50,50
3236,40,0.80,Bot3,1,50,button,4852377020584623032,50,50
3236,40,0.80,Bot4,1,50,button,4852377020584623032,50,50
3237,40,0.80,Bot1,0,27,walked_into_fire,14773337725284024340,65,55
3237,40,0.80,Bot2,1,65,button,14773337725284024340,65,55
3237,40,0.80,Bot3,1,65,button,14773337725284024340,65,55
3237,40,0.80,Bot4,1,65,button,14773337725284024340,65,55
3238,40,0.80,Bot1,0,26,walked_into_fire,8250267188562445217,42,10
3238,40,0.80,Bot2,0,33,caught_by_fire,8250267188562445217,42,10
3238,40,0.80,Bot3,0,33,caught_by_fire,8250267188562445217,42,10
3238,40,0.80,Bot4,0,34,caught_by_fire,8250267188562445217,42,10
3239,40,0.80,Bot1,1,8,button,8993905689509690879,8,58
3239,40,0.80,Bot2,1,8,button,8993905689509690879,8,58
3239,40,0.80,Bot3,1,8,button,8993905689509690879,8,58
3239,40,0.80,Bot4,1,8,button,8993905689509690879,8,58
3240,40,0.80,Bot1,1,5,button,9697486747388648079,5,35
3240,40,0.80,Bot2,1,5,button,9697486747388648079,5,35
3240,40,0.80,Bot3,1,5,button,9697486747388648079,5,35
3240,40,0.80,Bot4,1,5,button,9697486747388648079,5,35
3241,40,0.80,Bot1,1,4,button,11314063891689164735,4,38
3241,40,0.80,Bot2,1,4,button,11314063891689164735,4,38
3241,40,0.80,Bot3,1,4,button,11314063891689164735,4,38
3241,40,0.80,Bot4,1,4,button,11314063891689164735,4,38
3242,40,0.80,Bot1,1,30,button,6696759283365738595,30,53
3242,40,0.80,Bot2,1,30,button,6696759283365738595,30,53
3242,40,0.80,Bot3,1,30,button,6696759283365738595,30,53
3242,40,0.80,Bot4,1,30,button,6696759283365738595,30,53
3243,40,0.80,Bot1,0,26,walked_into_fire,2214150092679055020,46,12
3243,40,0.80,Bot2,0,39,caught_by_fire,2214150092679055020,46,12
3243,40,0.80,Bot3,0,39,caught_by_fire,2214150092679055020,46,12
3243,40,0.80,Bot4,0,39,caught_by_fire,2214150092679055020,46,12
3244,40,0.80,Bot1,0,21,walked_into_fire,8771735128954533343,38,18
3244,40,0.80,Bot2,0,26,caught_by_fire,8771735128954533343,38,18
3244,40,0.80,Bot3,0,26,caught_by_fire,8771735128954533343,38,18
3244,40,0.80,Bot4,0,26,caught_by_fire,8771735128954533343,38,18
3245,40,0.80,Bot1,1,9,button,18029217058185106696,9,40
3245,40,0.80,Bot2,1,9,button,18029217058185106696,9,40
3245,40,0.80,Bot3,1,9,button,18029217058185106696,9,40
3245,40,0.80,Bot4,1,9,button,18029217058185106696,9,40
3246,40,0.80,Bot1,1,38,button,8477528141518915256,38,44
3246,40,0.80,Bot2,1,38,button,8477528141518915256,38,44
3246,40,0.80,Bot3,1,38,button,8477528141518915256,38,44
3246,40,0.80,Bot4,1,38,button,8477528141518915256,38,44
3247,40,0.80,Bot1,1,19,button,9978084042116095902,19,42
3247,40,0.80,Bot2,1,19,button,9978084042116095902,19,42
3247,40,0.80,Bot3,1,19,button,9978084042116095902,19,42
3247,40,0.80,Bot4,1,19,button,9978084042116095902,19,42
3248,40,0.80,Bot1,1,34,button,9919032900333107474,34,40
3248,40,0.80,Bot2,1,34,button,9919032900333107474,34,40
3248,40,0.80,Bot3,1,34,button,9919032900333107474,34,40
3248,40,0.80,Bot4,1,34,button,9919032900333107474,34,40
3249,40,0.80,Bot1,1,33,button,8919036146147676835,33,25
3249,40,0.80,Bot2,0,33,caught_by_fire,8919036146147676835,33,25
3249,40,0.80,Bot3,1,33,button,8919036146147676835,33,25
3249,40,0.80,Bot4,1,33,button,8919036146147676835,33,25
3250,40,0.80,Bot1,0,2,caught_by_fire,5287922760856087308,30,28
3250,40,0.80,Bot2,0,12,caught_by_fire,5287922760856087308,30,28
3250,40,0.80,Bot3,0,12,caught_by_fire,5287922760856087308,30,28
3250,40,0.80,Bot4,0,12,caught_by_fire,5287922760856087308,30,28
3251,40,0.80,Bot1,0,33,caught_by_fire,18257158711976551060,52,45
3251,40,0.80,Bot2,0,33,caught_by_fire,18257158711976551060,52,45
3251,40,0.80,Bot3,0,33,caught_by_fire,18257158711976551060,52,45
3251,40,0.80,Bot4,0,33,caught_by_fire,18257158711976551060,52,45
3252,40,0.80,Bot1,0,26,caught_by_fire,17083979103710979771,34,29
3252,40,0.80,Bot2,0,26,caught_by_fire,17083979103710979771,34,29
3252,40,0.80,Bot3,0,37,caught_by_fire,17083979103710979771,34,29
3252,40,0.80,Bot4,0,26,caught_by_fire,17083979103710979771,34,29
3253,40,0.80,Bot1,1,26,button,7228802685342854846,26,27
3253,40,0.80,Bot2,1,26,button,7228802685342854846,26,27
3253,40,0.80,Bot3,1,26,button,7228802685342854846,26,27
3253,40,0.80,Bot4,1,26,button,7228802685342854846,26,27
3254,40,0.80,Bot1,1,32,button,349187700533606213,32,57
3254,40,0.80,Bot2,1,32,button,349187700533606213,32,57
3254,40,0.80,Bot3,1,32,button,349187700533606213,32,57
3254,40,0.80,Bot4,1,32,button,349187700533606213,32,57
3255,40,0.80,Bot1,0,12,walked_into_fire,8932451777527747069,36,19
3255,40,0.80,Bot2,0,19,caught_by_fire,8932451777527747069,36,19
3255,40,0.80,Bot3,0,19,caught_by_fire,8932451777527747069,36,19
3255,40,0.80,Bot4,0,19,caught_by_fire,8932451777527747069,36,19
3256,40,0.80,Bot1,1,25,button,12687444333069450816,25,45
3256,40,0.80,Bot2,1,25,button,12687444333069450816,25,45
3256,40,0.80,Bot3,1,25,button,12687444333069450816,25,45
3256,40,0.80,Bot4,1,25,button,12687444333069450816,25,45
3257,40,0.80,Bot1,1,19,button,13663026659630727009,19,31
3257,40,0.80,Bot2,1,19,button,13663026659630727009,19,31
3257,40,0.80,Bot3,1,19,button,13663026659630727009,19,31
3257,40,0.80,Bot4,1,19,button,13663026659630727009,19,31
3258,40,0.80,Bot1,1,41,button,16189543130759865804,41,45
3258,40,0.80,Bot2,1,41,button,16189543130759865804,41,45
3258,40,0.80,Bot3,1,41,button,16189543130759865804,41,45
3258,40,0.80,Bot4,1,41,button,16189543130759865804,41,45
3259,40,0.80,Bot1,0,16,caught_by_fire,17553751185074235579,56,25
3259,40,0.80,Bot2,0,31,caught_by_fire,17553751185074235579,56,25
3259,40,0.80,Bot3,0,31,caught_by_fire,17553751185074235579,56,25
3259,40,0.80,Bot4,0,33,caught_by_fire,17553751185074235579,56,25
3260,40,0.80,Bot1,0,32,walked_into_fire,11960716308974947924,54,8
3260,40,0.80,Bot2,0,59,caught_by_fire,11960716308974947924,54,8
3260,40,0.80,Bot3,0,59,caught_by_fire,11960716308974947924,54,8
3260,40,0.80,Bot4,0,59,caught_by_fire,11960716308974947924,54,8
3261,40,0.80,Bot1,0,7,walked_into_fire,7579323089342325256,19,11
3261,40,0.80,Bot2,0,15,caught_by_fire,7579323089342325256,19,11
3261,40,0.80,Bot3,0,11,caught_by_fire,7579323089342325256,19,11
3261,40,0.80,Bot4,0,15,caught_by_fire,7579323089342325256,19,11
3262,40,0.80,Bot1,1,22,button,9148477558155682845,22,59
3262,40,0.80,Bot2,1,22,button,9148477558155682845,22,59
3262,40,0.80,Bot3,1,22,button,9148477558155682845,22,59
3262,40,0.80,Bot4,1,22,button,9148477558155682845,22,59
3263,40,0.80,Bot1,1,35,button,12279849565663552582,35,65
3263,40,0.80,Bot2,1,35,button,12279849565663552582,35,65
3263,40,0.80,Bot3,1,35,button,12279849565663552582,35,65
3263,40,0.80,Bot4,1,35,button,12279849565663552582,35,65
3264,40,0.80,Bot1,1,33,button,12084631854700954980,33,30
3264,40,0.80,Bot2,1,33,button,12084631854700954980,33,30
3264,40,0.80,Bot3,1,33,button,12084631854700954980,33,30
3264,40,0.80,Bot4,1,33,button,12084631854700954980,33,30
3265,40,0.80,Bot1,0,20,caught_by_fire,4045319563798171977,26,14
3265,40,0.80,Bot2,0,25,caught_by_fire,4045319563798171977,26,14
3265,40,0.80,Bot3,0,25,caught_by_fire,4045319563798171977,26,14
3265,40,0.80,Bot4,0,23,caught_by_fire,4045319563798171977,26,14
3266,40,0.80,Bot1,0,27,caught_by_fire,9749901545091577408,50,16
3266,40,0.80,Bot2,0,38,caught_by_fire,9749901545091577408,50,16
3266,40,0.80,Bot3,0,38,caught_by_fire,9749901545091577408,50,16
3266,40,0.80,Bot4,0,37,caught_by_fire,9749901545091577408,50,16
3267,40,0.80,Bot1,0,12,walked_into_fire,9794598690993346188,36,27
3267,40,0.80,Bot2,0,17,caught_by_fire,9794598690993346188,36,27
3267,40,0.80,Bot3,0,20,caught_by_fire,9794598690993346188,36,27
3267,40,0.80,Bot4,0,17,caught_by_fire,9794598690993346188,36,27
3268,40,0.80,Bot1,0,27,caught_by_fire,9386823456837733061,55,18
3268,40,0.80,Bot2,0,34,caught_by_fire,9386823456837733061,55,18
3268,40,0.80,Bot3,0,34,caught_by_fire,9386823456837733061,55,18
3268,40,0.80,Bot4,0,33,caught_by_fire,9386823456837733061,55,18
3269,40,0.80,Bot1,0,16,walked_into_fire,8391746179713795195,52,32
3269,40,0.80,Bot2,0,31,caught_by_fire,8391746179713795195,52,32
3269,40,0.80,Bot3,0,33,caught_by_fire,8391746179713795195,52,32
3269,40,0.80,Bot4,0,31,caught_by_fire,8391746179713795195,52,32
3270,40,0.80,Bot1,1,19,button,10632808483038161454,19,27
3270,40,0.80,Bot2,1,19,button,10632808483038161454,19,27
3270,40,0.80,Bot3,1,19,button,10632808483038161454,19,27
3270,40,0.80,Bot4,1,19,button,10632808483038161454,19,27
3271,40,0.80,Bot1,1,6,button,7236926881506428384,6,38
3271,40,0.80,Bot2,1,6,button,7236926881506428384,6,38
3271,40,0.80,Bot3,1,6,button,7236926881506428384,6,38
3271,40,0.80,Bot4,1,6,button,7236926881506428384,6,38
3272,40,0.80,Bot1,0,16,walked_into_fire,6689790972521583643,35,29
3272,40,0.80,Bot2,0,23,caught_by_fire,6689790972521583643,35,29
3272,40,0.80,Bot3,0,25,caught_by_fire,6689790972521583643,35,29
3272,40,0.80,Bot4,0,23,caught_by_fire,6689790972521583643,35,29
3273,40,0.80,Bot1,1,14,button,3180734992754863022,14,45
3273,40,0.80,Bot2,1,14,button,3180734992754863022,14,45
3273,40,0.80,Bot3,1,14,button,3180734992754863022,14,45
3273,40,0.80,Bot4,1,14,button,3180734992754863022,14,45
3274,40,0.80,Bot1,0,22,walked_into_fire,16209900535789701625,48,14
3274,40,0.80,Bot2,0,36,caught_by_fire,16209900535789701625,48,14
3274,40,0.80,Bot3,0,36,caught_by_fire,16209900535789701625,48,14
3274,40,0.80,Bot4,0,37,caught_by_fire,16209900535789701625,48,14
3275,40,0.80,Bot1,1,31,button,2163537150020538492,31,50
3275,40,0.80,Bot2,1,31,button,2163537150020538492,31,50
3275,40,0.80,Bot3,1,31,button,2163537150020538492,31,50
3275,40,0.80,Bot4,1,31,button,2163537150020538492,31,50
3276,40,0.80,Bot1,0,28,caught_by_fire,6415943346425380323,32,17
3276,40,0.80,Bot2,0,33,caught_by_fire,6415943346425380323,32,17
3276,40,0.80,Bot3,0,33,caught_by_fire,6415943346425380323,32,17
3276,40,0.80,Bot4,0,32,caught_by_fire,6415943346425380323,32,17
3277,40,0.80,Bot1,0,17,caught_by_fire,2960373397531036404,37,33
3277,40,0.80,Bot2,0,34,caught_by_fire,2960373397531036404,37,33
3277,40,0.80,Bot3,0,36,caught_by_fire,2960373397531036404,37,33
3277,40,0.80,Bot4,0,34,caught_by_fire,2960373397531036404,37,33
3278,40,0.80,Bot1,1,32,button,5294144004318879655,32,29
3278,40,0.80,Bot2,1,32,button,5294144004318879655,32,29
3278,40,0.80,Bot3,1,32,button,5294144004318879655,32,29
3278,40,0.80,Bot4,1,32,button,5294144004318879655,32,29
3279,40,0.80,Bot1,0,39,walked_into_fire,17326635413337375471,41,29
3279,40,0.80,Bot2,0,40,caught_by_fire,17326635413337375471,41,29
3279,40,0.80,Bot3,0,40,caught_by_fire,17326635413337375471,41,29
3279,40,0.80,Bot4,0,40,caught_by_fire,17326635413337375471,41,29
3280,40,0.80,Bot1,1,38,button,10541026814249585428,38,66
3280,40,0.80,Bot2,1,38,button,10541026814249585428,38,66
3280,40,0.80,Bot3,1,38,button,10541026814249585428,38,66
3280,40,0.80,Bot4,1,38,button,10541026814249585428,38,66
3281,40,0.80,Bot1,1,4,button,2354901948126773953,4,29
3281,40,0.80,Bot2,1,4,button,2354901948126773953,4,29
3281,40,0.80,Bot3,1,4,button,2354901948126773953,4,29
3281,40,0.80,Bot4,1,4,button,2354901948126773953,4,29
3282,40,0.80,Bot1,1,35,button,17482216044263573054,35,42
3282,40,0.80,Bot2,1,35,button,17482216044263573054,35,42
3282,40,0.80,Bot3,1,35,button,17482216044263573054,35,42
3282,40,0.80,Bot4,1,35,button,17482216044263573054,35,42
3283,40,0.80,Bot1,1,38,button,1972788131170895349,38,63
3283,40,0.80,Bot2,1,38,button,1972788131170895349,38,63
3283,40,0.80,Bot3,1,38,button,1972788131170895349,38,63
3283,40,0.80,Bot4,1,38,button,1972788131170895349,38,63
3284,40,0.80,Bot1,1,16,button,10849110209526916134,16,17
3284,40,0.80,Bot2,1,16,button,10849110209526916134,16,17
3284,40,0.80,Bot3,1,16,button,10849110209526916134,16,17
3284,40,0.80,Bot4,1,16,button,10849110209526916134,16,17
3285,40,0.80,Bot1,0,25,caught_by_fire,11090191987472854466,27,20
3285,40,0.80,Bot2,0,26,caught_by_fire,11090191987472854466,27,20
3285,40,0.80,Bot3,0,26,caught_by_fire,11090191987472854466,27,20
3285,40,0.80,Bot4,0,25,caught_by_fire,11090191987472854466,27,20
3286,40,0.80,Bot1,0,39,caught_by_fire,2951839013797400812,46,38
3286,40,0.80,Bot2,0,39,caught_by_fire,2951839013797400812,46,38
3286,40,0.80,Bot3,0,39,caught_by_fire,2951839013797400812,46,38
3286,40,0.80,Bot4,0,39,caught_by_fire,2951839013797400812,46,38
3287,40,0.80,Bot1,0,13,caught_by_fire,17265405806923326772,29,26
3287,40,0.80,Bot2,0,20,caught_by_fire,17265405806923326772,29,26
3287,40,0.80,Bot3,0,20,caught_by_fire,17265405806923326772,29,26
3287,40,0.80,Bot4,0,20,caught_by_fire,17265405806923326772,29,26
3288,40,0.80,Bot1,1,55,button,17795595053230486224,55,59
3288,40,0.80,Bot2,1,55,button,17795595053230486224,55,59
3288,40,0.80,Bot3,1,55,button,17795595053230486224,55,59
3288,40,0.80,Bot4,1,55,button,17795595053230486224,55,59
3289,40,0.80,Bot1,0,19,walked_into_fire,16409284807492839317,33,25
3289,40,0.80,Bot2,0,20,caught_by_fire,16409284807492839317,33,25
3289,40,0.80,Bot3,0,20,caught_by_fire,16409284807492839317,33,25
3289,40,0.80,Bot4,0,20,caught_by_fire,16409284807492839317,33,25
3290,40,0.80,Bot1,1,16,button,5325671630339474748,16,33
3290,40,0.80,Bot2,1,16,button,5325671630339474748,16,33
3290,40,0.80,Bot3,1,16,button,5325671630339474748,16,33
3290,40,0.80,Bot4,1,16,button,5325671630339474748,16,33
3291,40,0.80,Bot1,0,6,walked_into_fire,14858422545526403261,48,39
3291,40,0.80,Bot2,0,44,caught_by_fire,14858422545526403261,48,39
3291,40,0.80,Bot3,0,48,caught_by_fire,14858422545526403261,48,39
3291,40,0.80,Bot4,0,44,caught_by_fire,14858422545526403261,48,39
3292,40,0.80,Bot1,0,18,walked_into_fire,8598309649321745783,30,7
3292,40,0.80,Bot2,0,33,caught_by_fire,8598309649321745783,30,7
3292,40,0.80,Bot3,0,33,caught_by_fire,8598309649321745783,30,7
3292,40,0.80,Bot4,0,32,caught_by_fire,8598309649321745783,30,7
3293,40,0.80,Bot1,1,53,button,8421630967793681921,53,55
3293,40,0.80,Bot2,1,53,button,8421630967793681921,53,55
3293,40,0.80,Bot3,1,53,button,8421630967793681921,53,55
3293,40,0.80,Bot4,1,53,button,8421630967793681921,53,55
3294,40,0.80,Bot1,0,45,walked_into_fire,6608669444993572656,58,37
3294,40,0.80,Bot2,0,47,caught_by_fire,6608669444993572656,58,37
3294,40,0.80,Bot3,0,47,caught_by_fire,6608669444993572656,58,37
3294,40,0.80,Bot4,0,47,caught_by_fire,6608669444993572656,58,37
3295,40,0.80,Bot1,1,39,button,14419038527934654691,39,39
3295,40,0.80,Bot2,1,39,button,14419038527934654691,39,39
3295,40,0.80,Bot3,1,39,button,14419038527934654691,39,39
3295,40,0.80,Bot4,1,39,button,14419038527934654691,39,39
3296,40,0.80,Bot1,1,33,button,18265448857328914106,33,46
3296,40,0.80,Bot2,1,33,button,18265448857328914106,33,46
3296,40,0.80,Bot3,1,33,button,18265448857328914106,33,46
3296,40,0.80,Bot4,1,33,button,18265448857328914106,33,46
3297,40,0.80,Bot1,0,2,walked_into_fire,915226621763915507,47,46
3297,40,0.80,Bot2,0,12,caught_by_fire,915226621763915507,47,46
3297,40,0.80,Bot3,1,47,button,915226621763915507,47,46
3297,40,0.80,Bot4,1,47,button,915226621763915507,47,46
3298,40,0.80,Bot1,0,9,caught_by_fire,16349395092123239921,57,51
3298,40,0.80,Bot2,0,9,caught_by_fire,16349395092123239921,57,51
3298,40,0.80,Bot3,0,43,caught_by_fire,16349395092123239921,57,51
3298,40,0.80,Bot4,0,9,caught_by_fire,16349395092123239921,57,51
3299,40,0.80,Bot1,1,25,button,1202866646287244885,25,52
3299,40,0.80,Bot2,1,25,button,1202866646287244885,25,52
3299,40,0.80,Bot3,1,25,button,1202866646287244885,25,52
3299,40,0.80,Bot4,1,25,button,1202866646287244885,25,52
3300,40,0.80,Bot1,0,37,walked_into_fire,3673023019994420795,52,32
3300,40,0.80,Bot2,0,32,caught_by_fire,3673023019994420795,52,32
3300,40,0.80,Bot3,0,32,caught_by_fire,3673023019994420795,52,32
3300,40,0.80,Bot4,0,39,caught_by_fire,3673023019994420795,52,32
3301,40,0.80,Bot1,1,25,button,123468993441590026,25,29
3301,40,0.80,Bot2,1,25,button,123468993441590026,25,29
3301,40,0.80,Bot3,1,25,button,123468993441590026,25,29
3301,40,0.80,Bot4,1,25,button,123468993441590026,25,29
3302,40,0.80,Bot1,1,35,button,1638607985528900884,35,32
3302,40,0.80,Bot2,1,35,button,1638607985528900884,35,32
3302,40,0.80,Bot3,1,35,button,1638607985528900884,35,32
3302,40,0.80,Bot4,1,35,button,1638607985528900884,35,32
3303,40,0.80,Bot1,1,16,button,9286302181751406679,16,37
3303,40,0.80,Bot2,1,16,button,9286302181751406679,16,37
3303,40,0.80,Bot3,1,16,button,9286302181751406679,16,37
3303,40,0.80,Bot4,1,16,button,9286302181751406679,16,37
3304,40,0.80,Bot1,0,57,walked_into_fire,17685217071975626002,61,47
3304,40,0.80,Bot2,0,58,caught_by_fire,17685217071975626002,61,47
3304,40,0.80,Bot3,0,58,caught_by_fire,17685217071975626002,61,47
3304,40,0.80,Bot4,0,58,caught_by_fire,17685217071975626002,61,47
3305,40,0.80,Bot1,1,31,button,9240092874211386981,31,35
3305,40,0.80,Bot2,1,31,button,9240092874211386981,31,35
3305,40,0.80,Bot3,1,31,button,9240092874211386981,31,35
3305,40,0.80,Bot4,1,31,button,9240092874211386981,31,35
3306,40,0.80,Bot1,1,27,button,14375639285311499905,27,24
3306,40,0.80,Bot2,1,27,button,14375639285311499905,27,24
3306,40,0.80,Bot3,1,27,button,14375639285311499905,27,24
3306,40,0.80,Bot4,1,27,button,14375639285311499905,27,24
3307,40,0.80,Bot1,0,34,caught_by_fire,2511680614646115898,54,32
3307,40,0.80,Bot2,0,45,caught_by_fire,2511680614646115898,54,32
3307,40,0.80,Bot3,0,45,caught_by_fire,2511680614646115898,54,32
3307,40,0.80,Bot4,0,45,caught_by_fire,2511680614646115898,54,32
3308,40,0.80,Bot1,0,30,walked_into_fire,10404900305831259464,43,21
3308,40,0.80,Bot2,0,33,caught_by_fire,10404900305831259464,43,21
3308,40,0.80,Bot3,0,33,caught_by_fire,10404900305831259464,43,21
3308,40,0.80,Bot4,0,33,caught_by_fire,10404900305831259464,43,21
3309,40,0.80,Bot1,1,6,button,2803426031913880597,6,67
3309,40,0.80,Bot2,1,6,button,2803426031913880597,6,67
3309,40,0.80,Bot3,1,6,button,2803426031913880597,6,67
3309,40,0.80,Bot4,1,6,button,2803426031913880597,6,67
3310,40,0.80,Bot1,1,5,button,2559564870284884767,5,11
3310,40,0.80,Bot2,1,5,button,2559564870284884767,5,11
3310,40,0.80,Bot3,1,5,button,2559564870284884767,5,11
3310,40,0.80,Bot4,1,5,button,2559564870284884767,5,11
3311,40,0.80,Bot1,0,32,walked_into_fire,6155304704657807492,44,30
3311,40,0.80,Bot2,0,39,caught_by_fire,6155304704657807492,44,30
3311,40,0.80,Bot3,0,39,caught_by_fire,6155304704657807492,44,30
3311,40,0.80,Bot4,0,39,caught_by_fire,6155304704657807492,44,30
3312,40,0.80,Bot1,0,33,caught_by_fire,4500584251511793856,39,32
3312,40,0.80,Bot2,0,44,caught_by_fire,4500584251511793856,39,32
3312,40,0.80,Bot3,0,44,caught_by_fire,4500584251511793856,39,32
3312,40,0.80,Bot4,0,45,caught_by_fire,4500584251511793856,39,32
3313,40,0.80,Bot1,0,32,walked_into_fire,6900723975762195984,53,17
3313,40,0.80,Bot2,0,47,caught_by_fire,6900723975762195984,53,17
3313,40,0.80,Bot3,0,47,caught_by_fire,6900723975762195984,53,17
3313,40,0.80,Bot4,0,47,caught_by_fire,6900723975762195984,53,17
3314,40,0.80,Bot1,0,12,walked_into_fire,730587392452504579,22,11
3314,40,0.80,Bot2,0,16,caught_by_fire,730587392452504579,22,11
3314,40,0.80,Bot3,0,16,caught_by_fire,730587392452504579,22,11
3314,40,0.80,Bot4,0,16,caught_by_fire,730587392452504579,22,11
3315,40,0.80,Bot1,1,39,button,6675313781882079585,39,31
3315,40,0.80,Bot2,1,39,button,6675313781882079585,39,31
3315,40,0.80,Bot3,1,39,button,6675313781882079585,39,31
3315,40,0.80,Bot4,1,39,button,6675313781882079585,39,31
3316,40,0.80,Bot1,0,29,caught_by_fire,264979015246124051,48,12
3316,40,0.80,Bot2,0,36,caught_by_fire,264979015246124051,48,12
3316,40,0.80,Bot3,0,36,caught_by_fire,264979015246124051,48,12
3316,40,0.80,Bot4,0,32,caught_by_fire,264979015246124051,48,12
3317,40,0.80,Bot1,0,41,walked_into_fire,46288300869464007,53,40
3317,40,0.80,Bot2,0,50,caught_by_fire,46288300869464007,53,40
3317,40,0.80,Bot3,0,52,caught_by_fire,46288300869464007,53,40
3317,40,0.80,Bot4,0,51,caught_by_fire,46288300869464007,53,40
3318,40,0.80,Bot1,0,19,walked_into_fire,14776748439720575540,28,16
3318,40,0.80,Bot2,0,21,caught_by_fire,14776748439720575540,28,16
3318,40,0.80,Bot3,0,21,caught_by_fire,14776748439720575540,28,16
3318,40,0.80,Bot4,0,24,caught_by_fire,14776748439720575540,28,16
3319,40,0.80,Bot1,0,27,caught_by_fire,6293324192519437996,34,20
3319,40,0.80,Bot2,0,33,caught_by_fire,6293324192519437996,34,20
3319,40,0.80,Bot3,0,33,caught_by_fire,6293324192519437996,34,20
3319,40,0.80,Bot4,0,33,caught_by_fire,6293324192519437996,34,20
3320,40,0.80,Bot1,0,13,caught_by_fire,14002481674154615070,47,41
3320,40,0.80,Bot2,0,44,caught_by_fire,14002481674154615070,47,41
3320,40,0.80,Bot3,0,44,caught_by_fire,14002481674154615070,47,41
3320,40,0.80,Bot4,0,44,caught_by_fire,14002481674154615070,47,41
3321,40,0.80,Bot1,1,42,button,13059686531740358571,42,51
3321,40,0.80,Bot2,1,42,button,13059686531740358571,42,51
3321,40,0.80,Bot3,1,42,button,13059686531740358571,42,51
3321,40,0.80,Bot4,1,42,button,13059686531740358571,42,51
3322,40,0.80,Bot1,1,15,button,16902077447580138034,15,37
3322,40,0.80,Bot2,1,15,button,16902077447580138034,15,37
3322,40,0.80,Bot3,1,15,button,16902077447580138034,15,37
3322,40,0.80,Bot4,1,15,button,16902077447580138034,15,37
3323,40,0.80,Bot1,0,29,walked_into_fire,13756142932664432686,48,2
3323,40,0.80,Bot2,0,62,caught_by_fire,13756142932664432686,48,2
3323,40,0.80,Bot3,0,62,caught_by_fire,13756142932664432686,48,2
3323,40,0.80,Bot4,0,60,caught_by_fire,13756142932664432686,48,2
3324,40,0.80,Bot1,1,27,button,5482875881239687863,27,28
3324,40,0.80,Bot2,1,27,button,5482875881239687863,27,28
3324,40,0.80,Bot3,1,27,button,5482875881239687863,27,28
3324,40,0.80,Bot4,1,27,button,5482875881239687863,27,28
3325,40,0.80,Bot1,1,31,button,3460492071026264915,31,35
3325,40,0.80,Bot2,1,31,button,3460492071026264915,31,35
3325,40,0.80,Bot3,1,31,button,3460492071026264915,31,35
3325,40,0.80,Bot4,1,31,button,3460492071026264915,31,35
3326,40,0.80,Bot1,1,41,button,12591219149695777527,41,56
3326,40,0.80,Bot2,1,41,button,12591219149695777527,41,56
3326,40,0.80,Bot3,1,41,button,12591219149695777527,41,56
3326,40,0.80,Bot4,1,41,button,12591219149695777527,41,56
3327,40,0.80,Bot1,0,33,walked_into_fire,5506493250481846797,45,34
3327,40,0.80,Bot2,0,41,caught_by_fire,5506493250481846797,45,34
3327,40,0.80,Bot3,0,41,caught_by_fire,5506493250481846797,45,34
3327,40,0.80,Bot4,0,41,caught_by_fire,5506493250481846797,45,34
3328,40,0.80,Bot1,0,32,walked_into_fire,17394888159661353638,35,19
3328,40,0.80,Bot2,0,31,caught_by_fire,17394888159661353638,35,19
3328,40,0.80,Bot3,0,31,caught_by_fire,17394888159661353638,35,19
3328,40,0.80,Bot4,0,32,caught_by_fire,17394888159661353638,35,19
3329,40,0.80,Bot1,0,30,walked_into_fire,9215131036523661630,57,36
3329,40,0.80,Bot2,0,41,caught_by_fire,9215131036523661630,57,36
3329,40,0.80,Bot3,0,41,caught_by_fire,9215131036523661630,57,36
3329,40,0.80,Bot4,0,41,caught_by_fire,9215131036523661630,57,36
3330,40,0.80,Bot1,1,31,button,17976100022799158568,31,44
3330,40,0.80,Bot2,1,31,button,17976100022799158568,31,44
3330,40,0.80,Bot3,1,31,button,17976100022799158568,31,44
3330,40,0.80,Bot4,1,31,button,17976100022799158568,31,44
3331,40,0.80,Bot1,0,17,caught_by_fire,15517630330824063220,54,33
3331,40,0.80,Bot2,0,17,caught_by_fire,15517630330824063220,54,33
3331,40,0.80,Bot3,0,44,caught_by_fire,15517630330824063220,54,33
3331,40,0.80,Bot4,0,17,caught_by_fire,15517630330824063220,54,33
3332,40,0.80,Bot1,0,18,caught_by_fire,11775859057807360109,57,26
3332,40,0.80,Bot2,0,28,caught_by_fire,11775859057807360109,57,26
3332,40,0.80,Bot3,0,28,caught_by_fire,11775859057807360109,57,26
3332,40,0.80,Bot4,0,34,caught_by_fire,11775859057807360109,57,26
3333,40,0.80,Bot1,0,14,walked_into_fire,8754786420735186145,37,17
3333,40,0.80,Bot2,0,15,caught_by_fire,8754786420735186145,37,17
3333,40,0.80,Bot3,0,20,caught_by_fire,8754786420735186145,37,17
3333,40,0.80,Bot4,0,15,caught_by_fire,8754786420735186145,37,17
3334,40,0.80,Bot1,0,12,walked_into_fire,10969191911839509139,22,5
3334,40,0.80,Bot2,0,23,caught_by_fire,10969191911839509139,22,5
3334,40,0.80,Bot3,0,27,caught_by_fire,10969191911839509139,22,5
3334,40,0.80,Bot4,0,24,caught_by_fire,10969191911839509139,22,5
3335,40,0.80,Bot1,1,28,button,13226095511333759059,28,32
3335,40,0.80,Bot2,1,28,button,13226095511333759059,28,32
3335,40,0.80,Bot3,1,28,button,13226095511333759059,28,32
3335,40,0.80,Bot4,1,28,button,13226095511333759059,28,32
3336,40,0.80,Bot1,1,12,button,9480774746371553642,12,27
3336,40,0.80,Bot2,1,12,button,9480774746371553642,12,27
3336,40,0.80,Bot3,1,12,button,9480774746371553642,12,27
3336,40,0.80,Bot4,1,12,button,9480774746371553642,12,27
3337,40,0.80,Bot1,1,26,button,3667909299895445629,26,39
3337,40,0.80,Bot2,1,26,button,3667909299895445629,26,39
3337,40,0.80,Bot3,1,26,button,3667909299895445629,26,39
3337,40,0.80,Bot4,1,26,button,3667909299895445629,26,39
3338,40,0.80,Bot1,0,13,walked_into_fire,13312504128223792699,14,9
3338,40,0.80,Bot2,0,14,caught_by_fire,13312504128223792699,14,9
3338,40,0.80,Bot3,0,16,caught_by_fire,13312504128223792699,14,9
3338,40,0.80,Bot4,0,16,caught_by_fire,13312504128223792699,14,9
3339,40,0.80,Bot1,0,12,walked_into_fire,405228554662001856,48,38
3339,40,0.80,Bot2,0,12,caught_by_fire,405228554662001856,48,38
3339,40,0.80,Bot3,0,9,caught_by_fire,405228554662001856,48,38
3339,40,0.80,Bot4,0,12,caught_by_fire,405228554662001856,48,38
3340,40,0.80,Bot1,1,26,button,2892500353968635118,26,43
3340,40,0.80,Bot2,1,26,button,2892500353968635118,26,43
3340,40,0.80,Bot3,1,26,button,2892500353968635118,26,43
3340,40,0.80,Bot4,1,26,button,2892500353968635118,26,43
3341,40,0.80,Bot1,0,40,walked_into_fire,14400828952527834268,48,26
3341,40,0.80,Bot2,0,50,caught_by_fire,14400828952527834268,48,26
3341,40,0.80,Bot3,0,50,caught_by_fire,14400828952527834268,48,26
3341,40,0.80,Bot4,0,49,caught_by_fire,14400828952527834268,48,26
3342,40,0.80,Bot1,1,29,button,12544734729781309042,29,38
3342,40,0.80,Bot2,1,29,button,12544734729781309042,29,38
3342,40,0.80,Bot3,1,29,button,12544734729781309042,29,38
3342,40,0.80,Bot4,1,29,button,12544734729781309042,29,38
3343,40,0.80,Bot1,1,8,button,7789757969837380682,8,18
3343,40,0.80,Bot2,1,8,button,7789757969837380682,8,18
3343,40,0.80,Bot3,1,8,button,7789757969837380682,8,18
3343,40,0.80,Bot4,1,8,button,7789757969837380682,8,18
3344,40,0.80,Bot1,1,17,button,8001225005482601970,17,33
3344,40,0.80,Bot2,1,17,button,8001225005482601970,17,33
3344,40,0.80,Bot3,1,17,button,8001225005482601970,17,33
3344,40,0.80,Bot4,1,17,button,8001225005482601970,17,33
3345,40,0.80,Bot1,0,15,walked_into_fire,3875078667079616486,62,40
3345,40,0.80,Bot2,0,24,caught_by_fire,3875078667079616486,62,40
3345,40,0.80,Bot3,0,24,caught_by_fire,3875078667079616486,62,40
3345,40,0.80,Bot4,0,24,caught_by_fire,3875078667079616486,62,40
3346,40,0.80,Bot1,1,54,button,16884366553436292298,54,54
3346,40,0.80,Bot2,1,54,button,16884366553436292298,54,54
3346,40,0.80,Bot3,1,54,button,16884366553436292298,54,54
3346,40,0.80,Bot4,1,54,button,16884366553436292298,54,54
3347,40,0.80,Bot1,1,49,button,214485770443629697,49,76
3347,40,0.80,Bot2,1,49,button,214485770443629697,49,76
3347,40,0.80,Bot3,1,49,button,214485770443629697,49,76
3347,40,0.80,Bot4,1,49,button,214485770443629697,49,76
3348,40,0.80,Bot1,0,20,walked_into_fire,15051561611636025944,48,19
3348,40,0.80,Bot2,0,30,caught_by_fire,15051561611636025944,48,19
3348,40,0.80,Bot3,0,33,caught_by_fire,15051561611636025944,48,19
3348,40,0.80,Bot4,0,32,caught_by_fire,15051561611636025944,48,19
3349,40,0.80,Bot1,0,21,walked_into_fire,17641250822406406040,49,12
3349,40,0.80,Bot2,0,32,caught_by_fire,17641250822406406040,49,12
3349,40,0.80,Bot3,0,32,caught_by_fire,17641250822406406040,49,12
3349,40,0.80,Bot4,0,32,caught_by_fire,17641250822406406040,49,12
3350,40,0.80,Bot1,1,12,button,7758500616124484191,12,24
3350,40,0.80,Bot2,1,12,button,7758500616124484191,12,24
3350,40,0.80,Bot3,1,12,button,7758500616124484191,12,24
3350,40,0.80,Bot4,1,12,button,7758500616124484191,12,24
3351,40,0.80,Bot1,0,29,walked_into_fire,6287568266738273817,33,24
3351,40,0.80,Bot2,0,33,caught_by_fire,6287568266738273817,33,24
3351,40,0.80,Bot3,0,33,caught_by_fire,6287568266738273817,33,24
3351,40,0.80,Bot4,0,34,caught_by_fire,6287568266738273817,33,24
3352,40,0.80,Bot1,0,13,walked_into_fire,10488382458051885273,61,41
3352,40,0.80,Bot2,0,31,caught_by_fire,10488382458051885273,61,41
3352,40,0.80,Bot3,0,31,caught_by_fire,10488382458051885273,61,41
3352,40,0.80,Bot4,0,31,caught_by_fire,10488382458051885273,61,41
3353,40,0.80,Bot1,0,21,walked_into_fire,6019427852517671826,37,4
3353,40,0.80,Bot2,0,36,caught_by_fire,6019427852517671826,37,4
3353,40,0.80,Bot3,0,36,caught_by_fire,6019427852517671826,37,4
3353,40,0.80,Bot4,0,34,caught_by_fire,6019427852517671826,37,4
3354,40,0.80,Bot1,1,19,button,10449223356363321867,19,45
3354,40,0.80,Bot2,1,19,button,10449223356363321867,19,45
3354,40,0.80,Bot3,1,19,button,10449223356363321867,19,45
3354,40,0.80,Bot4,1,19,button,10449223356363321867,19,45
3355,40,0.80,Bot1,0,32,caught_by_fire,4387394196088330154,57,13
3355,40,0.80,Bot2,0,50,caught_by_fire,4387394196088330154,57,13
3355,40,0.80,Bot3,0,50,caught_by_fire,4387394196088330154,57,13
3355,40,0.80,Bot4,0,51,caught_by_fire,4387394196088330154,57,13
3356,40,0.80,Bot1,1,41,button,15491045011265728463,41,55
3356,40,0.80,Bot2,1,41,button,15491045011265728463,41,55
3356,40,0.80,Bot3,1,41,button,15491045011265728463,41,55
3356,40,0.80,Bot4,1,41,button,15491045011265728463,41,55
3357,40,0.80,Bot1,1,23,button,8962217398929379,23,27
3357,40,0.80,Bot2,1,23,button,8962217398929379,23,27
3357,40,0.80,Bot3,1,23,button,8962217398929379,23,27
3357,40,0.80,Bot4,1,23,button,8962217398929379,23,27
3358,40,0.80,Bot1,0,12,walked_into_fire,2145632418859234350,39,20
3358,40,0.80,Bot2,0,27,caught_by_fire,2145632418859234350,39,20
3358,40,0.80,Bot3,0,24,caught_by_fire,2145632418859234350,39,20
3358,40,0.80,Bot4,0,26,caught_by_fire,2145632418859234350,39,20
3359,40,0.80,Bot1,1,14,button,14584691765046922457,14,46
3359,40,0.80,Bot2,1,14,button,14584691765046922457,14,46
3359,40,0.80,Bot3,1,14,button,14584691765046922457,14,46
3359,40,0.80,Bot4,1,14,button,14584691765046922457,14,46
3360,40,0.80,Bot1,1,12,button,9682413187478505993,12,14
3360,40,0.80,Bot2,1,12,button,9682413187478505993,12,14
3360,40,0.80,Bot3,1,12,button,9682413187478505993,12,14
3360,40,0.80,Bot4,1,12,button,9682413187478505993,12,14
3361,40,0.80,Bot1,1,44,button,8827608693263477171,44,40
3361,40,0.80,Bot2,1,44,button,8827608693263477171,44,40
3361,40,0.80,Bot3,1,44,button,8827608693263477171,44,40
3361,40,0.80,Bot4,1,44,button,8827608693263477171,44,40
3362,40,0.80,Bot1,1,50,button,17295437593134821513,50,46
3362,40,0.80,Bot2,1,50,button,17295437593134821513,50,46
3362,40,0.80,Bot3,1,50,button,17295437593134821513,50,46
3362,40,0.80,Bot4,1,50,button,17295437593134821513,50,46
3363,40,0.80,Bot1,1,23,button,12883272854529225856,23,46
3363,40,0.80,Bot2,1,23,button,12883272854529225856,23,46
3363,40,0.80,Bot3,1,23,button,12883272854529225856,23,46
3363,40,0.80,Bot4,1,23,button,12883272854529225856,23,46
3364,40,0.80,Bot1,1,23,button,14022712070542077359,23,29
3364,40,0.80,Bot2,1,23,button,14022712070542077359,23,29
3364,40,0.80,Bot3,1,23,button,14022712070542077359,23,29
3364,40,0.80,Bot4,1,23,button,14022712070542077359,23,29
3365,40,0.80,Bot1,1,32,button,3178632938529524082,32,57
3365,40,0.80,Bot2,1,32,button,3178632938529524082,32,57
3365,40,0.80,Bot3,1,32,button,3178632938529524082,32,57
3365,40,0.80,Bot4,1,32,button,3178632938529524082,32,57
3366,40,0.80,Bot1,0,21,walked_into_fire,1324662764714372818,45,18
3366,40,0.80,Bot2,0,31,caught_by_fire,1324662764714372818,45,18
3366,40,0.80,Bot3,0,31,caught_by_fire,1324662764714372818,45,18
3366,40,0.80,Bot4,0,27,caught_by_fire,1324662764714372818,45,18
3367,40,0.80,Bot1,1,31,button,6442336962520476884,31,59
3367,40,0.80,Bot2,1,31,button,6442336962520476884,31,59
3367,40,0.80,Bot3,1,31,button,6442336962520476884,31,59
3367,40,0.80,Bot4,1,31,button,6442336962520476884,31,59
3368,40,0.80,Bot1,0,9,caught_by_fire,4335920714651366301,29,19
3368,40,0.80,Bot2,0,26,caught_by_fire,4335920714651366301,29,19
3368,40,0.80,Bot3,0,26,caught_by_fire,4335920714651366301,29,19
3368,40,0.80,Bot4,0,26,caught_by_fire,4335920714651366301,29,19
3369,40,0.80,Bot1,1,5,button,12843019137479626543,5,8
3369,40,0.80,Bot2,1,5,button,12843019137479626543,5,8
3369,40,0.80,Bot3,1,5,button,12843019137479626543,5,8
3369,40,0.80,Bot4,1,5,button,12843019137479626543,5,8
3370,40,0.80,Bot1,0,19,caught_by_fire,6610841311531200086,35,32
3370,40,0.80,Bot2,0,19,caught_by_fire,6610841311531200086,35,32
3370,40,0.80,Bot3,0,24,caught_by_fire,6610841311531200086,35,32
3370,40,0.80,Bot4,0,19,caught_by_fire,6610841311531200086,35,32
3371,40,0.80,Bot1,1,7,button,852986312300258118,7,42
3371,40,0.80,Bot2,1,7,button,852986312300258118,7,42
3371,40,0.80,Bot3,1,7,button,852986312300258118,7,42
3371,40,0.80,Bot4,1,7,button,852986312300258118,7,42
3372,40,0.80,Bot1,1,19,button,14333259114798153443,19,23
3372,40,0.80,Bot2,1,19,button,14333259114798153443,19,23
3372,40,0.80,Bot3,1,19,button,14333259114798153443,19,23
3372,40,0.80,Bot4,1,19,button,14333259114798153443,19,23
3373,40,0.80,Bot1,0,25,caught_by_fire,4954785819223730056,45,23
3373,40,0.80,Bot2,0,27,caught_by_fire,4954785819223730056,45,23
3373,40,0.80,Bot3,0,27,caught_by_fire,4954785819223730056,45,23
3373,40,0.80,Bot4,0,37,caught_by_fire,4954785819223730056,45,23
3374,40,0.80,Bot1,1,25,button,8740924710737767331,25,31
3374,40,0.80,Bot2,1,25,button,8740924710737767331,25,31
3374,40,0.80,Bot3,1,25,button,8740924710737767331,25,31
3374,40,0.80,Bot4,1,25,button,8740924710737767331,25,31
3375,40,0.80,Bot1,1,5,button,14943303921327601895,5,11
3375,40,0.80,Bot2,1,5,button,14943303921327601895,5,11
3375,40,0.80,Bot3,1,5,button,14943303921327601895,5,11
3375,40,0.80,Bot4,1,5,button,14943303921327601895,5,11
3376,40,0.80,Bot1,1,7,button,6704825516408639978,7,39
3376,40,0.80,Bot2,1,7,button,6704825516408639978,7,39
3376,40,0.80,Bot3,1,7,button,6704825516408639978,7,39
3376,40,0.80,Bot4,1,7,button,6704825516408639978,7,39
3377,40,0.80,Bot1,1,24,button,14154094883726439417,24,25
3377,40,0.80,Bot2,1,24,button,14154094883726439417,24,25
3377,40,0.80,Bot3,1,24,button,14154094883726439417,24,25
3377,40,0.80,Bot4,1,24,button,14154094883726439417,24,25
3378,40,0.80,Bot1,1,31,button,1680208519463723274,31,29
3378,40,0.80,Bot2,1,31,button,1680208519463723274,31,29
3378,40,0.80,Bot3,1,31,button,1680208519463723274,31,29
3378,40,0.80,Bot4,1,31,button,1680208519463723274,31,29
3379,40,0.80,Bot1,0,15,caught_by_fire,18215973772782156304,18,11
3379,40,0.80,Bot2,0,18,caught_by_fire,18215973772782156304,18,11
3379,40,0.80,Bot3,0,18,caught_by_fire,18215973772782156304,18,11
3379,40,0.80,Bot4,0,17,caught_by_fire,18215973772782156304,18,11
3380,40,0.80,Bot1,1,13,button,7627376575816028287,13,11
3380,40,0.80,Bot2,1,13,button,7627376575816028287,13,11
3380,40,0.80,Bot3,1,13,button,7627376575816028287,13,11
3380,40,0.80,Bot4,1,13,button,7627376575816028287,13,11
3381,40,0.80,Bot1,0,17,walked_into_fire,13617204514056868880,38,21
3381,40,0.80,Bot2,0,21,caught_by_fire,13617204514056868880,38,21
3381,40,0.80,Bot3,0,21,caught_by_fire,13617204514056868880,38,21
3381,40,0.80,Bot4,0,28,caught_by_fire,13617204514056868880,38,21
3382,40,0.80,Bot1,0,17,walked_into_fire,12734838712525094607,39,27
3382,40,0.80,Bot2,0,49,caught_by_fire,12734838712525094607,39,27
3382,40,0.80,Bot3,0,51,caught_by_fire,12734838712525094607,39,27
3382,40,0.80,Bot4,0,50,caught_by_fire,12734838712525094607,39,27
3383,40,0.80,Bot1,1,29,button,11293680176413051588,29,31
3383,40,0.80,Bot2,1,29,button,11293680176413051588,29,31
3383,40,0.80,Bot3,1,29,button,11293680176413051588,29,31
3383,40,0.80,Bot4,1,29,button,11293680176413051588,29,31
3384,40,0.80,Bot1,1,58,button,9399549848445512576,58,54
3384,40,0.80,Bot2,1,58,button,9399549848445512576,58,54
3384,40,0.80,Bot3,1,58,button,9399549848445512576,58,54
3384,40,0.80,Bot4,1,58,button,9399549848445512576,58,54
3385,40,0.80,Bot1,1,39,button,16362055326181399906,39,47
3385,40,0.80,Bot2,1,39,button,16362055326181399906,39,47
3385,40,0.80,Bot3,1,39,button,16362055326181399906,39,47
3385,40,0.80,Bot4,1,39,button,16362055326181399906,39,47
3386,40,0.80,Bot1,1,4,button,17622789014178807866,4,22
3386,40,0.80,Bot2,1,4,button,17622789014178807866,4,22
3386,40,0.80,Bot3,1,4,button,17622789014178807866,4,22
3386,40,0.80,Bot4,1,4,button,17622789014178807866,4,22
3387,40,0.80,Bot1,0,21,walked_into_fire,9724121771424115456,32,9
3387,40,0.80,Bot2,0,26,caught_by_fire,9724121771424115456,32,9
3387,40,0.80,Bot3,0,26,caught_by_fire,9724121771424115456,32,9
3387,40,0.80,Bot4,0,26,caught_by_fire,9724121771424115456,32,9
3388,40,0.80,Bot1,1,33,button,7916543079195040143,33,53
3388,40,0.80,Bot2,1,33,button,7916543079195040143,33,53
3388,40,0.80,Bot3,1,33,button,7916543079195040143,33,53
3388,40,0.80,Bot4,1,33,button,7916543079195040143,33,53
3389,40,0.80,Bot1,1,28,button,3862434351340781580,28,39
3389,40,0.80,Bot2,1,28,button,3862434351340781580,28,39
3389,40,0.80,Bot3,1,28,button,3862434351340781580,28,39
3389,40,0.80,Bot4,1,28,button,3862434351340781580,28,39
3390,40,0.80,Bot1,0,39,walked_into_fire,15017103797653098479,64,42
3390,40,0.80,Bot2,0,40,caught_by_fire,15017103797653098479,64,42
3390,40,0.80,Bot3,0,41,caught_by_fire,15017103797653098479,64,42
3390,40,0.80,Bot4,0,40,caught_by_fire,15017103797653098479,64,42
3391,40,0.80,Bot1,0,32,caught_by_fire,1695030289285021607,67,22
3391,40,0.80,Bot2,0,39,caught_by_fire,1695030289285021607,67,22
3391,40,0.80,Bot3,0,39,caught_by_fire,1695030289285021607,67,22
3391,40,0.80,Bot4,0,39,caught_by_fire,1695030289285021607,67,22
3392,40,0.80,Bot1,1,44,button,7018536740256585473,44,63
3392,40,0.80,Bot2,1,44,button,7018536740256585473,44,63
3392,40,0.80,Bot3,1,44,button,7018536740256585473,44,63
3392,40,0.80,Bot4,1,44,button,7018536740256585473,44,63
3393,40,0.80,Bot1,0,4,walked_into_fire,3243002927917452189,12,11
3393,40,0.80,Bot2,0,4,caught_by_fire,3243002927917452189,12,11
3393,40,0.80,Bot3,0,4,caught_by_fire,3243002927917452189,12,11
3393,40,0.80,Bot4,0,4,caught_by_fire,3243002927917452189,12,11
3394,40,0.80,Bot1,1,13,button,13967372236825287983,13,44
3394,40,0.80,Bot2,1,13,button,13967372236825287983,13,44
3394,40,0.80,Bot3,1,13,button,13967372236825287983,13,44
3394,40,0.80,Bot4,1,13,button,13967372236825287983,13,44
3395,40,0.80,Bot1,0,23,walked_into_fire,18200670675201204104,47,22
3395,40,0.80,Bot2,0,33,caught_by_fire,18200670675201204104,47,22
3395,40,0.80,Bot3,0,29,caught_by_fire,18200670675201204104,47,22
3395,40,0.80,Bot4,0,33,caught_by_fire,18200670675201204104,47,22
3396,40,0.80,Bot1,0,23,caught_by_fire,7418564958567723800,30,21
3396,40,0.80,Bot2,0,24,caught_by_fire,7418564958567723800,30,21
3396,40,0.80,Bot3,0,24,caught_by_fire,7418564958567723800,30,21
3396,40,0.80,Bot4,0,24,caught_by_fire,7418564958567723800,30,21
3397,40,0.80,Bot1,0,14,caught_by_fire,8741802088792965098,31,17
3397,40,0.80,Bot2,0,22,caught_by_fire,8741802088792965098,31,17
3397,40,0.80,Bot3,0,22,caught_by_fire,8741802088792965098,31,17
3397,40,0.80,Bot4,0,22,caught_by_fire,8741802088792965098,31,17
3398,40,0.80,Bot1,0,36,walked_into_fire,8932378233125794299,70,42
3398,40,0.80,Bot2,0,56,caught_by_fire,8932378233125794299,70,42
3398,40,0.80,Bot3,0,58,caught_by_fire,8932378233125794299,70,42
3398,40,0.80,Bot4,0,58,caught_by_fire,8932378233125794299,70,42
3399,40,0.80,Bot1,1,56,button,8393863952288784451,56,56
3399,40,0.80,Bot2,1,56,button,8393863952288784451,56,56
3399,40,0.80,Bot3,1,56,button,8393863952288784451,56,56
3399,40,0.80,Bot4,1,56,button,8393863952288784451,56,56
3400,40,0.85,Bot1,0,9,walked_into_fire,16870538297229014509,31,28
3400,40,0.85,Bot2,0,9,caught_by_fire,16870538297229014509,31,28
3400,40,0.85,Bot3,0,9,caught_by_fire,16870538297229014509,31,28
3400,40,0.85,Bot4,0,9,caught_by_fire,16870538297229014509,31,28
3401,40,0.85,Bot1,1,42,button,7786992550930000890,42,42
3401,40,0.85,Bot2,1,42,button,7786992550930000890,42,42
3401,40,0.85,Bot3,1,42,button,7786992550930000890,42,42
3401,40,0.85,Bot4,1,42,button,7786992550930000890,42,42
3402,40,0.85,Bot1,0,27,caught_by_fire,5444212243820922221,46,9
3402,40,0.85,Bot2,0,46,caught_by_fire,5444212243820922221,46,9
3402,40,0.85,Bot3,0,46,caught_by_fire,5444212243820922221,46,9
3402,40,0.85,Bot4,0,45,caught_by_fire,5444212243820922221,46,9
3403,40,0.85,Bot1,0,15,walked_into_fire,8291964613773193858,43,26
3403,40,0.85,Bot2,0,35,caught_by_fire,8291964613773193858,43,26
3403,40,0.85,Bot3,0,35,caught_by_fire,8291964613773193858,43,26
3403,40,0.85,Bot4,0,29,caught_by_fire,8291964613773193858,43,26
3404,40,0.85,Bot1,0,12,walked_into_fire,2513504460787874571,50,27
3404,40,0.85,Bot2,0,39,caught_by_fire,2513504460787874571,50,27
3404,40,0.85,Bot3,0,39,caught_by_fire,2513504460787874571,50,27
3404,40,0.85,Bot4,0,37,caught_by_fire,2513504460787874571,50,27
3405,40,0.85,Bot1,1,2,button,12547499748666795763,2,26
3405,40,0.85,Bot2,1,2,button,12547499748666795763,2,26
3405,40,0.85,Bot3,1,2,button,12547499748666795763,2,26
3405,40,0.85,Bot4,1,2,button,12547499748666795763,2,26
3406,40,0.85,Bot1,1,10,button,16475826623277328144,10,31
3406,40,0.85,Bot2,1,10,button,16475826623277328144,10,31
3406,40,0.85,Bot3,1,10,button,16475826623277328144,10,31
3406,40,0.85,Bot4,1,10,button,16475826623277328144,10,31
3407,40,0.85,Bot1,0,27,walked_into_fire,2448742270343961574,68,37
3407,40,0.85,Bot2,0,37,caught_by_fire,2448742270343961574,68,37
3407,40,0.85,Bot3,0,40,caught_by_fire,2448742270343961574,68,37
3407,40,0.85,Bot4,0,37,caught_by_fire,2448742270343961574,68,37
3408,40,0.85,Bot1,1,27,button,13074819601473547011,27,36
3408,40,0.85,Bot2,1,27,button,13074819601473547011,27,36
3408,40,0.85,Bot3,1,27,button,13074819601473547011,27,36
3408,40,0.85,Bot4,1,27,button,13074819601473547011,27,36
3409,40,0.85,Bot1,0,7,walked_into_fire,11767762370172805176,25,14
3409,40,0.85,Bot2,0,19,caught_by_fire,11767762370172805176,25,14
3409,40,0.85,Bot3,0,25,caught_by_fire,11767762370172805176,25,14
3409,40,0.85,Bot4,0,20,caught_by_fire,11767762370172805176,25,14
3410,40,0.85,Bot1,0,21,walked_into_fire,4039662511123337726,37,12
3410,40,0.85,Bot2,0,29,caught_by_fire,4039662511123337726,37,12
3410,40,0.85,Bot3,0,29,caught_by_fire,4039662511123337726,37,12
3410,40,0.85,Bot4,0,28,caught_by_fire,4039662511123337726,37,12
3411,40,0.85,Bot1,1,23,button,4856758339439596732,23,32
3411,40,0.85,Bot2,1,23,button,4856758339439596732,23,32
3411,40,0.85,Bot3,1,23,button,4856758339439596732,23,32
3411,40,0.85,Bot4,1,23,button,4856758339439596732,23,32
3412,40,0.85,Bot1,1,29,button,14574746630696719044,29,48
3412,40,0.85,Bot2,1,29,button,14574746630696719044,29,48
3412,40,0.85,Bot3,1,29,button,14574746630696719044,29,48
3412,40,0.85,Bot4,1,29,button,14574746630696719044,29,48
3413,40,0.85,Bot1,0,6,caught_by_fire,6270620945975187221,47,35
3413,40,0.85,Bot2,0,9,caught_by_fire,6270620945975187221,47,35
3413,40,0.85,Bot3,0,26,caught_by_fire,6270620945975187221,47,35
3413,40,0.85,Bot4,0,13,caught_by_fire,6270620945975187221,47,35
3414,40,0.85,Bot1,0,31,walked_into_fire,1514814172500263666,47,9
3414,40,0.85,Bot2,0,48,caught_by_fire,1514814172500263666,47,9
3414,40,0.85,Bot3,0,48,caught_by_fire,1514814172500263666,47,9
3414,40,0.85,Bot4,0,48,caught_by_fire,1514814172500263666,47,9
3415,40,0.85,Bot1,1,26,button,13301546510101009771,26,35
3415,40,0.85,Bot2,1,26,button,13301546510101009771,26,35
3415,40,0.85,Bot3,1,26,button,13301546510101009771,26,35
3415,40,0.85,Bot4,1,26,button,13301546510101009771,26,35
3416,40,0.85,Bot1,0,33,walked_into_fire,16585614779234621512,54,39
3416,40,0.85,Bot2,0,40,caught_by_fire,16585614779234621512,54,39
3416,40,0.85,Bot3,0,43,caught_by_fire,16585614779234621512,54,39
3416,40,0.85,Bot4,0,43,caught_by_fire,16585614779234621512,54,39
3417,40,0.85,Bot1,0,22,caught_by_fire,5835113472748771063,57,19
3417,40,0.85,Bot2,0,28,caught_by_fire,5835113472748771063,57,19
3417,40,0.85,Bot3,0,28,caught_by_fire,5835113472748771063,57,19
3417,40,0.85,Bot4,0,28,caught_by_fire,5835113472748771063,57,19
3418,40,0.85,Bot1,0,33,caught_by_fire,16728926758109689989,42,27
3418,40,0.85,Bot2,0,36,caught_by_fire,16728926758109689989,42,27
3418,40,0.85,Bot3,0,36,caught_by_fire,16728926758109689989,42,27
3418,40,0.85,Bot4,0,36,caught_by_fire,16728926758109689989,42,27
3419,40,0.85,Bot1,1,39,button,2755646883357888426,39,56
3419,40,0.85,Bot2,1,39,button,2755646883357888426,39,56
3419,40,0.85,Bot3,1,39,button,2755646883357888426,39,56
3419,40,0.85,Bot4,1,39,button,2755646883357888426,39,56
3420,40,0.85,Bot1,1,62,button,5443137789584019082,62,75
3420,40,0.85,Bot2,1,62,button,5443137789584019082,62,75
3420,40,0.85,Bot3,1,62,button,5443137789584019082,62,75
3420,40,0.85,Bot4,1,62,button,5443137789584019082,62,75
3421,40,0.85,Bot1,0,41,walked_into_fire,12942568364738466223,47,33
3421,40,0.85,Bot2,0,43,caught_by_fire,12942568364738466223,47,33
3421,40,0.85,Bot3,0,43,caught_by_fire,12942568364738466223,47,33
3421,40,0.85,Bot4,0,43,caught_by_fire,12942568364738466223,47,33
3422,40,0.85,Bot1,0,21,caught_by_fire,2016671521427548870,41,7
3422,40,0.85,Bot2,0,39,caught_by_fire,2016671521427548870,41,7
3422,40,0.85,Bot3,0,39,caught_by_fire,2016671521427548870,41,7
3422,40,0.85,Bot4,0,39,caught_by_fire,2016671521427548870,41,7
3423,40,0.85,Bot1,0,32,walked_into_fire,18164764946159398743,52,42
3423,40,0.85,Bot2,0,50,caught_by_fire,18164764946159398743,52,42
3423,40,0.85,Bot3,0,52,caught_by_fire,18164764946159398743,52,42
3423,40,0.85,Bot4,0,50,caught_by_fire,18164764946159398743,52,42
3424,40,0.85,Bot1,1,23,button,16774723325549273364,23,44
3424,40,0.85,Bot2,1,23,button,16774723325549273364,23,44
3424,40,0.85,Bot3,1,23,button,16774723325549273364,23,44
3424,40,0.85,Bot4,1,23,button,16774723325549273364,23,44
3425,40,0.85,Bot1,1,4,button,3111051112332990321,4,34
3425,40,0.85,Bot2,1,4,button,3111051112332990321,4,34
3425,40,0.85,Bot3,1,4,button,3111051112332990321,4,34
3425,40,0.85,Bot4,1,4,button,3111051112332990321,4,34
3426,40,0.85,Bot1,0,22,caught_by_fire,18349966097694995761,33,12
3426,40,0.85,Bot2,0,31,caught_by_fire,18349966097694995761,33,12
3426,40,0.85,Bot3,0,31,caught_by_fire,18349966097694995761,33,12
3426,40,0.85,Bot4,0,29,caught_by_fire,18349966097694995761,33,12
3427,40,0.85,Bot1,1,56,button,9351920030738010303,56,54
3427,40,0.85,Bot2,1,56,button,9351920030738010303,56,54
3427,40,0.85,Bot3,1,56,button,9351920030738010303,56,54
3427,40,0.85,Bot4,1,56,button,9351920030738010303,56,54
3428,40,0.85,Bot1,1,25,button,12262766230390292171,25,34
3428,40,0.85,Bot2,1,25,button,12262766230390292171,25,34
3428,40,0.85,Bot3,1,25,button,12262766230390292171,25,34
3428,40,0.85,Bot4,1,25,button,12262766230390292171,25,34
3429,40,0.85,Bot1,0,38,walked_into_fire,1183365711997166091,70,32
3429,40,0.85,Bot2,0,40,caught_by_fire,1183365711997166091,70,32
3429,40,0.85,Bot3,0,40,caught_by_fire,1183365711997166091,70,32
3429,40,0.85,Bot4,0,40,caught_by_fire,1183365711997166091,70,32
3430,40,0.85,Bot1,0,9,caught_by_fire,3421176770438674583,36,19
3430,40,0.85,Bot2,0,29,caught_by_fire,3421176770438674583,36,19
3430,40,0.85,Bot3,0,31,caught_by_fire,3421176770438674583,36,19
3430,40,0.85,Bot4,0,32,caught_by_fire,3421176770438674583,36,19
3431,40,0.85,Bot1,0,44,caught_by_fire,3539959446265574370,48,38
3431,40,0.85,Bot2,0,47,caught_by_fire,3539959446265574370,48,38
3431,40,0.85,Bot3,0,47,caught_by_fire,3539959446265574370,48,38
3431,40,0.85,Bot4,0,46,caught_by_fire,3539959446265574370,48,38
3432,40,0.85,Bot1,1,43,button,16676494736044188747,43,46
3432,40,0.85,Bot2,1,43,button,16676494736044188747,43,46
3432,40,0.85,Bot3,1,43,button,16676494736044188747,43,46
3432,40,0.85,Bot4,1,43,button,16676494736044188747,43,46
3433,40,0.85,Bot1,1,37,button,15502133578470491326,37,53
3433,40,0.85,Bot2,1,37,button,15502133578470491326,37,53
3433,40,0.85,Bot3,1,37,button,15502133578470491326,37,53
3433,40,0.85,Bot4,1,37,button,15502133578470491326,37,53
3434,40,0.85,Bot1,1,55,button,12802310648810131328,55,63
3434,40,0.85,Bot2,1,55,button,12802310648810131328,55,63
3434,40,0.85,Bot3,1,55,button,12802310648810131328,55,63
3434,40,0.85,Bot4,1,55,button,12802310648810131328,55,63
3435,40,0.85,Bot1,1,26,button,11634525390714958431,26,45
3435,40,0.85,Bot2,1,26,button,11634525390714958431,26,45
3435,40,0.85,Bot3,1,26,button,11634525390714958431,26,45
3435,40,0.85,Bot4,1,26,button,11634525390714958431,26,45
3436,40,0.85,Bot1,1,11,button,16855228368626051513,11,38
3436,40,0.85,Bot2,1,11,button,16855228368626051513,11,38
3436,40,0.85,Bot3,1,11,button,16855228368626051513,11,38
3436,40,0.85,Bot4,1,11,button,16855228368626051513,11,38
3437,40,0.85,Bot1,0,28,caught_by_fire,16485052115854984174,73,35
3437,40,0.85,Bot2,0,50,caught_by_fire,16485052115854984174,73,35
3437,40,0.85,Bot3,0,48,caught_by_fire,16485052115854984174,73,35
3437,40,0.85,Bot4,0,50,caught_by_fire,16485052115854984174,73,35
3438,40,0.85,Bot1,1,23,button,3259934062799197815,23,44
3438,40,0.85,Bot2,1,23,button,3259934062799197815,23,44
3438,40,0.85,Bot3,1,23,button,3259934062799197815,23,44
3438,40,0.85,Bot4,1,23,button,3259934062799197815,23,44
3439,40,0.85,Bot1,0,30,caught_by_fire,16281075346793083188,75,45
3439,40,0.85,Bot2,0,36,caught_by_fire,16281075346793083188,75,45
3439,40,0.85,Bot3,0,36,caught_by_fire,16281075346793083188,75,45
3439,40,0.85,Bot4,0,36,caught_by_fire,16281075346793083188,75,45
3440,40,0.85,Bot1,1,24,button,15391564189156838524,24,27
3440,40,0.85,Bot2,1,24,button,15391564189156838524,24,27
3440,40,0.85,Bot3,1,24,button,15391564189156838524,24,27
3440,40,0.85,Bot4,1,24,button,15391564189156838524,24,27
3441,40,0.85,Bot1,1,51,button,16527230337777519535,51,57
3441,40,0.85,Bot2,1,51,button,16527230337777519535,51,57
3441,40,0.85,Bot3,1,51,button,16527230337777519535,51,57
3441,40,0.85,Bot4,1,51,button,16527230337777519535,51,57
3442,40,0.85,Bot1,0,28,caught_by_fire,83592395806241564,51,25
3442,40,0.85,Bot2,0,44,caught_by_fire,83592395806241564,51,25
3442,40,0.85,Bot3,0,44,caught_by_fire,83592395806241564,51,25
3442,40,0.85,Bot4,0,45,caught_by_fire,83592395806241564,51,25
3443,40,0.85,Bot1,0,28,caught_by_fire,5910584187365584955,38,16
3443,40,0.85,Bot2,0,38,caught_by_fire,5910584187365584955,38,16
3443,40,0.85,Bot3,0,38,caught_by_fire,5910584187365584955,38,16
3443,40,0.85,Bot4,0,38,caught_by_fire,5910584187365584955,38,16
3444,40,0.85,Bot1,0,44,caught_by_fire,13780707781364915088,46,5
3444,40,0.85,Bot2,0,44,caught_by_fire,13780707781364915088,46,5
3444,40,0.85,Bot3,0,44,caught_by_fire,13780707781364915088,46,5
3444,40,0.85,Bot4,0,44,caught_by_fire,13780707781364915088,46,5
3445,40,0.85,Bot1,1,13,button,2718975393293259010,13,14
3445,40,0.85,Bot2,1,13,button,2718975393293259010,13,14
3445,40,0.85,Bot3,1,13,button,2718975393293259010,13,14
3445,40,0.85,Bot4,1,13,button,2718975393293259010,13,14
3446,40,0.85,Bot1,0,29,caught_by_fire,14622992523439576970,30,22
3446,40,0.85,Bot2,0,30,caught_by_fire,14622992523439576970,30,22
3446,40,0.85,Bot3,0,30,caught_by_fire,14622992523439576970,30,22
3446,40,0.85,Bot4,0,29,caught_by_fire,14622992523439576970,30,22
3447,40,0.85,Bot1,0,14,caught_by_fire,10293813816286442805,21,13
3447,40,0.85,Bot2,0,17,caught_by_fire,10293813816286442805,21,13
3447,40,0.85,Bot3,0,18,caught_by_fire,10293813816286442805,21,13
3447,40,0.85,Bot4,0,21,caught_by_fire,10293813816286442805,21,13
3448,40,0.85,Bot1,1,20,button,7465662971875730743,20,54
3448,40,0.85,Bot2,1,20,button,7465662971875730743,20,54
3448,40,0.85,Bot3,1,20,button,7465662971875730743,20,54
3448,40,0.85,Bot4,1,20,button,7465662971875730743,20,54
3449,40,0.85,Bot1,0,5,caught_by_fire,16766530741904337480,23,20
3449,40,0.85,Bot2,0,6,caught_by_fire,16766530741904337480,23,20
3449,40,0.85,Bot3,0,6,caught_by_fire,16766530741904337480,23,20
3449,40,0.85,Bot4,0,6,caught_by_fire,16766530741904337480,23,20
3450,40,0.85,Bot1,1,27,button,10935477106199110803,27,31
3450,40,0.85,Bot2,1,27,button,10935477106199110803,27,31
3450,40,0.85,Bot3,1,27,button,10935477106199110803,27,31
3450,40,0.85,Bot4,1,27,button,10935477106199110803,27,31
3451,40,0.85,Bot1,1,34,button,15123473066172526359,34,35
3451,40,0.85,Bot2,1,34,button,15123473066172526359,34,35
3451,40,0.85,Bot3,1,34,button,15123473066172526359,34,35
3451,40,0.85,Bot4,1,34,button,15123473066172526359,34,35
3452,40,0.85,Bot1,1,27,button,17693541473309033700,27,41
3452,40,0.85,Bot2,1,27,button,17693541473309033700,27,41
3452,40,0.85,Bot3,1,27,button,17693541473309033700,27,41
3452,40,0.85,Bot4,1,27,button,17693541473309033700,27,41
3453,40,0.85,Bot1,0,8,walked_into_fire,16390624971126973856,49,40
3453,40,0.85,Bot2,0,40,caught_by_fire,16390624971126973856,49,40
3453,40,0.85,Bot3,0,46,caught_by_fire,16390624971126973856,49,40
3453,40,0.85,Bot4,0,24,caught_by_fire,16390624971126973856,49,40
3454,40,0.85,Bot1,0,14,caught_by_fire,1199967234845342199,50,26
3454,40,0.85,Bot2,0,43,caught_by_fire,1199967234845342199,50,26
3454,40,0.85,Bot3,0,43,caught_by_fire,1199967234845342199,50,26
3454,40,0.85,Bot4,0,43,caught_by_fire,1199967234845342199,50,26
3455,40,0.85,Bot1,1,23,button,4758931150183404492,23,60
3455,40,0.85,Bot2,1,23,button,4758931150183404492,23,60
3455,40,0.85,Bot3,1,23,button,4758931150183404492,23,60
3455,40,0.85,Bot4,1,23,button,4758931150183404492,23,60
3456,40,0.85,Bot1,1,17,button,14462650020113968750,17,29
3456,40,0.85,Bot2,1,17,button,14462650020113968750,17,29
3456,40,0.85,Bot3,1,17,button,14462650020113968750,17,29
3456,40,0.85,Bot4,1,17,button,14462650020113968750,17,29
3457,40,0.85,Bot1,1,32,button,14957149439561695396,32,51
3457,40,0.85,Bot2,1,32,button,14957149439561695396,32,51
3457,40,0.85,Bot3,1,32,button,14957149439561695396,32,51
3457,40,0.85,Bot4,1,32,button,14957149439561695396,32,51
3458,40,0.85,Bot1,1,2,button,12717141441878024389,2,1
3458,40,0.85,Bot2,0,2,caught_by_fire,12717141441878024389,2,1
3458,40,0.85,Bot3,1,2,button,12717141441878024389,2,1
3458,40,0.85,Bot4,1,2,button,12717141441878024389,2,1
3459,40,0.85,Bot1,1,36,button,15317711607301272652,36,42
3459,40,0.85,Bot2,1,36,button,15317711607301272652,36,42
3459,40,0.85,Bot3,1,36,button,15317711607301272652,36,42
3459,40,0.85,Bot4,1,36,button,15317711607301272652,36,42
3460,40,0.85,Bot1,1,9,button,6572626446662990671,9,40
3460,40,0.85,Bot2,1,9,button,6572626446662990671,9,40
3460,40,0.85,Bot3,1,9,button,6572626446662990671,9,40
3460,40,0.85,Bot4,1,9,button,6572626446662990671,9,40
3461,40,0.85,Bot1,0,3,caught_by_fire,13422566798275135467,35,33
3461,40,0.85,Bot2,0,7,caught_by_fire,13422566798275135467,35,33
3461,40,0.85,Bot3,0,10,caught_by_fire,13422566798275135467,35,33
3461,40,0.85,Bot4,0,10,caught_by_fire,13422566798275135467,35,33
3462,40,0.85,Bot1,1,30,button,31099328168452143,30,33
3462,40,0.85,Bot2,1,30,button,31099328168452143,30,33
3462,40,0.85,Bot3,1,30,button,31099328168452143,30,33
3462,40,0.85,Bot4,1,30,button,31099328168452143,30,33
3463,40,0.85,Bot1,0,17,caught_by_fire,14598607789827515597,47,17
3463,40,0.85,Bot2,0,28,caught_by_fire,14598607789827515597,47,17
3463,40,0.85,Bot3,0,26,caught_by_fire,14598607789827515597,47,17
3463,40,0.85,Bot4,0,28,caught_by_fire,14598607789827515597,47,17
3464,40,0.85,Bot1,0,14,walked_into_fire,3174313411190447538,59,42
3464,40,0.85,Bot2,0,35,caught_by_fire,3174313411190447538,59,42
3464,40,0.85,Bot3,0,32,caught_by_fire,3174313411190447538,59,42
3464,40,0.85,Bot4,0,35,caught_by_fire,3174313411190447538,59,42
3465,40,0.85,Bot1,0,30,caught_by_fire,11819891264084261320,37,29
3465,40,0.85,Bot2,0,30,caught_by_fire,11819891264084261320,37,29
3465,40,0.85,Bot3,0,33,caught_by_fire,11819891264084261320,37,29
3465,40,0.85,Bot4,0,32,caught_by_fire,11819891264084261320,37,29
3466,40,0.85,Bot1,0,43,walked_into_fire,10861007590274770821,76,8
3466,40,0.85,Bot2,0,85,caught_by_fire,10861007590274770821,76,8
3466,40,0.85,Bot3,0,85,caught_by_fire,10861007590274770821,76,8
3466,40,0.85,Bot4,0,85,caught_by_fire,10861007590274770821,76,8
3467,40,0.85,Bot1,0,46,walked_into_fire,4568435451583336548,54,37
3467,40,0.85,Bot2,0,52,caught_by_fire,4568435451583336548,54,37
3467,40,0.85,Bot3,0,52,caught_by_fire,4568435451583336548,54,37
3467,40,0.85,Bot4,0,52,caught_by_fire,4568435451583336548,54,37
3468,40,0.85,Bot1,0,29,caught_by_fire,692730296758687210,36,31
3468,40,0.85,Bot2,0,29,caught_by_fire,692730296758687210,36,31
3468,40,0.85,Bot3,0,29,caught_by_fire,692730296758687210,36,31
3468,40,0.85,Bot4,0,29,caught_by_fire,692730296758687210,36,31
3469,40,0.85,Bot1,1,35,button,5029111933319468876,35,39
3469,40,0.85,Bot2,1,35,button,5029111933319468876,35,39
3469,40,0.85,Bot3,1,35,button,5029111933319468876,35,39
3469,40,0.85,Bot4,1,35,button,5029111933319468876,35,39
3470,40,0.85,Bot1,1,21,button,18056399510128113129,21,49
3470,40,0.85,Bot2,1,21,button,18056399510128113129,21,49
3470,40,0.85,Bot3,1,21,button,18056399510128113129,21,49
3470,40,0.85,Bot4,1,21,button,18056399510128113129,21,49
3471,40,0.85,Bot1,1,16,button,14795969259091162547,16,26
3471,40,0.85,Bot2,1,16,button,14795969259091162547,16,26
3471,40,0.85,Bot3,1,16,button,14795969259091162547,16,26
3471,40,0.85,Bot4,1,16,button,14795969259091162547,16,26
3472,40,0.85,Bot1,0,21,walked_into_fire,14553963230831758378,51,27
3472,40,0.85,Bot2,0,32,caught_by_fire,14553963230831758378,51,27
3472,40,0.85,Bot3,0,37,caught_by_fire,14553963230831758378,51,27
3472,40,0.85,Bot4,0,33,caught_by_fire,14553963230831758378,51,27
3473,40,0.85,Bot1,0,17,walked_into_fire,1692660061943270794,39,13
3473,40,0.85,Bot2,0,18,caught_by_fire,1692660061943270794,39,13
3473,40,0.85,Bot3,0,18,caught_by_fire,1692660061943270794,39,13
3473,40,0.85,Bot4,0,18,caught_by_fire,1692660061943270794,39,13
3474,40,0.85,Bot1,0,13,caught_by_fire,10658298974230506554,48,32
3474,40,0.85,Bot2,0,29,caught_by_fire,10658298974230506554,48,32
3474,40,0.85,Bot3,0,29,caught_by_fire,10658298974230506554,48,32
3474,40,0.85,Bot4,0,29,caught_by_fire,10658298974230506554,48,32
3475,40,0.85,Bot1,0,44,caught_by_fire,18034116321485362924,49,37
3475,40,0.85,Bot2,0,49,caught_by_fire,18034116321485362924,49,37
3475,40,0.85,Bot3,0,49,caught_by_fire,18034116321485362924,49,37
3475,40,0.85,Bot4,0,49,caught_by_fire,18034116321485362924,49,37
3476,40,0.85,Bot1,0,12,walked_into_fire,5883219653206807362,63,44
3476,40,0.85,Bot2,0,28,caught_by_fire,5883219653206807362,63,44
3476,40,0.85,Bot3,0,26,caught_by_fire,5883219653206807362,63,44
3476,40,0.85,Bot4,0,32,caught_by_fire,5883219653206807362,63,44
3477,40,0.85,Bot1,0,18,walked_into_fire,4456701880008462039,53,36
3477,40,0.85,Bot2,0,18,caught_by_fire,4456701880008462039,53,36
3477,40,0.85,Bot3,0,18,caught_by_fire,4456701880008462039,53,36
3477,40,0.85,Bot4,0,18,caught_by_fire,4456701880008462039,53,36
3478,40,0.85,Bot1,1,11,button,17817390944333529192,11,30
3478,40,0.85,Bot2,1,11,button,17817390944333529192,11,30
3478,40,0.85,Bot3,1,11,button,17817390944333529192,11,30
3478,40,0.85,Bot4,1,11,button,17817390944333529192,11,30
3479,40,0.85,Bot1,0,5,walked_into_fire,3005861220084193741,29,22
3479,40,0.85,Bot2,0,10,caught_by_fire,3005861220084193741,29,22
3479,40,0.85,Bot3,0,30,caught_by_fire,3005861220084193741,29,22
3479,40,0.85,Bot4,0,10,caught_by_fire,3005861220084193741,29,22
3480,40,0.85,Bot1,1,21,button,11600643394790285620,21,18
3480,40,0.85,Bot2,0,21,caught_by_fire,11600643394790285620,21,18
3480,40,0.85,Bot3,1,21,button,11600643394790285620,21,18
3480,40,0.85,Bot4,1,21,button,11600643394790285620,21,18
3481,40,0.85,Bot1,1,23,button,901316149951009773,23,43
3481,40,0.85,Bot2,1,23,button,901316149951009773,23,43
3481,40,0.85,Bot3,1,23,button,901316149951009773,23,43
3481,40,0.85,Bot4,1,23,button,901316149951009773,23,43
3482,40,0.85,Bot1,0,22,walked_into_fire,9477644657619735366,33,9
3482,40,0.85,Bot2,0,38,caught_by_fire,9477644657619735366,33,9
3482,40,0.85,Bot3,0,38,caught_by_fire,9477644657619735366,33,9
3482,40,0.85,Bot4,0,37,caught_by_fire,9477644657619735366,33,9
3483,40,0.85,Bot1,0,12,walked_into_fire,355292883326847186,58,51
3483,40,0.85,Bot2,0,12,caught_by_fire,355292883326847186,58,51
3483,40,0.85,Bot3,0,51,caught_by_fire,355292883326847186,58,51
3483,40,0.85,Bot4,0,12,caught_by_fire,355292883326847186,58,51
3484,40,0.85,Bot1,1,38,button,5039897692653201488,38,45
3484,40,0.85,Bot2,1,38,button,5039897692653201488,38,45
3484,40,0.85,Bot3,1,38,button,5039897692653201488,38,45
3484,40,0.85,Bot4,1,38,button,5039897692653201488,38,45
3485,40,0.85,Bot1,0,21,caught_by_fire,14177382353596971244,41,32
3485,40,0.85,Bot2,0,29,caught_by_fire,14177382353596971244,41,32
3485,40,0.85,Bot3,0,31,caught_by_fire,14177382353596971244,41,32
3485,40,0.85,Bot4,0,29,caught_by_fire,14177382353596971244,41,32
3486,40,0.85,Bot1,0,28,caught_by_fire,8735377540856560240,55,16
3486,40,0.85,Bot2,0,40,caught_by_fire,8735377540856560240,55,16
3486,40,0.85,Bot3,0,40,caught_by_fire,8735377540856560240,55,16
3486,40,0.85,Bot4,0,38,caught_by_fire,8735377540856560240,55,16
3487,40,0.85,Bot1,1,26,button,18215914689900667384,26,60
3487,40,0.85,Bot2,1,26,button,18215914689900667384,26,60
3487,40,0.85,Bot3,1,26,button,18215914689900667384,26,60
3487,40,0.85,Bot4,1,26,button,18215914689900667384,26,60
3488,40,0.85,Bot1,1,35,button,1736628631782595138,35,54
3488,40,0.85,Bot2,1,35,button,1736628631782595138,35,54
3488,40,0.85,Bot3,1,35,button,1736628631782595138,35,54
3488,40,0.85,Bot4,1,35,button,1736628631782595138,35,54
3489,40,0.85,Bot1,1,21,button,11012879189433189606,21,26
3489,40,0.85,Bot2,1,21,button,11012879189433189606,21,26
3489,40,0.85,Bot3,1,21,button,11012879189433189606,21,26
3489,40,0.85,Bot4,1,21,button,11012879189433189606,21,26
3490,40,0.85,Bot1,0,47,walked_into_fire,2583994465594210238,57,38
3490,40,0.85,Bot2,0,45,caught_by_fire,2583994465594210238,57,38
3490,40,0.85,Bot3,0,49,caught_by_fire,2583994465594210238,57,38
3490,40,0.85,Bot4,0,49,caught_by_fire,2583994465594210238,57,38
3491,40,0.85,Bot1,0,11,walked_into_fire,7027722767090722952,36,18
3491,40,0.85,Bot2,0,17,caught_by_fire,7027722767090722952,36,18
3491,40,0.85,Bot3,0,17,caught_by_fire,7027722767090722952,36,18
3491,40,0.85,Bot4,0,17,caught_by_fire,7027722767090722952,36,18
3492,40,0.85,Bot1,0,21,walked_into_fire,10572786572470274986,54,20
3492,40,0.85,Bot2,0,23,caught_by_fire,10572786572470274986,54,20
3492,40,0.85,Bot3,0,25,caught_by_fire,10572786572470274986,54,20
3492,40,0.85,Bot4,0,23,caught_by_fire,10572786572470274986,54,20
3493,40,0.85,Bot1,1,45,button,6269675845338059103,45,55
3493,40,0.85,Bot2,1,45,button,6269675845338059103,45,55
3493,40,0.85,Bot3,1,45,button,6269675845338059103,45,55
3493,40,0.85,Bot4,1,45,button,6269675845338059103,45,55
3494,40,0.85,Bot1,0,27,walked_into_fire,16950980209233542447,45,22
3494,40,0.85,Bot2,0,30,caught_by_fire,16950980209233542447,45,22
3494,40,0.85,Bot3,0,35,caught_by_fire,16950980209233542447,45,22
3494,40,0.85,Bot4,0,29,caught_by_fire,16950980209233542447,45,22
3495,40,0.85,Bot1,0,23,caught_by_fire,16921804580053352583,52,17
3495,40,0.85,Bot2,0,25,caught_by_fire,16921804580053352583,52,17
3495,40,0.85,Bot3,0,25,caught_by_fire,16921804580053352583,52,17
3495,40,0.85,Bot4,0,25,caught_by_fire,16921804580053352583,52,17
3496,40,0.85,Bot1,1,23,button,1564562932436628224,23,28
3496,40,0.85,Bot2,1,23,button,1564562932436628224,23,28
3496,40,0.85,Bot3,1,23,button,1564562932436628224,23,28
3496,40,0.85,Bot4,1,23,button,1564562932436628224,23,28
3497,40,0.85,Bot1,0,36,caught_by_fire,15384198198753874742,55,17
3497,40,0.85,Bot2,0,52,caught_by_fire,15384198198753874742,55,17
3497,40,0.85,Bot3,0,52,caught_by_fire,15384198198753874742,55,17
3497,40,0.85,Bot4,0,53,caught_by_fire,15384198198753874742,55,17
3498,40,0.85,Bot1,0,15,caught_by_fire,16328993447587538685,56,45
3498,40,0.85,Bot2,0,15,caught_by_fire,16328993447587538685,56,45
3498,40,0.85,Bot3,0,23,caught_by_fire,16328993447587538685,56,45
3498,40,0.85,Bot4,0,15,caught_by_fire,16328993447587538685,56,45
3499,40,0.85,Bot1,0,38,caught_by_fire,10315524089768870700,40,31
3499,40,0.85,Bot2,0,43,caught_by_fire,10315524089768870700,40,31
3499,40,0.85,Bot3,0,43,caught_by_fire,10315524089768870700,40,31
3499,40,0.85,Bot4,0,41,caught_by_fire,10315524089768870700,40,31
3500,40,0.85,Bot1,0,18,walked_into_fire,12720363329494056025,28,8
3500,40,0.85,Bot2,0,25,caught_by_fire,12720363329494056025,28,8
3500,40,0.85,Bot3,0,25,caught_by_fire,12720363329494056025,28,8
3500,40,0.85,Bot4,0,29,caught_by_fire,12720363329494056025,28,8
3501,40,0.85,Bot1,1,43,button,2674195169211378528,43,47
3501,40,0.85,Bot2,1,43,button,2674195169211378528,43,47
3501,40,0.85,Bot3,1,43,button,2674195169211378528,43,47
3501,40,0.85,Bot4,1,43,button,2674195169211378528,43,47
3502,40,0.85,Bot1,0,14,walked_into_fire,9896736650231766215,61,49
3502,40,0.85,Bot2,0,20,caught_by_fire,9896736650231766215,61,49
3502,40,0.85,Bot3,0,49,caught_by_fire,9896736650231766215,61,49
3502,40,0.85,Bot4,0,20,caught_by_fire,9896736650231766215,61,49
3503,40,0.85,Bot1,1,49,button,13851591272164540377,49,61
3503,40,0.85,Bot2,1,49,button,13851591272164540377,49,61
3503,40,0.85,Bot3,1,49,button,13851591272164540377,49,61
3503,40,0.85,Bot4,1,49,button,13851591272164540377,49,61
3504,40,0.85,Bot1,1,20,button,7160922440621270790,20,50
3504,40,0.85,Bot2,1,20,button,7160922440621270790,20,50
3504,40,0.85,Bot3,1,20,button,7160922440621270790,20,50
3504,40,0.85,Bot4,1,20,button,7160922440621270790,20,50
3505,40,0.85,Bot1,1,23,button,6405301371942067270,23,26
3505,40,0.85,Bot2,1,23,button,6405301371942067270,23,26
3505,40,0.85,Bot3,1,23,button,6405301371942067270,23,26
3505,40,0.85,Bot4,1,23,button,6405301371942067270,23,26
3506,40,0.85,Bot1,0,40,walked_into_fire,8074140129239256420,64,15
3506,40,0.85,Bot2,0,65,caught_by_fire,8074140129239256420,64,15
3506,40,0.85,Bot3,0,65,caught_by_fire,8074140129239256420,64,15
3506,40,0.85,Bot4,0,67,caught_by_fire,8074140129239256420,64,15
3507,40,0.85,Bot1,0,5,caught_by_fire,146713643068719730,36,31
3507,40,0.85,Bot2,0,18,caught_by_fire,146713643068719730,36,31
3507,40,0.85,Bot3,0,20,caught_by_fire,146713643068719730,36,31
3507,40,0.85,Bot4,0,18,caught_by_fire,146713643068719730,36,31
3508,40,0.85,Bot1,1,38,button,11369455613974287113,38,50
3508,40,0.85,Bot2,1,38,button,11369455613974287113,38,50
3508,40,0.85,Bot3,1,38,button,11369455613974287113,38,50
3508,40,0.85,Bot4,1,38,button,11369455613974287113,38,50
3509,40,0.85,Bot1,0,11,caught_by_fire,1393369528349769069,44,26
3509,40,0.85,Bot2,0,28,caught_by_fire,1393369528349769069,44,26
3509,40,0.85,Bot3,0,28,caught_by_fire,1393369528349769069,44,26
3509,40,0.85,Bot4,0,28,caught_by_fire,1393369528349769069,44,26
3510,40,0.85,Bot1,1,45,button,2224539458508308446,45,55
3510,40,0.85,Bot2,1,45,button,2224539458508308446,45,55
3510,40,0.85,Bot3,1,45,button,2224539458508308446,45,55
3510,40,0.85,Bot4,1,45,button,2224539458508308446,45,55
3511,40,0.85,Bot1,1,18,button,7720854926639888876,18,28
3511,40,0.85,Bot2,1,18,button,7720854926639888876,18,28
3511,40,0.85,Bot3,1,18,button,7720854926639888876,18,28
3511,40,0.85,Bot4,1,18,button,7720854926639888876,18,28
3512,40,0.85,Bot1,1,25,button,1294262961269144907,25,29
3512,40,0.85,Bot2,1,25,button,1294262961269144907,25,29
3512,40,0.85,Bot3,1,25,button,1294262961269144907,25,29
3512,40,0.85,Bot4,1,25,button,1294262961269144907,25,29
3513,40,0.85,Bot1,0,22,walked_into_fire,10713219068368926563,29,11
3513,40,0.85,Bot2,0,31,caught_by_fire,10713219068368926563,29,11
3513,40,0.85,Bot3,0,31,caught_by_fire,10713219068368926563,29,11
3513,40,0.85,Bot4,0,33,caught_by_fire,10713219068368926563,29,11
3514,40,0.85,Bot1,0,25,caught_by_fire,14806015130133660738,36,12
3514,40,0.85,Bot2,0,31,caught_by_fire,14806015130133660738,36,12
3514,40,0.85,Bot3,0,31,caught_by_fire,14806015130133660738,36,12
3514,40,0.85,Bot4,0,31,caught_by_fire,14806015130133660738,36,12
3515,40,0.85,Bot1,0,26,walked_into_fire,2551460701654840408,28,20
3515,40,0.85,Bot2,0,29,caught_by_fire,2551460701654840408,28,20
3515,40,0.85,Bot3,0,29,caught_by_fire,2551460701654840408,28,20
3515,40,0.85,Bot4,0,28,caught_by_fire,2551460701654840408,28,20
3516,40,0.85,Bot1,1,28,button,3669216600734233226,28,45
3516,40,0.85,Bot2,1,28,button,3669216600734233226,28,45
3516,40,0.85,Bot3,1,28,button,3669216600734233226,28,45
3516,40,0.85,Bot4,1,28,button,3669216600734233226,28,45
3517,40,0.85,Bot1,0,9,walked_into_fire,13779801117198823918,51,36
3517,40,0.85,Bot2,0,13,caught_by_fire,13779801117198823918,51,36
3517,40,0.85,Bot3,0,13,caught_by_fire,13779801117198823918,51,36
3517,40,0.85,Bot4,0,13,caught_by_fire,13779801117198823918,51,36
3518,40,0.85,Bot1,1,23,button,11947876641647429162,23,39
3518,40,0.85,Bot2,1,23,button,11947876641647429162,23,39
3518,40,0.85,Bot3,1,23,button,11947876641647429162,23,39
3518,40,0.85,Bot4,1,23,button,11947876641647429162,23,39
3519,40,0.85,Bot1,1,34,button,10445570100234604419,34,50
3519,40,0.85,Bot2,1,34,button,10445570100234604419,34,50
3519,40,0.85,Bot3,1,34,button,10445570100234604419,34,50
3519,40,0.85,Bot4,1,34,button,10445570100234604419,34,50
3520,40,0.85,Bot1,1,44,button,11148334954673873835,44,48
3520,40,0.85,Bot2,1,44,button,11148334954673873835,44,48
3520,40,0.85,Bot3,1,44,button,11148334954673873835,44,48
3520,40,0.85,Bot4,1,44,button,11148334954673873835,44,48
3521,40,0.85,Bot1,1,7,button,2319717648480707878,7,44
3521,40,0.85,Bot2,1,7,button,2319717648480707878,7,44
3521,40,0.85,Bot3,1,7,button,2319717648480707878,7,44
3521,40,0.85,Bot4,1,7,button,2319717648480707878,7,44
3522,40,0.85,Bot1,1,14,button,2225110181389327269,14,22
3522,40,0.85,Bot2,1,14,button,2225110181389327269,14,22
3522,40,0.85,Bot3,1,14,button,2225110181389327269,14,22
3522,40,0.85,Bot4,1,14,button,2225110181389327269,14,22
3523,40,0.85,Bot1,1,52,button,4294257949998970323,52,52
3523,40,0.85,Bot2,1,52,button,4294257949998970323,52,52
3523,40,0.85,Bot3,1,52,button,4294257949998970323,52,52
3523,40,0.85,Bot4,1,52,button,4294257949998970323,52,52
3524,40,0.85,Bot1,1,19,button,11630858170146296301,19,50
3524,40,0.85,Bot2,1,19,button,11630858170146296301,19,50
3524,40,0.85,Bot3,1,19,button,11630858170146296301,19,50
3524,40,0.85,Bot4,1,19,button,11630858170146296301,19,50
3525,40,0.85,Bot1,0,30,caught_by_fire,6340821848481105320,40,27
3525,40,0.85,Bot2,0,30,caught_by_fire,6340821848481105320,40,27
3525,40,0.85,Bot3,0,35,caught_by_fire,6340821848481105320,40,27
3525,40,0.85,Bot4,0,30,caught_by_fire,6340821848481105320,40,27
3526,40,0.85,Bot1,0,25,caught_by_fire,7699920833165663487,26,23
3526,40,0.85,Bot2,0,26,caught_by_fire,7699920833165663487,26,23
3526,40,0.85,Bot3,0,26,caught_by_fire,7699920833165663487,26,23
3526,40,0.85,Bot4,0,25,caught_by_fire,7699920833165663487,26,23
3527,40,0.85,Bot1,1,36,button,2444273245519648857,36,42
3527,40,0.85,Bot2,1,36,button,2444273245519648857,36,42
3527,40,0.85,Bot3,1,36,button,2444273245519648857,36,42
3527,40,0.85,Bot4,1,36,button,2444273245519648857,36,42
3528,40,0.85,Bot1,1,27,button,4553481783454565782,27,37
3528,40,0.85,Bot2,1,27,button,4553481783454565782,27,37
3528,40,0.85,Bot3,1,27,button,4553481783454565782,27,37
3528,40,0.85,Bot4,1,27,button,4553481783454565782,27,37
3529,40,0.85,Bot1,1,29,button,605969717846402974,29,53
3529,40,0.85,Bot2,1,29,button,605969717846402974,29,53
3529,40,0.85,Bot3,1,29,button,605969717846402974,29,53
3529,40,0.85,Bot4,1,29,button,605969717846402974,29,53
3530,40,0.85,Bot1,1,18,button,1629308168603122153,18,28
3530,40,0.85,Bot2,1,18,button,1629308168603122153,18,28
3530,40,0.85,Bot3,1,18,button,1629308168603122153,18,28
3530,40,0.85,Bot4,1,18,button,1629308168603122153,18,28
3531,40,0.85,Bot1,1,21,button,7954651573166938941,21,56
3531,40,0.85,Bot2,1,21,button,7954651573166938941,21,56
3531,40,0.85,Bot3,1,21,button,7954651573166938941,21,56
3531,40,0.85,Bot4,1,21,button,7954651573166938941,21,56
3532,40,0.85,Bot1,1,31,button,13959198680012983568,31,32
3532,40,0.85,Bot2,1,31,button,13959198680012983568,31,32
3532,40,0.85,Bot3,1,31,button,13959198680012983568,31,32
3532,40,0.85,Bot4,1,31,button,13959198680012983568,31,32
3533,40,0.85,Bot1,1,28,button,11911454193609951641,28,40
3533,40,0.85,Bot2,1,28,button,11911454193609951641,28,40
3533,40,0.85,Bot3,1,28,button,11911454193609951641,28,40
3533,40,0.85,Bot4,1,28,button,11911454193609951641,28,40
3534,40,0.85,Bot1,0,24,caught_by_fire,15441589455147906153,53,8
3534,40,0.85,Bot2,0,39,caught_by_fire,15441589455147906153,53,8
3534,40,0.85,Bot3,0,39,caught_by_fire,15441589455147906153,53,8
3534,40,0.85,Bot4,0,37,caught_by_fire,15441589455147906153,53,8
3535,40,0.85,Bot1,0,26,walked_into_fire,6142349112868092668,39,10
3535,40,0.85,Bot2,0,43,caught_by_fire,6142349112868092668,39,10
3535,40,0.85,Bot3,0,43,caught_by_fire,6142349112868092668,39,10
3535,40,0.85,Bot4,0,42,caught_by_fire,6142349112868092668,39,10
3536,40,0.85,Bot1,0,34,walked_into_fire,15870363908214906407,36,31
3536,40,0.85,Bot2,0,36,caught_by_fire,15870363908214906407,36,31
3536,40,0.85,Bot3,0,40,caught_by_fire,15870363908214906407,36,31
3536,40,0.85,Bot4,0,37,caught_by_fire,15870363908214906407,36,31
3537,40,0.85,Bot1,0,29,walked_into_fire,12202283774130547415,49,42
3537,40,0.85,Bot2,0,51,caught_by_fire,12202283774130547415,49,42
3537,40,0.85,Bot3,0,53,caught_by_fire,12202283774130547415,49,42
3537,40,0.85,Bot4,0,52,caught_by_fire,12202283774130547415,49,42
3538,40,0.85,Bot1,1,21,button,1001927226831666709,21,32
3538,40,0.85,Bot2,1,21,button,1001927226831666709,21,32
3538,40,0.85,Bot3,1,21,button,1001927226831666709,21,32
3538,40,0.85,Bot4,1,21,button,1001927226831666709,21,32
3539,40,0.85,Bot1,1,39,button,114398212157680576,39,48
3539,40,0.85,Bot2,1,39,button,114398212157680576,39,48
3539,40,0.85,Bot3,1,39,button,114398212157680576,39,48
3539,40,0.85,Bot4,1,39,button,114398212157680576,39,48
3540,40,0.85,Bot1,0,12,caught_by_fire,15876119834392423110,34,16
3540,40,0.85,Bot2,0,23,caught_by_fire,15876119834392423110,34,16
3540,40,0.85,Bot3,0,25,caught_by_fire,15876119834392423110,34,16
3540,40,0.85,Bot4,0,23,caught_by_fire,15876119834392423110,34,16
3541,40,0.85,Bot1,1,32,button,4062062924274373754,32,49
3541,40,0.85,Bot2,1,32,button,4062062924274373754,32,49
3541,40,0.85,Bot3,1,32,button,4062062924274373754,32,49
3541,40,0.85,Bot4,1,32,button,4062062924274373754,32,49
3542,40,0.85,Bot1,0,21,caught_by_fire,2934063765128300904,37,5
3542,40,0.85,Bot2,0,37,caught_by_fire,2934063765128300904,37,5
3542,40,0.85,Bot3,0,37,caught_by_fire,2934063765128300904,37,5
3542,40,0.85,Bot4,0,36,caught_by_fire,2934063765128300904,37,5
3543,40,0.85,Bot1,1,36,button,11427072560345765696,36,31
3543,40,0.85,Bot2,1,36,button,11427072560345765696,36,31
3543,40,0.85,Bot3,1,36,button,11427072560345765696,36,31
3543,40,0.85,Bot4,1,36,button,11427072560345765696,36,31
3544,40,0.85,Bot1,1,21,button,5073692411899633507,21,21
3544,40,0.85,Bot2,1,21,button,5073692411899633507,21,21
3544,40,0.85,Bot3,1,21,button,5073692411899633507,21,21
3544,40,0.85,Bot4,1,21,button,5073692411899633507,21,21
3545,40,0.85,Bot1,1,45,button,9075244971308168427,45,54
3545,40,0.85,Bot2,1,45,button,9075244971308168427,45,54
3545,40,0.85,Bot3,1,45,button,9075244971308168427,45,54
3545,40,0.85,Bot4,1,45,button,9075244971308168427,45,54
3546,40,0.85,Bot1,1,17,button,13946042289887644013,17,34
3546,40,0.85,Bot2,1,17,button,13946042289887644013,17,34
3546,40,0.85,Bot3,1,17,button,13946042289887644013,17,34
3546,40,0.85,Bot4,1,17,button,13946042289887644013,17,34
3547,40,0.85,Bot1,0,17,caught_by_fire,14253026153407662062,36,23
3547,40,0.85,Bot2,0,26,caught_by_fire,14253026153407662062,36,23
3547,40,0.85,Bot3,0,28,caught_by_fire,14253026153407662062,36,23
3547,40,0.85,Bot4,0,26,caught_by_fire,14253026153407662062,36,23
3548,40,0.85,Bot1,0,24,caught_by_fire,1699236148242880732,37,7
3548,40,0.85,Bot2,0,41,caught_by_fire,1699236148242880732,37,7
3548,40,0.85,Bot3,0,41,caught_by_fire,1699236148242880732,37,7
3548,40,0.85,Bot4,0,39,caught_by_fire,1699236148242880732,37,7
3549,40,0.85,Bot1,1,18,button,8382736736972391730,18,23
3549,40,0.85,Bot2,1,18,button,8382736736972391730,18,23
3549,40,0.85,Bot3,1,18,button,8382736736972391730,18,23
3549,40,0.85,Bot4,1,18,button,8382736736972391730,18,23
3550,40,0.85,Bot1,1,5,button,13991749833961954304,5,20
3550,40,0.85,Bot2,1,5,button,13991749833961954304,5,20
3550,40,0.85,Bot3,1,5,button,13991749833961954304,5,20
3550,40,0.85,Bot4,1,5,button,13991749833961954304,5,20
3551,40,0.85,Bot1,1,52,button,12761432603867525581,52,61
3551,40,0.85,Bot2,1,52,button,12761432603867525581,52,61
3551,40,0.85,Bot3,1,52,button,12761432603867525581,52,61
3551,40,0.85,Bot4,1,52,button,12761432603867525581,52,61
3552,40,0.85,Bot1,1,6,button,10735366330673900895,6,26
3552,40,0.85,Bot2,1,6,button,10735366330673900895,6,26
3552,40,0.85,Bot3,1,6,button,10735366330673900895,6,26
3552,40,0.85,Bot4,1,6,button,10735366330673900895,6,26
3553,40,0.85,Bot1,0,24,walked_into_fire,8573081919257660980,35,29
3553,40,0.85,Bot2,0,26,caught_by_fire,8573081919257660980,35,29
3553,40,0.85,Bot3,0,26,caught_by_fire,8573081919257660980,35,29
3553,40,0.85,Bot4,0,26,caught_by_fire,8573081919257660980,35,29
3554,40,0.85,Bot1,0,14,walked_into_fire,4211911722599739418,42,32
3554,40,0.85,Bot2,0,38,caught_by_fire,4211911722599739418,42,32
3554,40,0.85,Bot3,0,44,caught_by_fire,4211911722599739418,42,32
3554,40,0.85,Bot4,0,38,caught_by_fire,4211911722599739418,42,32
3555,40,0.85,Bot1,0,22,walked_into_fire,17428236795994572410,57,37
3555,40,0.85,Bot2,0,31,caught_by_fire,17428236795994572410,57,37
3555,40,0.85,Bot3,0,33,caught_by_fire,17428236795994572410,57,37
3555,40,0.85,Bot4,0,31,caught_by_fire,17428236795994572410,57,37
3556,40,0.85,Bot1,0,32,caught_by_fire,5321299181302071997,58,36
3556,40,0.85,Bot2,0,44,caught_by_fire,5321299181302071997,58,36
3556,40,0.85,Bot3,0,46,caught_by_fire,5321299181302071997,58,36
3556,40,0.85,Bot4,0,42,caught_by_fire,5321299181302071997,58,36
3557,40,0.85,Bot1,0,34,caught_by_fire,15363452568583563641,63,30
3557,40,0.85,Bot2,0,45,caught_by_fire,15363452568583563641,63,30
3557,40,0.85,Bot3,0,47,caught_by_fire,15363452568583563641,63,30
3557,40,0.85,Bot4,0,46,caught_by_fire,15363452568583563641,63,30
3558,40,0.85,Bot1,1,17,button,16660079697287891651,17,26
3558,40,0.85,Bot2,1,17,button,16660079697287891651,17,26
3558,40,0.85,Bot3,1,17,button,16660079697287891651,17,26
3558,40,0.85,Bot4,1,17,button,16660079697287891651,17,26
3559,40,0.85,Bot1,1,43,button,1471135248005631838,43,52
3559,40,0.85,Bot2,1,43,button,1471135248005631838,43,52
3559,40,0.85,Bot3,1,43,button,1471135248005631838,43,52
3559,40,0.85,Bot4,1,43,button,1471135248005631838,43,52
3560,40,0.85,Bot1,0,36,walked_into_fire,1045104752406940484,46,23
3560,40,0.85,Bot2,0,46,caught_by_fire,1045104752406940484,46,23
3560,40,0.85,Bot3,0,46,caught_by_fire,1045104752406940484,46,23
3560,40,0.85,Bot4,0,46,caught_by_fire,1045104752406940484,46,23
3561,40,0.85,Bot1,0,30,walked_into_fire,4543183554307325048,49,34
3561,40,0.85,Bot2,0,36,caught_by_fire,4543183554307325048,49,34
3561,40,0.85,Bot3,0,38,caught_by_fire,4543183554307325048,49,34
3561,40,0.85,Bot4,0,38,caught_by_fire,4543183554307325048,49,34
3562,40,0.85,Bot1,1,53,button,13826865168669373577,53,47
3562,40,0.85,Bot2,0,53,caught_by_fire,13826865168669373577,53,47
3562,40,0.85,Bot3,1,53,button,13826865168669373577,53,47
3562,40,0.85,Bot4,1,53,button,13826865168669373577,53,47
3563,40,0.85,Bot1,1,17,button,16838061574130593566,17,28
3563,40,0.85,Bot2,1,17,button,16838061574130593566,17,28
3563,40,0.85,Bot3,1,17,button,16838061574130593566,17,28
3563,40,0.85,Bot4,1,17,button,16838061574130593566,17,28
3564,40,0.85,Bot1,1,20,button,12671566659183139023,20,46
3564,40,0.85,Bot2,1,20,button,12671566659183139023,20,46
3564,40,0.85,Bot3,1,20,button,12671566659183139023,20,46
3564,40,0.85,Bot4,1,20,button,12671566659183139023,20,46
3565,40,0.85,Bot1,0,21,walked_into_fire,573725363927249286,49,15
3565,40,0.85,Bot2,0,28,caught_by_fire,573725363927249286,49,15
3565,40,0.85,Bot3,0,28,caught_by_fire,573725363927249286,49,15
3565,40,0.85,Bot4,0,28,caught_by_fire,573725363927249286,49,15
3566,40,0.85,Bot1,1,20,button,16597936935051974162,20,41
3566,40,0.85,Bot2,1,20,button,16597936935051974162,20,41
3566,40,0.85,Bot3,1,20,button,16597936935051974162,20,41
3566,40,0.85,Bot4,1,20,button,16597936935051974162,20,41
3567,40,0.85,Bot1,1,33,button,2180494518742537088,33,37
3567,40,0.85,Bot2,1,33,button,2180494518742537088,33,37
3567,40,0.85,Bot3,1,33,button,2180494518742537088,33,37
3567,40,0.85,Bot4,1,33,button,2180494518742537088,33,37
3568,40,0.85,Bot1,0,8,caught_by_fire,3006100666477529888,19,3
3568,40,0.85,Bot2,0,14,caught_by_fire,3006100666477529888,19,3
3568,40,0.85,Bot3,0,14,caught_by_fire,3006100666477529888,19,3
3568,40,0.85,Bot4,0,13,caught_by_fire,3006100666477529888,19,3
3569,40,0.85,Bot1,1,31,button,9199619089253870441,31,33
3569,40,0.85,Bot2,1,31,button,9199619089253870441,31,33
3569,40,0.85,Bot3,1,31,button,9199619089253870441,31,33
3569,40,0.85,Bot4,1,31,button,9199619089253870441,31,33
3570,40,0.85,Bot1,0,29,caught_by_fire,14253379655372075349,51,40
3570,40,0.85,Bot2,0,52,caught_by_fire,14253379655372075349,51,40
3570,40,0.85,Bot3,0,52,caught_by_fire,14253379655372075349,51,40
3570,40,0.85,Bot4,0,52,caught_by_fire,14253379655372075349,51,40
3571,40,0.85,Bot1,1,41,button,6886684613680368398,41,42
3571,40,0.85,Bot2,1,41,button,6886684613680368398,41,42
3571,40,0.85,Bot3,1,41,button,6886684613680368398,41,42
3571,40,0.85,Bot4,1,41,button,6886684613680368398,41,42
3572,40,0.85,Bot1,1,30,button,15880290545410958987,30,31
3572,40,0.85,Bot2,1,30,button,15880290545410958987,30,31
3572,40,0.85,Bot3,1,30,button,15880290545410958987,30,31
3572,40,0.85,Bot4,1,30,button,15880290545410958987,30,31
3573,40,0.85,Bot1,1,29,button,12912993572244843819,29,48
3573,40,0.85,Bot2,1,29,button,12912993572244843819,29,48
3573,40,0.85,Bot3,1,29,button,12912993572244843819,29,48
3573,40,0.85,Bot4,1,29,button,12912993572244843819,29,48
3574,40,0.85,Bot1,0,31,caught_by_fire,9869348678106132776,42,33
3574,40,0.85,Bot2,0,38,caught_by_fire,9869348678106132776,42,33
3574,40,0.85,Bot3,0,38,caught_by_fire,9869348678106132776,42,33
3574,40,0.85,Bot4,0,39,caught_by_fire,9869348678106132776,42,33
3575,40,0.85,Bot1,1,17,button,6977215139251113191,17,23
3575,40,0.85,Bot2,1,17,button,6977215139251113191,17,23
3575,40,0.85,Bot3,1,17,button,6977215139251113191,17,23
3575,40,0.85,Bot4,1,17,button,6977215139251113191,17,23
3576,40,0.85,Bot1,1,40,button,17931304943930714276,40,40
3576,40,0.85,Bot2,1,40,button,17931304943930714276,40,40
3576,40,0.85,Bot3,1,40,button,17931304943930714276,40,40
3576,40,0.85,Bot4,1,40,button,17931304943930714276,40,40
3577,40,0.85,Bot1,1,9,button,17062901749978449175,9,18
3577,40,0.85,Bot2,1,9,button,17062901749978449175,9,18
3577,40,0.85,Bot3,1,9,button,17062901749978449175,9,18
3577,40,0.85,Bot4,1,9,button,17062901749978449175,9,18
3578,40,0.85,Bot1,1,43,button,82026483148466928,43,42
3578,40,0.85,Bot2,1,43,button,82026483148466928,43,42
3578,40,0.85,Bot3,1,43,button,82026483148466928,43,42
3578,40,0.85,Bot4,1,43,button,82026483148466928,43,42
3579,40,0.85,Bot1,1,14,button,8779490342274676890,14,30
3579,40,0.85,Bot2,1,14,button,8779490342274676890,14,30
3579,40,0.85,Bot3,1,14,button,8779490342274676890,14,30
3579,40,0.85,Bot4,1,14,button,8779490342274676890,14,30
3580,40,0.85,Bot1,1,31,button,8568854988341007040,31,64
3580,40,0.85,Bot2,1,31,button,8568854988341007040,31,64
3580,40,0.85,Bot3,1,31,button,8568854988341007040,31,64
3580,40,0.85,Bot4,1,31,button,8568854988341007040,31,64
3581,40,0.85,Bot1,1,14,button,8898869836658982411,14,27
3581,40,0.85,Bot2,1,14,button,8898869836658982411,14,27
3581,40,0.85,Bot3,1,14,button,8898869836658982411,14,27
3581,40,0.85,Bot4,1,14,button,8898869836658982411,14,27
3582,40,0.85,Bot1,1,21,button,12344358150387590632,21,20
3582,40,0.85,Bot2,1,21,button,12344358150387590632,21,20
3582,40,0.85,Bot3,1,21,button,12344358150387590632,21,20
3582,40,0.85,Bot4,1,21,button,12344358150387590632,21,20
3583,40,0.85,Bot1,1,37,button,693491937004135347,37,51
3583,40,0.85,Bot2,1,37,button,693491937004135347,37,51
3583,40,0.85,Bot3,1,37,button,693491937004135347,37,51
3583,40,0.85,Bot4,1,37,button,693491937004135347,37,51
3584,40,0.85,Bot1,0,27,caught_by_fire,12193444388456999537,40,16
3584,40,0.85,Bot2,0,39,caught_by_fire,12193444388456999537,40,16
3584,40,0.85,Bot3,0,39,caught_by_fire,12193444388456999537,40,16
3584,40,0.85,Bot4,0,39,caught_by_fire,12193444388456999537,40,16
3585,40,0.85,Bot1,1,34,button,4470033542492959269,34,38
3585,40,0.85,Bot2,1,34,button,4470033542492959269,34,38
3585,40,0.85,Bot3,1,34,button,4470033542492959269,34,38
3585,40,0.85,Bot4,1,34,button,4470033542492959269,34,38
3586,40,0.85,Bot1,0,34,caught_by_fire,16885012432196425718,61,12
3586,40,0.85,Bot2,0,50,caught_by_fire,16885012432196425718,61,12
3586,40,0.85,Bot3,0,50,caught_by_fire,16885012432196425718,61,12
3586,40,0.85,Bot4,0,48,caught_by_fire,16885012432196425718,61,12
3587,40,0.85,Bot1,1,11,button,18148538465223532791,11,36
3587,40,0.85,Bot2,1,11,button,18148538465223532791,11,36
3587,40,0.85,Bot3,1,11,button,18148538465223532791,11,36
3587,40,0.85,Bot4,1,11,button,18148538465223532791,11,36
3588,40,0.85,Bot1,0,20,caught_by_fire,12618722569448007927,24,18
3588,40,0.85,Bot2,0,22,caught_by_fire,12618722569448007927,24,18
3588,40,0.85,Bot3,0,22,caught_by_fire,12618722569448007927,24,18
3588,40,0.85,Bot4,0,23,caught_by_fire,12618722569448007927,24,18
3589,40,0.85,Bot1,0,14,walked_into_fire,15102037135101481856,24,3
3589,40,0.85,Bot2,0,26,caught_by_fire,15102037135101481856,24,3
3589,40,0.85,Bot3,0,26,caught_by_fire,15102037135101481856,24,3
3589,40,0.85,Bot4,0,27,caught_by_fire,15102037135101481856,24,3
3590,40,0.85,Bot1,1,39,button,11687768026213358838,39,41
3590,40,0.85,Bot2,1,39,button,11687768026213358838,39,41
3590,40,0.85,Bot3,1,39,button,11687768026213358838,39,41
3590,40,0.85,Bot4,1,39,button,11687768026213358838,39,41
3591,40,0.85,Bot1,1,31,button,7078421398776512318,31,33
3591,40,0.85,Bot2,1,31,button,7078421398776512318,31,33
3591,40,0.85,Bot3,1,31,button,7078421398776512318,31,33
3591,40,0.85,Bot4,1,31,button,7078421398776512318,31,33
3592,40,0.85,Bot1,0,35,caught_by_fire,17309476876123112351,52,48
3592,40,0.85,Bot2,0,51,caught_by_fire,17309476876123112351,52,48
3592,40,0.85,Bot3,0,53,caught_by_fire,17309476876123112351,52,48
3592,40,0.85,Bot4,0,51,caught_by_fire,17309476876123112351,52,48
3593,40,0.85,Bot1,1,20,button,12521213225959703209,20,33
3593,40,0.85,Bot2,1,20,button,12521213225959703209,20,33
3593,40,0.85,Bot3,1,20,button,12521213225959703209,20,33
3593,40,0.85,Bot4,1,20,button,12521213225959703209,20,33
3594,40,0.85,Bot1,1,22,button,16984272852585262829,22,55
3594,40,0.85,Bot2,1,22,button,16984272852585262829,22,55
3594,40,0.85,Bot3,1,22,button,16984272852585262829,22,55
3594,40,0.85,Bot4,1,22,button,16984272852585262829,22,55
3595,40,0.85,Bot1,1,28,button,2437052256104089119,28,51
3595,40,0.85,Bot2,1,28,button,2437052256104089119,28,51
3595,40,0.85,Bot3,1,28,button,2437052256104089119,28,51
3595,40,0.85,Bot4,1,28,button,2437052256104089119,28,51
3596,40,0.85,Bot1,1,14,button,9426160008704371922,14,32
3596,40,0.85,Bot2,1,14,button,9426160008704371922,14,32
3596,40,0.85,Bot3,1,14,button,9426160008704371922,14,32
3596,40,0.85,Bot4,1,14,button,9426160008704371922,14,32
3597,40,0.85,Bot1,1,18,button,38244854396925307,18,50
3597,40,0.85,Bot2,1,18,button,38244854396925307,18,50
3597,40,0.85,Bot3,1,18,button,38244854396925307,18,50
3597,40,0.85,Bot4,1,18,button,38244854396925307,18,50
3598,40,0.85,Bot1,1,15,button,5740031803522398049,15,24
3598,40,0.85,Bot2,1,15,button,5740031803522398049,15,24
3598,40,0.85,Bot3,1,15,button,5740031803522398049,15,24
3598,40,0.85,Bot4,1,15,button,5740031803522398049,15,24
3599,40,0.85,Bot1,0,8,caught_by_fire,4975293825051819455,34,27
3599,40,0.85,Bot2,0,40,caught_by_fire,4975293825051819455,34,27
3599,40,0.85,Bot3,0,40,caught_by_fire,4975293825051819455,34,27
3599,40,0.85,Bot4,0,41,caught_by_fire,4975293825051819455,34,27
3600,40,0.90,Bot1,0,18,caught_by_fire,15680822260199303634,46,14
3600,40,0.90,Bot2,0,23,caught_by_fire,15680822260199303634,46,14
3600,40,0.90,Bot3,0,23,caught_by_fire,15680822260199303634,46,14
3600,40,0.90,Bot4,0,23,caught_by_fire,15680822260199303634,46,14
3601,40,0.90,Bot1,1,18,button,16926719629671028862,18,19
3601,40,0.90,Bot2,1,18,button,16926719629671028862,18,19
3601,40,0.90,Bot3,1,18,button,16926719629671028862,18,19
3601,40,0.90,Bot4,1,18,button,16926719629671028862,18,19
3602,40,0.90,Bot1,1,34,button,7498787684281679525,34,43
3602,40,0.90,Bot2,1,34,button,7498787684281679525,34,43
3602,40,0.90,Bot3,1,34,button,7498787684281679525,34,43
3602,40,0.90,Bot4,1,34,button,7498787684281679525,34,43
3603,40,0.90,Bot1,1,39,button,17230929705825093846,39,41
3603,40,0.90,Bot2,1,39,button,17230929705825093846,39,41
3603,40,0.90,Bot3,1,39,button,17230929705825093846,39,41
3603,40,0.90,Bot4,1,39,button,17230929705825093846,39,41
3604,40,0.90,Bot1,1,12,button,1774698239461124264,12,28
3604,40,0.90,Bot2,1,12,button,1774698239461124264,12,28
3604,40,0.90,Bot3,1,12,button,1774698239461124264,12,28
3604,40,0.90,Bot4,1,12,button,1774698239461124264,12,28
3605,40,0.90,Bot1,1,41,button,13982720006942025495,41,45
3605,40,0.90,Bot2,1,41,button,13982720006942025495,41,45
3605,40,0.90,Bot3,1,41,button,13982720006942025495,41,45
3605,40,0.90,Bot4,1,41,button,13982720006942025495,41,45
3606,40,0.90,Bot1,0,39,walked_into_fire,12705237069438980039,74,31
3606,40,0.90,Bot2,0,40,caught_by_fire,12705237069438980039,74,31
3606,40,0.90,Bot3,0,40,caught_by_fire,12705237069438980039,74,31
3606,40,0.90,Bot4,0,40,caught_by_fire,12705237069438980039,74,31
3607,40,0.90,Bot1,0,32,caught_by_fire,12539729639363972194,48,18
3607,40,0.90,Bot2,0,39,caught_by_fire,12539729639363972194,48,18
3607,40,0.90,Bot3,0,39,caught_by_fire,12539729639363972194,48,18
3607,40,0.90,Bot4,0,38,caught_by_fire,12539729639363972194,48,18
3608,40,0.90,Bot1,0,3,walked_into_fire,12429548004962622821,37,34
3608,40,0.90,Bot2,0,34,caught_by_fire,12429548004962622821,37,34
3608,40,0.90,Bot3,0,34,caught_by_fire,12429548004962622821,37,34
3608,40,0.90,Bot4,0,34,caught_by_fire,12429548004962622821,37,34
3609,40,0.90,Bot1,0,17,walked_into_fire,9126070707112432176,28,21
3609,40,0.90,Bot2,0,28,caught_by_fire,9126070707112432176,28,21
3609,40,0.90,Bot3,0,29,caught_by_fire,9126070707112432176,28,21
3609,40,0.90,Bot4,0,30,caught_by_fire,9126070707112432176,28,21
3610,40,0.90,Bot1,1,61,button,1600746810744270043,61,66
3610,40,0.90,Bot2,1,61,button,1600746810744270043,61,66
3610,40,0.90,Bot3,1,61,button,1600746810744270043,61,66
3610,40,0.90,Bot4,1,61,button,1600746810744270043,61,66
3611,40,0.90,Bot1,0,22,walked_into_fire,12289755877323947236,34,10
3611,40,0.90,Bot2,0,34,caught_by_fire,12289755877323947236,34,10
3611,40,0.90,Bot3,0,34,caught_by_fire,12289755877323947236,34,10
3611,40,0.90,Bot4,0,34,caught_by_fire,12289755877323947236,34,10
3612,40,0.90,Bot1,0,36,caught_by_fire,7665821168067379870,54,46
3612,40,0.90,Bot2,0,38,caught_by_fire,7665821168067379870,54,46
3612,40,0.90,Bot3,0,38,caught_by_fire,7665821168067379870,54,46
3612,40,0.90,Bot4,0,38,caught_by_fire,7665821168067379870,54,46
3613,40,0.90,Bot1,1,12,button,7834083681129268854,12,17
3613,40,0.90,Bot2,1,12,button,7834083681129268854,12,17
3613,40,0.90,Bot3,1,12,button,7834083681129268854,12,17
3613,40,0.90,Bot4,1,12,button,7834083681129268854,12,17
3614,40,0.90,Bot1,0,35,walked_into_fire,7828870987855023206,48,25
3614,40,0.90,Bot2,0,45,caught_by_fire,7828870987855023206,48,25
3614,40,0.90,Bot3,0,45,caught_by_fire,7828870987855023206,48,25
3614,40,0.90,Bot4,0,43,caught_by_fire,7828870987855023206,48,25
3615,40,0.90,Bot1,1,12,button,8296791779450002411,12,52
3615,40,0.90,Bot2,1,12,button,8296791779450002411,12,52
3615,40,0.90,Bot3,1,12,button,8296791779450002411,12,52
3615,40,0.90,Bot4,1,12,button,8296791779450002411,12,52
3616,40,0.90,Bot1,1,3,button,18222551645523953663,3,12
3616,40,0.90,Bot2,1,3,button,18222551645523953663,3,12
3616,40,0.90,Bot3,1,3,button,18222551645523953663,3,12
3616,40,0.90,Bot4,1,3,button,18222551645523953663,3,12
3617,40,0.90,Bot1,0,24,caught_by_fire,13421283020399381545,59,20
3617,40,0.90,Bot2,0,31,caught_by_fire,13421283020399381545,59,20
3617,40,0.90,Bot3,0,31,caught_by_fire,13421283020399381545,59,20
3617,40,0.90,Bot4,0,29,caught_by_fire,13421283020399381545,59,20
3618,40,0.90,Bot1,1,37,button,7172085264165937645,37,38
3618,40,0.90,Bot2,1,37,button,7172085264165937645,37,38
3618,40,0.90,Bot3,1,37,button,7172085264165937645,37,38
3618,40,0.90,Bot4,1,37,button,7172085264165937645,37,38
3619,40,0.90,Bot1,0,6,caught_by_fire,12358283630107564151,32,32
3619,40,0.90,Bot2,0,6,caught_by_fire,12358283630107564151,32,32
3619,40,0.90,Bot3,0,6,caught_by_fire,12358283630107564151,32,32
3619,40,0.90,Bot4,0,6,caught_by_fire,12358283630107564151,32,32
3620,40,0.90,Bot1,0,17,caught_by_fire,9128816980855044221,51,20
3620,40,0.90,Bot2,0,25,caught_by_fire,9128816980855044221,51,20
3620,40,0.90,Bot3,0,25,caught_by_fire,9128816980855044221,51,20
3620,40,0.90,Bot4,0,25,caught_by_fire,9128816980855044221,51,20
3621,40,0.90,Bot1,0,14,caught_by_fire,16357325165290699200,27,8
3621,40,0.90,Bot2,0,19,caught_by_fire,16357325165290699200,27,8
3621,40,0.90,Bot3,0,19,caught_by_fire,16357325165290699200,27,8
3621,40,0.90,Bot4,0,18,caught_by_fire,16357325165290699200,27,8
3622,40,0.90,Bot1,0,12,walked_into_fire,1989951437433690160,25,12
3622,40,0.90,Bot2,0,12,caught_by_fire,1989951437433690160,25,12
3622,40,0.90,Bot3,0,12,caught_by_fire,1989951437433690160,25,12
3622,40,0.90,Bot4,0,21,caught_by_fire,1989951437433690160,25,12
3623,40,0.90,Bot1,1,24,button,3920829606803640754,24,43
3623,40,0.90,Bot2,1,24,button,3920829606803640754,24,43
3623,40,0.90,Bot3,1,24,button,3920829606803640754,24,43
3623,40,0.90,Bot4,1,24,button,3920829606803640754,24,43
3624,40,0.90,Bot1,1,33,button,5599704946603548273,33,44
3624,40,0.90,Bot2,1,33,button,5599704946603548273,33,44
3624,40,0.90,Bot3,1,33,button,5599704946603548273,33,44
3624,40,0.90,Bot4,1,33,button,5599704946603548273,33,44
3625,40,0.90,Bot1,0,10,caught_by_fire,3650723901630961981,31,15
3625,40,0.90,Bot2,0,14,caught_by_fire,3650723901630961981,31,15
3625,40,0.90,Bot3,0,14,caught_by_fire,3650723901630961981,31,15
3625,40,0.90,Bot4,0,14,caught_by_fire,3650723901630961981,31,15
3626,40,0.90,Bot1,0,20,caught_by_fire,16441145250767466707,56,19
3626,40,0.90,Bot2,0,29,caught_by_fire,16441145250767466707,56,19
3626,40,0.90,Bot3,0,29,caught_by_fire,16441145250767466707,56,19
3626,40,0.90,Bot4,0,30,caught_by_fire,16441145250767466707,56,19
3627,40,0.90,Bot1,1,29,button,4634362887901605884,29,50
3627,40,0.90,Bot2,1,29,button,4634362887901605884,29,50
3627,40,0.90,Bot3,1,29,button,4634362887901605884,29,50
3627,40,0.90,Bot4,1,29,button,4634362887901605884,29,50
3628,40,0.90,Bot1,1,11,button,9959808504164247711,11,21
3628,40,0.90,Bot2,1,11,button,9959808504164247711,11,21
3628,40,0.90,Bot3,1,11,button,9959808504164247711,11,21
3628,40,0.90,Bot4,1,11,button,9959808504164247711,11,21
3629,40,0.90,Bot1,0,17,walked_into_fire,652291911803166812,27,11
3629,40,0.90,Bot2,0,22,caught_by_fire,652291911803166812,27,11
3629,40,0.90,Bot3,0,22,caught_by_fire,652291911803166812,27,11
3629,40,0.90,Bot4,0,20,caught_by_fire,652291911803166812,27,11
3630,40,0.90,Bot1,1,10,button,15548860550111696713,10,37
3630,40,0.90,Bot2,1,10,button,15548860550111696713,10,37
3630,40,0.90,Bot3,1,10,button,15548860550111696713,10,37
3630,40,0.90,Bot4,1,10,button,15548860550111696713,10,37
3631,40,0.90,Bot1,0,21,caught_by_fire,10380793369362932743,33,23
3631,40,0.90,Bot2,0,21,caught_by_fire,10380793369362932743,33,23
3631,40,0.90,Bot3,0,26,caught_by_fire,10380793369362932743,33,23
3631,40,0.90,Bot4,0,21,caught_by_fire,10380793369362932743,33,23
3632,40,0.90,Bot1,1,14,button,9185865445054799566,14,58
3632,40,0.90,Bot2,1,14,button,9185865445054799566,14,58
3632,40,0.90,Bot3,1,14,button,9185865445054799566,14,58
3632,40,0.90,Bot4,1,14,button,9185865445054799566,14,58
3633,40,0.90,Bot1,1,40,button,15281052086769945366,40,52
3633,40,0.90,Bot2,1,40,button,15281052086769945366,40,52
3633,40,0.90,Bot3,1,40,button,15281052086769945366,40,52
3633,40,0.90,Bot4,1,40,button,15281052086769945366,40,52
3634,40,0.90,Bot1,1,36,button,2479403720217170284,36,37
3634,40,0.90,Bot2,1,36,button,2479403720217170284,36,37
3634,40,0.90,Bot3,1,36,button,2479403720217170284,36,37
3634,40,0.90,Bot4,1,36,button,2479403720217170284,36,37
3635,40,0.90,Bot1,0,32,walked_into_fire,617923397387919988,42,27
3635,40,0.90,Bot2,0,32,caught_by_fire,617923397387919988,42,27
3635,40,0.90,Bot3,0,32,caught_by_fire,617923397387919988,42,27
3635,40,0.90,Bot4,0,32,caught_by_fire,617923397387919988,42,27
3636,40,0.90,Bot1,0,10,walked_into_fire,4495901054728932593,20,15
3636,40,0.90,Bot2,0,11,caught_by_fire,4495901054728932593,20,15
3636,40,0.90,Bot3,0,11,caught_by_fire,4495901054728932593,20,15
3636,40,0.90,Bot4,0,11,caught_by_fire,4495901054728932593,20,15
3637,40,0.90,Bot1,0,27,caught_by_fire,12293990295424753091,50,24
3637,40,0.90,Bot2,0,29,caught_by_fire,12293990295424753091,50,24
3637,40,0.90,Bot3,0,31,caught_by_fire,12293990295424753091,50,24
3637,40,0.90,Bot4,0,29,caught_by_fire,12293990295424753091,50,24
3638,40,0.90,Bot1,1,27,button,10556438177410892032,27,42
3638,40,0.90,Bot2,1,27,button,10556438177410892032,27,42
3638,40,0.90,Bot3,1,27,button,10556438177410892032,27,42
3638,40,0.90,Bot4,1,27,button,10556438177410892032,27,42
3639,40,0.90,Bot1,1,19,button,14725754961901149000,19,21
3639,40,0.90,Bot2,1,19,button,14725754961901149000,19,21
3639,40,0.90,Bot3,1,19,button,14725754961901149000,19,21
3639,40,0.90,Bot4,1,19,button,14725754961901149000,19,21
3640,40,0.90,Bot1,0,24,walked_into_fire,1617981103811471358,40,7
3640,40,0.90,Bot2,0,40,caught_by_fire,1617981103811471358,40,7
3640,40,0.90,Bot3,0,40,caught_by_fire,1617981103811471358,40,7
3640,40,0.90,Bot4,0,39,caught_by_fire,1617981103811471358,40,7
3641,40,0.90,Bot1,0,30,caught_by_fire,7202124708745940029,56,28
3641,40,0.90,Bot2,0,31,caught_by_fire,7202124708745940029,56,28
3641,40,0.90,Bot3,0,31,caught_by_fire,7202124708745940029,56,28
3641,40,0.90,Bot4,0,31,caught_by_fire,7202124708745940029,56,28
3642,40,0.90,Bot1,1,27,button,17000587001739824579,27,42
3642,40,0.90,Bot2,1,27,button,17000587001739824579,27,42
3642,40,0.90,Bot3,1,27,button,17000587001739824579,27,42
3642,40,0.90,Bot4,1,27,button,17000587001739824579,27,42
3643,40,0.90,Bot1,0,29,walked_into_fire,16767742061735346381,31,27
3643,40,0.90,Bot2,0,29,caught_by_fire,16767742061735346381,31,27
3643,40,0.90,Bot3,0,29,caught_by_fire,16767742061735346381,31,27
3643,40,0.90,Bot4,0,29,caught_by_fire,16767742061735346381,31,27
3644,40,0.90,Bot1,0,19,caught_by_fire,11738866622192343909,27,27
3644,40,0.90,Bot2,0,19,caught_by_fire,11738866622192343909,27,27
3644,40,0.90,Bot3,0,19,caught_by_fire,11738866622192343909,27,27
3644,40,0.90,Bot4,0,19,caught_by_fire,11738866622192343909,27,27
3645,40,0.90,Bot1,0,26,caught_by_fire,4971963373429865224,51,25
3645,40,0.90,Bot2,0,29,caught_by_fire,4971963373429865224,51,25
3645,40,0.90,Bot3,0,31,caught_by_fire,4971963373429865224,51,25
3645,40,0.90,Bot4,0,35,caught_by_fire,4971963373429865224,51,25
3646,40,0.90,Bot1,0,4,walked_into_fire,13853937287870721384,25,20
3646,40,0.90,Bot2,0,23,caught_by_fire,13853937287870721384,25,20
3646,40,0.90,Bot3,0,25,caught_by_fire,13853937287870721384,25,20
3646,40,0.90,Bot4,0,23,caught_by_fire,13853937287870721384,25,20
3647,40,0.90,Bot1,0,28,caught_by_fire,1892727657864932655,65,23
3647,40,0.90,Bot2,0,47,caught_by_fire,1892727657864932655,65,23
3647,40,0.90,Bot3,0,47,caught_by_fire,1892727657864932655,65,23
3647,40,0.90,Bot4,0,47,caught_by_fire,1892727657864932655,65,23
3648,40,0.90,Bot1,0,18,walked_into_fire,7109762440783524368,31,22
3648,40,0.90,Bot2,0,26,caught_by_fire,7109762440783524368,31,22
3648,40,0.90,Bot3,0,27,caught_by_fire,7109762440783524368,31,22
3648,40,0.90,Bot4,0,26,caught_by_fire,7109762440783524368,31,22
3649,40,0.90,Bot1,1,27,button,17667725819866088583,27,48
3649,40,0.90,Bot2,1,27,button,17667725819866088583,27,48
3649,40,0.90,Bot3,1,27,button,17667725819866088583,27,48
3649,40,0.90,Bot4,1,27,button,17667725819866088583,27,48
3650,40,0.90,Bot1,1,16,button,5448207962763200063,16,54
3650,40,0.90,Bot2,1,16,button,5448207962763200063,16,54
3650,40,0.90,Bot3,1,16,button,5448207962763200063,16,54
3650,40,0.90,Bot4,1,16,button,5448207962763200063,16,54
3651,40,0.90,Bot1,1,5,button,12046644973272424191,5,25
3651,40,0.90,Bot2,1,5,button,12046644973272424191,5,25
3651,40,0.90,Bot3,1,5,button,12046644973272424191,5,25
3651,40,0.90,Bot4,1,5,button,12046644973272424191,5,25
3652,40,0.90,Bot1,0,32,caught_by_fire,4397903409443509690,37,30
3652,40,0.90,Bot2,0,32,caught_by_fire,4397903409443509690,37,30
3652,40,0.90,Bot3,0,36,caught_by_fire,4397903409443509690,37,30
3652,40,0.90,Bot4,0,32,caught_by_fire,4397903409443509690,37,30
3653,40,0.90,Bot1,1,40,button,16344489898451251583,40,52
3653,40,0.90,Bot2,1,40,button,16344489898451251583,40,52
3653,40,0.90,Bot3,1,40,button,16344489898451251583,40,52
3653,40,0.90,Bot4,1,40,button,16344489898451251583,40,52
3654,40,0.90,Bot1,0,13,caught_by_fire,6256802529294766027,25,4
3654,40,0.90,Bot2,0,21,caught_by_fire,6256802529294766027,25,4
3654,40,0.90,Bot3,0,21,caught_by_fire,6256802529294766027,25,4
3654,40,0.90,Bot4,0,20,caught_by_fire,6256802529294766027,25,4
3655,40,0.90,Bot1,1,24,button,5141236309164076394,24,46
3655,40,0.90,Bot2,1,24,button,5141236309164076394,24,46
3655,40,0.90,Bot3,1,24,button,5141236309164076394,24,46
3655,40,0.90,Bot4,1,24,button,5141236309164076394,24,46
3656,40,0.90,Bot1,1,17,button,713136295248384933,17,48
3656,40,0.90,Bot2,1,17,button,713136295248384933,17,48
3656,40,0.90,Bot3,1,17,button,713136295248384933,17,48
3656,40,0.90,Bot4,1,17,button,713136295248384933,17,48
3657,40,0.90,Bot1,1,18,button,5421442175197216577,18,63
3657,40,0.90,Bot2,1,18,button,5421442175197216577,18,63
3657,40,0.90,Bot3,1,18,button,5421442175197216577,18,63
3657,40,0.90,Bot4,1,18,button,5421442175197216577,18,63
3658,40,0.90,Bot1,0,17,caught_by_fire,4769029056005404264,47,21
3658,40,0.90,Bot2,0,24,caught_by_fire,4769029056005404264,47,21
3658,40,0.90,Bot3,0,26,caught_by_fire,4769029056005404264,47,21
3658,40,0.90,Bot4,0,24,caught_by_fire,4769029056005404264,47,21
3659,40,0.90,Bot1,0,14,walked_into_fire,6431802766472908078,28,14
3659,40,0.90,Bot2,0,19,caught_by_fire,6431802766472908078,28,14
3659,40,0.90,Bot3,0,19,caught_by_fire,6431802766472908078,28,14
3659,40,0.90,Bot4,0,19,caught_by_fire,6431802766472908078,28,14
3660,40,0.90,Bot1,1,16,button,1568957175307482767,16,35
3660,40,0.90,Bot2,1,16,button,1568957175307482767,16,35
3660,40,0.90,Bot3,1,16,button,1568957175307482767,16,35
3660,40,0.90,Bot4,1,16,button,1568957175307482767,16,35
3661,40,0.90,Bot1,1,24,button,4697235334788425982,24,38
3661,40,0.90,Bot2,1,24,button,4697235334788425982,24,38
3661,40,0.90,Bot3,1,24,button,4697235334788425982,24,38
3661,40,0.90,Bot4,1,24,button,4697235334788425982,24,38
3662,40,0.90,Bot1,1,28,button,9818269063446729078,28,37
3662,40,0.90,Bot2,1,28,button,9818269063446729078,28,37
3662,40,0.90,Bot3,1,28,button,9818269063446729078,28,37
3662,40,0.90,Bot4,1,28,button,9818269063446729078,28,37
3663,40,0.90,Bot1,0,25,walked_into_fire,970289000481918119,32,19
3663,40,0.90,Bot2,0,31,caught_by_fire,970289000481918119,32,19
3663,40,0.90,Bot3,0,29,caught_by_fire,970289000481918119,32,19
3663,40,0.90,Bot4,0,30,caught_by_fire,970289000481918119,32,19
3664,40,0.90,Bot1,0,15,caught_by_fire,10309317369952366773,44,22
3664,40,0.90,Bot2,0,20,caught_by_fire,10309317369952366773,44,22
3664,40,0.90,Bot3,0,26,caught_by_fire,10309317369952366773,44,22
3664,40,0.90,Bot4,0,20,caught_by_fire,10309317369952366773,44,22
3665,40,0.90,Bot1,1,26,button,12190048657515041858,26,31
3665,40,0.90,Bot2,1,26,button,12190048657515041858,26,31
3665,40,0.90,Bot3,1,26,button,12190048657515041858,26,31
3665,40,0.90,Bot4,1,26,button,12190048657515041858,26,31
3666,40,0.90,Bot1,1,47,button,1452612904158776173,47,60
3666,40,0.90,Bot2,1,47,button,1452612904158776173,47,60
3666,40,0.90,Bot3,1,47,button,1452612904158776173,47,60
3666,40,0.90,Bot4,1,47,button,1452612904158776173,47,60
3667,40,0.90,Bot1,1,28,button,14023462485895201614,28,51
3667,40,0.90,Bot2,1,28,button,14023462485895201614,28,51
3667,40,0.90,Bot3,1,28,button,14023462485895201614,28,51
3667,40,0.90,Bot4,1,28,button,14023462485895201614,28,51
3668,40,0.90,Bot1,0,20,walked_into_fire,12880198066620158960,51,36
3668,40,0.90,Bot2,0,43,caught_by_fire,12880198066620158960,51,36
3668,40,0.90,Bot3,0,45,caught_by_fire,12880198066620158960,51,36
3668,40,0.90,Bot4,0,44,caught_by_fire,12880198066620158960,51,36
3669,40,0.90,Bot1,1,35,button,13569457041898685754,35,48
3669,40,0.90,Bot2,1,35,button,13569457041898685754,35,48
3669,40,0.90,Bot3,1,35,button,13569457041898685754,35,48
3669,40,0.90,Bot4,1,35,button,13569457041898685754,35,48
3670,40,0.90,Bot1,0,39,walked_into_fire,13057628963010089069,57,39
3670,40,0.90,Bot2,0,40,caught_by_fire,13057628963010089069,57,39
3670,40,0.90,Bot3,0,40,caught_by_fire,13057628963010089069,57,39
3670,40,0.90,Bot4,0,40,caught_by_fire,13057628963010089069,57,39
3671,40,0.90,Bot1,0,11,walked_into_fire,4037264901086735141,30,11
3671,40,0.90,Bot2,0,17,caught_by_fire,4037264901086735141,30,11
3671,40,0.90,Bot3,0,16,caught_by_fire,4037264901086735141,30,11
3671,40,0.90,Bot4,0,17,caught_by_fire,4037264901086735141,30,11
3672,40,0.90,Bot1,0,12,walked_into_fire,15082563781651502180,39,20
3672,40,0.90,Bot2,0,13,caught_by_fire,15082563781651502180,39,20
3672,40,0.90,Bot3,0,13,caught_by_fire,15082563781651502180,39,20
3672,40,0.90,Bot4,0,13,caught_by_fire,15082563781651502180,39,20
3673,40,0.90,Bot1,0,33,walked_into_fire,7417592870419634127,48,26
3673,40,0.90,Bot2,0,41,caught_by_fire,7417592870419634127,48,26
3673,40,0.90,Bot3,0,41,caught_by_fire,7417592870419634127,48,26
3673,40,0.90,Bot4,0,41,caught_by_fire,7417592870419634127,48,26
3674,40,0.90,Bot1,1,45,button,12909085503048708266,45,48
3674,40,0.90,Bot2,1,45,button,12909085503048708266,45,48
3674,40,0.90,Bot3,1,45,button,12909085503048708266,45,48
3674,40,0.90,Bot4,1,45,button,12909085503048708266,45,48
3675,40,0.90,Bot1,1,37,button,7311810368499676002,37,73
3675,40,0.90,Bot2,1,37,button,7311810368499676002,37,73
3675,40,0.90,Bot3,1,37,button,7311810368499676002,37,73
3675,40,0.90,Bot4,1,37,button,7311810368499676002,37,73
3676,40,0.90,Bot1,0,24,walked_into_fire,4077005203470549139,46,41
3676,40,0.90,Bot2,0,22,caught_by_fire,4077005203470549139,46,41
3676,40,0.90,Bot3,0,22,caught_by_fire,4077005203470549139,46,41
3676,40,0.90,Bot4,0,22,caught_by_fire,4077005203470549139,46,41
3677,40,0.90,Bot1,0,25,walked_into_fire,14599751771184340880,49,28
3677,40,0.90,Bot2,0,37,caught_by_fire,14599751771184340880,49,28
3677,40,0.90,Bot3,0,37,caught_by_fire,14599751771184340880,49,28
3677,40,0.90,Bot4,0,37,caught_by_fire,14599751771184340880,49,28
3678,40,0.90,Bot1,1,18,button,1325717727501847824,18,48
3678,40,0.90,Bot2,1,18,button,1325717727501847824,18,48
3678,40,0.90,Bot3,1,18,button,1325717727501847824,18,48
3678,40,0.90,Bot4,1,18,button,1325717727501847824,18,48
3679,40,0.90,Bot1,0,15,caught_by_fire,707768021107583090,30,9
3679,40,0.90,Bot2,0,21,caught_by_fire,707768021107583090,30,9
3679,40,0.90,Bot3,0,21,caught_by_fire,707768021107583090,30,9
3679,40,0.90,Bot4,0,20,caught_by_fire,707768021107583090,30,9
3680,40,0.90,Bot1,0,8,caught_by_fire,7227839356508349027,38,38
3680,40,0.90,Bot2,0,8,caught_by_fire,7227839356508349027,38,38
3680,40,0.90,Bot3,0,36,caught_by_fire,7227839356508349027,38,38
3680,40,0.90,Bot4,0,8,caught_by_fire,7227839356508349027,38,38
3681,40,0.90,Bot1,0,12,caught_by_fire,3029293809919756340,13,10
3681,40,0.90,Bot2,0,13,caught_by_fire,3029293809919756340,13,10
3681,40,0.90,Bot3,0,13,caught_by_fire,3029293809919756340,13,10
3681,40,0.90,Bot4,0,12,caught_by_fire,3029293809919756340,13,10
3682,40,0.90,Bot1,1,51,button,2998563413089674678,51,54
3682,40,0.90,Bot2,1,51,button,2998563413089674678,51,54
3682,40,0.90,Bot3,1,51,button,2998563413089674678,51,54
3682,40,0.90,Bot4,1,51,button,2998563413089674678,51,54
3683,40,0.90,Bot1,0,21,caught_by_fire,992632777431749251,39,34
3683,40,0.90,Bot2,0,21,caught_by_fire,992632777431749251,39,34
3683,40,0.90,Bot3,0,21,caught_by_fire,992632777431749251,39,34
3683,40,0.90,Bot4,0,38,caught_by_fire,992632777431749251,39,34
3684,40,0.90,Bot1,0,62,caught_by_fire,14460536700547558220,75,51
3684,40,0.90,Bot2,0,57,caught_by_fire,14460536700547558220,75,51
3684,40,0.90,Bot3,0,57,caught_by_fire,14460536700547558220,75,51
3684,40,0.90,Bot4,0,58,caught_by_fire,14460536700547558220,75,51
3685,40,0.90,Bot1,1,24,button,8596943936799794484,24,54
3685,40,0.90,Bot2,1,24,button,8596943936799794484,24,54
3685,40,0.90,Bot3,1,24,button,8596943936799794484,24,54
3685,40,0.90,Bot4,1,24,button,8596943936799794484,24,54
3686,40,0.90,Bot1,0,36,caught_by_fire,13576974631959531433,57,41
3686,40,0.90,Bot2,0,36,caught_by_fire,13576974631959531433,57,41
3686,40,0.90,Bot3,0,43,caught_by_fire,13576974631959531433,57,41
3686,40,0.90,Bot4,0,36,caught_by_fire,13576974631959531433,57,41
3687,40,0.90,Bot1,0,32,walked_into_fire,2031582353129078261,35,26
3687,40,0.90,Bot2,0,28,caught_by_fire,2031582353129078261,35,26
3687,40,0.90,Bot3,0,28,caught_by_fire,2031582353129078261,35,26
3687,40,0.90,Bot4,0,29,caught_by_fire,2031582353129078261,35,26
3688,40,0.90,Bot1,0,23,caught_by_fire,17460205382883352625,43,42
3688,40,0.90,Bot2,0,23,caught_by_fire,17460205382883352625,43,42
3688,40,0.90,Bot3,0,40,caught_by_fire,17460205382883352625,43,42
3688,40,0.90,Bot4,0,23,caught_by_fire,17460205382883352625,43,42
3689,40,0.90,Bot1,0,27,caught_by_fire,757986714491914168,34,32
3689,40,0.90,Bot2,0,27,caught_by_fire,757986714491914168,34,32
3689,40,0.90,Bot3,0,37,caught_by_fire,757986714491914168,34,32
3689,40,0.90,Bot4,0,27,caught_by_fire,757986714491914168,34,32
3690,40,0.90,Bot1,1,36,button,7226611652875138730,36,52
3690,40,0.90,Bot2,1,36,button,7226611652875138730,36,52
3690,40,0.90,Bot3,1,36,button,7226611652875138730,36,52
3690,40,0.90,Bot4,1,36,button,7226611652875138730,36,52
3691,40,0.90,Bot1,0,21,caught_by_fire,10438017227738499135,43,11
3691,40,0.90,Bot2,0,31,caught_by_fire,10438017227738499135,43,11
3691,40,0.90,Bot3,0,31,caught_by_fire,10438017227738499135,43,11
3691,40,0.90,Bot4,0,31,caught_by_fire,10438017227738499135,43,11
3692,40,0.90,Bot1,0,32,walked_into_fire,14357658596188820236,60,17
3692,40,0.90,Bot2,0,50,caught_by_fire,14357658596188820236,60,17
3692,40,0.90,Bot3,0,50,caught_by_fire,14357658596188820236,60,17
3692,40,0.90,Bot4,0,50,caught_by_fire,14357658596188820236,60,17
3693,40,0.90,Bot1,1,15,button,2437626872426770613,15,36
3693,40,0.90,Bot2,1,15,button,2437626872426770613,15,36
3693,40,0.90,Bot3,1,15,button,2437626872426770613,15,36
3693,40,0.90,Bot4,1,15,button,2437626872426770613,15,36
3694,40,0.90,Bot1,0,14,walked_into_fire,1250899024841539568,36,21
3694,40,0.90,Bot2,0,29,caught_by_fire,1250899024841539568,36,21
3694,40,0.90,Bot3,0,31,caught_by_fire,1250899024841539568,36,21
3694,40,0.90,Bot4,0,31,caught_by_fire,1250899024841539568,36,21
3695,40,0.90,Bot1,1,13,button,6472737978694075639,13,31
3695,40,0.90,Bot2,1,13,button,6472737978694075639,13,31
3695,40,0.90,Bot3,1,13,button,6472737978694075639,13,31
3695,40,0.90,Bot4,1,13,button,6472737978694075639,13,31
3696,40,0.90,Bot1,1,12,button,7455022959916814095,12,37
3696,40,0.90,Bot2,1,12,button,7455022959916814095,12,37
3696,40,0.90,Bot3,1,12,button,7455022959916814095,12,37
3696,40,0.90,Bot4,1,12,button,7455022959916814095,12,37
3697,40,0.90,Bot1,0,28,walked_into_fire,11273333829162930382,33,20
3697,40,0.90,Bot2,0,26,caught_by_fire,11273333829162930382,33,20
3697,40,0.90,Bot3,0,26,caught_by_fire,11273333829162930382,33,20
3697,40,0.90,Bot4,0,30,caught_by_fire,11273333829162930382,33,20
3698,40,0.90,Bot1,0,15,caught_by_fire,1235952984932339863,35,29
3698,40,0.90,Bot2,0,18,caught_by_fire,1235952984932339863,35,29
3698,40,0.90,Bot3,0,18,caught_by_fire,1235952984932339863,35,29
3698,40,0.90,Bot4,0,19,caught_by_fire,1235952984932339863,35,29
3699,40,0.90,Bot1,0,10,caught_by_fire,8627759558369357286,49,36
3699,40,0.90,Bot2,0,20,caught_by_fire,8627759558369357286,49,36
3699,40,0.90,Bot3,0,20,caught_by_fire,8627759558369357286,49,36
3699,40,0.90,Bot4,0,24,caught_by_fire,8627759558369357286,49,36
3700,40,0.90,Bot1,0,19,caught_by_fire,16057720128485147390,47,17
3700,40,0.90,Bot2,0,27,caught_by_fire,16057720128485147390,47,17
3700,40,0.90,Bot3,0,27,caught_by_fire,16057720128485147390,47,17
3700,40,0.90,Bot4,0,27,caught_by_fire,16057720128485147390,47,17
3701,40,0.90,Bot1,1,17,button,9914450506948226513,17,21
3701,40,0.90,Bot2,1,17,button,9914450506948226513,17,21
3701,40,0.90,Bot3,1,17,button,9914450506948226513,17,21
3701,40,0.90,Bot4,1,17,button,9914450506948226513,17,21
3702,40,0.90,Bot1,0,14,caught_by_fire,4976411411052877817,65,52
3702,40,0.90,Bot2,0,14,caught_by_fire,4976411411052877817,65,52
3702,40,0.90,Bot3,0,42,caught_by_fire,4976411411052877817,65,52
3702,40,0.90,Bot4,0,14,caught_by_fire,4976411411052877817,65,52
3703,40,0.90,Bot1,1,26,button,8700699114060754238,26,57
3703,40,0.90,Bot2,1,26,button,8700699114060754238,26,57
3703,40,0.90,Bot3,1,26,button,8700699114060754238,26,57
3703,40,0.90,Bot4,1,26,button,8700699114060754238,26,57
3704,40,0.90,Bot1,1,39,button,12659634140513385044,39,42
3704,40,0.90,Bot2,1,39,button,12659634140513385044,39,42
3704,40,0.90,Bot3,1,39,button,12659634140513385044,39,42
3704,40,0.90,Bot4,1,39,button,12659634140513385044,39,42
3705,40,0.90,Bot1,1,22,button,10022289302476550556,22,24
3705,40,0.90,Bot2,1,22,button,10022289302476550556,22,24
3705,40,0.90,Bot3,1,22,button,10022289302476550556,22,24
3705,40,0.90,Bot4,1,22,button,10022289302476550556,22,24
3706,40,0.90,Bot1,1,20,button,14121196034634285452,20,20
3706,40,0.90,Bot2,1,20,button,14121196034634285452,20,20
3706,40,0.90,Bot3,1,20,button,14121196034634285452,20,20
3706,40,0.90,Bot4,1,20,button,14121196034634285452,20,20
3707,40,0.90,Bot1,1,10,button,15156121715775557729,10,32
3707,40,0.90,Bot2,1,10,button,15156121715775557729,10,32
3707,40,0.90,Bot3,1,10,button,15156121715775557729,10,32
3707,40,0.90,Bot4,1,10,button,15156121715775557729,10,32
3708,40,0.90,Bot1,1,21,button,11726096642555767001,21,59
3708,40,0.90,Bot2,1,21,button,11726096642555767001,21,59
3708,40,0.90,Bot3,1,21,button,11726096642555767001,21,59
3708,40,0.90,Bot4,1,21,button,11726096642555767001,21,59
3709,40,0.90,Bot1,0,20,walked_into_fire,14221570854775841064,36,23
3709,40,0.90,Bot2,0,30,caught_by_fire,14221570854775841064,36,23
3709,40,0.90,Bot3,0,30,caught_by_fire,14221570854775841064,36,23
3709,40,0.90,Bot4,0,35,caught_by_fire,14221570854775841064,36,23
3710,40,0.90,Bot1,1,12,button,3803089095749707362,12,43
3710,40,0.90,Bot2,1,12,button,3803089095749707362,12,43
3710,40,0.90,Bot3,1,12,button,3803089095749707362,12,43
3710,40,0.90,Bot4,1,12,button,3803089095749707362,12,43
3711,40,0.90,Bot1,1,39,button,18304761208778552215,39,60
3711,40,0.90,Bot2,1,39,button,18304761208778552215,39,60
3711,40,0.90,Bot3,1,39,button,18304761208778552215,39,60
3711,40,0.90,Bot4,1,39,button,18304761208778552215,39,60
3712,40,0.90,Bot1,1,16,button,16537785728564362222,16,30
3712,40,0.90,Bot2,1,16,button,16537785728564362222,16,30
3712,40,0.90,Bot3,1,16,button,16537785728564362222,16,30
3712,40,0.90,Bot4,1,16,button,16537785728564362222,16,30
3713,40,0.90,Bot1,0,11,walked_into_fire,11278499593097824119,32,12
3713,40,0.90,Bot2,0,19,caught_by_fire,11278499593097824119,32,12
3713,40,0.90,Bot3,0,19,caught_by_fire,11278499593097824119,32,12
3713,40,0.90,Bot4,0,19,caught_by_fire,11278499593097824119,32,12
3714,40,0.90,Bot1,1,8,button,828746812944879294,8,6
3714,40,0.90,Bot2,0,8,caught_by_fire,828746812944879294,8,6
3714,40,0.90,Bot3,1,8,button,828746812944879294,8,6
3714,40,0.90,Bot4,1,8,button,828746812944879294,8,6
3715,40,0.90,Bot1,0,21,walked_into_fire,13214164878358729403,44,6
3715,40,0.90,Bot2,0,39,caught_by_fire,13214164878358729403,44,6
3715,40,0.90,Bot3,0,36,caught_by_fire,13214164878358729403,44,6
3715,40,0.90,Bot4,0,35,caught_by_fire,13214164878358729403,44,6
3716,40,0.90,Bot1,1,22,button,6564220236176274536,22,34
3716,40,0.90,Bot2,1,22,button,6564220236176274536,22,34
3716,40,0.90,Bot3,1,22,button,6564220236176274536,22,34
3716,40,0.90,Bot4,1,22,button,6564220236176274536,22,34
3717,40,0.90,Bot1,1,38,button,1606313192012232319,38,66
3717,40,0.90,Bot2,1,38,button,1606313192012232319,38,66
3717,40,0.90,Bot3,1,38,button,1606313192012232319,38,66
3717,40,0.90,Bot4,1,38,button,1606313192012232319,38,66
3718,40,0.90,Bot1,1,20,button,5534097291858134806,20,21
3718,40,0.90,Bot2,1,20,button,5534097291858134806,20,21
3718,40,0.90,Bot3,1,20,button,5534097291858134806,20,21
3718,40,0.90,Bot4,1,20,button,5534097291858134806,20,21
3719,40,0.90,Bot1,1,36,button,16112677165241202330,36,55
3719,40,0.90,Bot2,1,36,button,16112677165241202330,36,55
3719,40,0.90,Bot3,1,36,button,16112677165241202330,36,55
3719,40,0.90,Bot4,1,36,button,16112677165241202330,36,55
3720,40,0.90,Bot1,0,19,caught_by_fire,9061309227169534344,38,10
3720,40,0.90,Bot2,0,25,caught_by_fire,9061309227169534344,38,10
3720,40,0.90,Bot3,0,25,caught_by_fire,9061309227169534344,38,10
3720,40,0.90,Bot4,0,25,caught_by_fire,9061309227169534344,38,10
3721,40,0.90,Bot1,0,27,walked_into_fire,9296982031012365176,56,18
3721,40,0.90,Bot2,0,48,caught_by_fire,9296982031012365176,56,18
3721,40,0.90,Bot3,0,48,caught_by_fire,9296982031012365176,56,18
3721,40,0.90,Bot4,0,48,caught_by_fire,9296982031012365176,56,18
3722,40,0.90,Bot1,0,15,walked_into_fire,14512757021354259681,17,15
3722,40,0.90,Bot2,0,17,caught_by_fire,14512757021354259681,17,15
3722,40,0.90,Bot3,0,19,caught_by_fire,14512757021354259681,17,15
3722,40,0.90,Bot4,0,20,caught_by_fire,14512757021354259681,17,15
3723,40,0.90,Bot1,1,39,button,3687050334446739080,39,42
3723,40,0.90,Bot2,1,39,button,3687050334446739080,39,42
3723,40,0.90,Bot3,1,39,button,3687050334446739080,39,42
3723,40,0.90,Bot4,1,39,button,3687050334446739080,39,42
3724,40,0.90,Bot1,0,20,caught_by_fire,15773121434723593219,33,21
3724,40,0.90,Bot2,0,23,caught_by_fire,15773121434723593219,33,21
3724,40,0.90,Bot3,0,26,caught_by_fire,15773121434723593219,33,21
3724,40,0.90,Bot4,0,23,caught_by_fire,15773121434723593219,33,21
3725,40,0.90,Bot1,0,19,walked_into_fire,16217720662020698081,40,23
3725,40,0.90,Bot2,0,22,caught_by_fire,16217720662020698081,40,23
3725,40,0.90,Bot3,0,24,caught_by_fire,16217720662020698081,40,23
3725,40,0.90,Bot4,0,22,caught_by_fire,16217720662020698081,40,23
3726,40,0.90,Bot1,0,28,walked_into_fire,12494855927379100375,38,18
3726,40,0.90,Bot2,0,39,caught_by_fire,12494855927379100375,38,18
3726,40,0.90,Bot3,0,39,caught_by_fire,12494855927379100375,38,18
3726,40,0.90,Bot4,0,40,caught_by_fire,12494855927379100375,38,18
3727,40,0.90,Bot1,1,13,button,9093518762577471571,13,35
3727,40,0.90,Bot2,1,13,button,9093518762577471571,13,35
3727,40,0.90,Bot3,1,13,button,9093518762577471571,13,35
3727,40,0.90,Bot4,1,13,button,9093518762577471571,13,35
3728,40,0.90,Bot1,1,28,button,2383335877728501993,28,33
3728,40,0.90,Bot2,1,28,button,2383335877728501993,28,33
3728,40,0.90,Bot3,1,28,button,2383335877728501993,28,33
3728,40,0.90,Bot4,1,28,button,2383335877728501993,28,33
3729,40,0.90,Bot1,0,13,walked_into_fire,15243956787160705269,56,39
3729,40,0.90,Bot2,0,44,caught_by_fire,15243956787160705269,56,39
3729,40,0.90,Bot3,0,44,caught_by_fire,15243956787160705269,56,39
3729,40,0.90,Bot4,0,45,caught_by_fire,15243956787160705269,56,39
3730,40,0.90,Bot1,1,7,button,3198316010343631091,7,29
3730,40,0.90,Bot2,1,7,button,3198316010343631091,7,29
3730,40,0.90,Bot3,1,7,button,3198316010343631091,7,29
3730,40,0.90,Bot4,1,7,button,3198316010343631091,7,29
3731,40,0.90,Bot1,1,43,button,15124594512721500593,43,52
3731,40,0.90,Bot2,1,43,button,15124594512721500593,43,52
3731,40,0.90,Bot3,1,43,button,15124594512721500593,43,52
3731,40,0.90,Bot4,1,43,button,15124594512721500593,43,52
3732,40,0.90,Bot1,1,41,button,4542972234114481641,41,51
3732,40,0.90,Bot2,1,41,button,4542972234114481641,41,51
3732,40,0.90,Bot3,1,41,button,4542972234114481641,41,51
3732,40,0.90,Bot4,1,41,button,4542972234114481641,41,51
3733,40,0.90,Bot1,0,22,walked_into_fire,2805489432528198457,36,6
3733,40,0.90,Bot2,0,37,caught_by_fire,2805489432528198457,36,6
3733,40,0.90,Bot3,0,37,caught_by_fire,2805489432528198457,36,6
3733,40,0.90,Bot4,0,36,caught_by_fire,2805489432528198457,36,6
3734,40,0.90,Bot1,0,22,caught_by_fire,4205761066727997831,30,12
3734,40,0.90,Bot2,0,31,caught_by_fire,4205761066727997831,30,12
3734,40,0.90,Bot3,0,31,caught_by_fire,4205761066727997831,30,12
3734,40,0.90,Bot4,0,30,caught_by_fire,4205761066727997831,30,12
3735,40,0.90,Bot1,0,34,caught_by_fire,8917263748660788174,46,27
3735,40,0.90,Bot2,0,34,caught_by_fire,8917263748660788174,46,27
3735,40,0.90,Bot3,0,34,caught_by_fire,8917263748660788174,46,27
3735,40,0.90,Bot4,0,33,caught_by_fire,8917263748660788174,46,27
3736,40,0.90,Bot1,1,8,button,4106413172028087407,8,11
3736,40,0.90,Bot2,1,8,button,4106413172028087407,8,11
3736,40,0.90,Bot3,1,8,button,4106413172028087407,8,11
3736,40,0.90,Bot4,1,8,button,4106413172028087407,8,11
3737,40,0.90,Bot1,0,12,walked_into_fire,881074960054384024,23,17
3737,40,0.90,Bot2,0,12,caught_by_fire,881074960054384024,23,17
3737,40,0.90,Bot3,0,12,caught_by_fire,881074960054384024,23,17
3737,40,0.90,Bot4,0,12,caught_by_fire,881074960054384024,23,17
3738,40,0.90,Bot1,0,6,caught_by_fire,3835580472070334923,42,32
3738,40,0.90,Bot2,0,10,caught_by_fire,3835580472070334923,42,32
3738,40,0.90,Bot3,0,27,caught_by_fire,3835580472070334923,42,32
3738,40,0.90,Bot4,0,30,caught_by_fire,3835580472070334923,42,32
3739,40,0.90,Bot1,0,22,walked_into_fire,933581715029104996,32,11
3739,40,0.90,Bot2,0,34,caught_by_fire,933581715029104996,32,11
3739,40,0.90,Bot3,0,34,caught_by_fire,933581715029104996,32,11
3739,40,0.90,Bot4,0,33,caught_by_fire,933581715029104996,32,11
3740,40,0.90,Bot1,0,17,caught_by_fire,5811498212887283181,53,44
3740,40,0.90,Bot2,0,17,caught_by_fire,5811498212887283181,53,44
3740,40,0.90,Bot3,0,17,caught_by_fire,5811498212887283181,53,44
3740,40,0.90,Bot4,0,17,caught_by_fire,5811498212887283181,53,44
3741,40,0.90,Bot1,1,44,button,15753927113354215596,44,52
3741,40,0.90,Bot2,1,44,button,15753927113354215596,44,52
3741,40,0.90,Bot3,1,44,button,15753927113354215596,44,52
3741,40,0.90,Bot4,1,44,button,15753927113354215596,44,52
3742,40,0.90,Bot1,1,32,button,13007240043273569803,32,37
3742,40,0.90,Bot2,1,32,button,13007240043273569803,32,37
3742,40,0.90,Bot3,1,32,button,13007240043273569803,32,37
3742,40,0.90,Bot4,1,32,button,13007240043273569803,32,37
3743,40,0.90,Bot1,1,1,button,3421280046539413635,1,53
3743,40,0.90,Bot2,1,1,button,3421280046539413635,1,53
3743,40,0.90,Bot3,1,1,button,3421280046539413635,1,53
3743,40,0.90,Bot4,1,1,button,3421280046539413635,1,53
3744,40,0.90,Bot1,0,29,caught_by_fire,5485869715745372874,65,15
3744,40,0.90,Bot2,0,53,caught_by_fire,5485869715745372874,65,15
3744,40,0.90,Bot3,0,51,caught_by_fire,5485869715745372874,65,15
3744,40,0.90,Bot4,0,52,caught_by_fire,5485869715745372874,65,15
3745,40,0.90,Bot1,1,15,button,7880496779127636050,15,42
3745,40,0.90,Bot2,1,15,button,7880496779127636050,15,42
3745,40,0.90,Bot3,1,15,button,7880496779127636050,15,42
3745,40,0.90,Bot4,1,15,button,7880496779127636050,15,42
3746,40,0.90,Bot1,1,2,button,3506274239199515296,2,49
3746,40,0.90,Bot2,1,2,button,3506274239199515296,2,49
3746,40,0.90,Bot3,1,2,button,3506274239199515296,2,49
3746,40,0.90,Bot4,1,2,button,3506274239199515296,2,49
3747,40,0.90,Bot1,0,11,caught_by_fire,7810468815720278475,40,38
3747,40,0.90,Bot2,0,29,caught_by_fire,7810468815720278475,40,38
3747,40,0.90,Bot3,0,32,caught_by_fire,7810468815720278475,40,38
3747,40,0.90,Bot4,0,29,caught_by_fire,7810468815720278475,40,38
3748,40,0.90,Bot1,0,26,caught_by_fire,2969883811663908161,54,6
3748,40,0.90,Bot2,0,47,caught_by_fire,2969883811663908161,54,6
3748,40,0.90,Bot3,0,47,caught_by_fire,2969883811663908161,54,6
3748,40,0.90,Bot4,0,47,caught_by_fire,2969883811663908161,54,6
3749,40,0.90,Bot1,1,25,button,12091053439095024262,25,48
3749,40,0.90,Bot2,1,25,button,12091053439095024262,25,48
3749,40,0.90,Bot3,1,25,button,12091053439095024262,25,48
3749,40,0.90,Bot4,1,25,button,12091053439095024262,25,48
3750,40,0.90,Bot1,0,16,caught_by_fire,4394712835240201872,49,18
3750,40,0.90,Bot2,0,19,caught_by_fire,4394712835240201872,49,18
3750,40,0.90,Bot3,0,19,caught_by_fire,4394712835240201872,49,18
3750,40,0.90,Bot4,0,19,caught_by_fire,4394712835240201872,49,18
3751,40,0.90,Bot1,1,22,button,8202178912954736451,22,27
3751,40,0.90,Bot2,1,22,button,8202178912954736451,22,27
3751,40,0.90,Bot3,1,22,button,8202178912954736451,22,27
3751,40,0.90,Bot4,1,22,button,8202178912954736451,22,27
3752,40,0.90,Bot1,1,40,button,15830720783451748567,40,40
3752,40,0.90,Bot2,1,40,button,15830720783451748567,40,40
3752,40,0.90,Bot3,1,40,button,15830720783451748567,40,40
3752,40,0.90,Bot4,1,40,button,15830720783451748567,40,40
3753,40,0.90,Bot1,0,12,walked_into_fire,17403765039852063223,37,30
3753,40,0.90,Bot2,0,26,caught_by_fire,17403765039852063223,37,30
3753,40,0.90,Bot3,0,37,caught_by_fire,17403765039852063223,37,30
3753,40,0.90,Bot4,0,26,caught_by_fire,17403765039852063223,37,30
3754,40,0.90,Bot1,0,28,caught_by_fire,3288820907678205155,52,26
3754,40,0.90,Bot2,0,34,caught_by_fire,3288820907678205155,52,26
3754,40,0.90,Bot3,0,34,caught_by_fire,3288820907678205155,52,26
3754,40,0.90,Bot4,0,34,caught_by_fire,3288820907678205155,52,26
3755,40,0.90,Bot1,1,11,button,17882947385660637391,11,19
3755,40,0.90,Bot2,1,11,button,17882947385660637391,11,19
3755,40,0.90,Bot3,1,11,button,17882947385660637391,11,19
3755,40,0.90,Bot4,1,11,button,17882947385660637391,11,19
3756,40,0.90,Bot1,0,19,walked_into_fire,11420069667997201477,39,29
3756,40,0.90,Bot2,0,16,caught_by_fire,11420069667997201477,39,29
3756,40,0.90,Bot3,0,16,caught_by_fire,11420069667997201477,39,29
3756,40,0.90,Bot4,0,16,caught_by_fire,11420069667997201477,39,29
3757,40,0.90,Bot1,0,14,walked_into_fire,14424445224541465487,55,46
3757,40,0.90,Bot2,0,14,caught_by_fire,14424445224541465487,55,46
3757,40,0.90,Bot3,0,24,caught_by_fire,14424445224541465487,55,46
3757,40,0.90,Bot4,0,14,caught_by_fire,14424445224541465487,55,46
3758,40,0.90,Bot1,0,17,caught_by_fire,4250428542908775744,64,43
3758,40,0.90,Bot2,0,30,caught_by_fire,4250428542908775744,64,43
3758,40,0.90,Bot3,0,28,caught_by_fire,4250428542908775744,64,43
3758,40,0.90,Bot4,0,30,caught_by_fire,4250428542908775744,64,43
3759,40,0.90,Bot1,0,9,walked_into_fire,2099895073110010990,10,5
3759,40,0.90,Bot2,0,12,caught_by_fire,2099895073110010990,10,5
3759,40,0.90,Bot3,0,12,caught_by_fire,2099895073110010990,10,5
3759,40,0.90,Bot4,0,10,caught_by_fire,2099895073110010990,10,5
3760,40,0.90,Bot1,1,32,button,16513984210403223012,32,36
3760,40,0.90,Bot2,1,32,button,16513984210403223012,32,36
3760,40,0.90,Bot3,1,32,button,16513984210403223012,32,36
3760,40,0.90,Bot4,1,32,button,16513984210403223012,32,36
3761,40,0.90,Bot1,1,25,button,13286058075978986268,25,28
3761,40,0.90,Bot2,1,25,button,13286058075978986268,25,28
3761,40,0.90,Bot3,1,25,button,13286058075978986268,25,28
3761,40,0.90,Bot4,1,25,button,13286058075978986268,25,28
3762,40,0.90,Bot1,0,19,caught_by_fire,1234955103618961985,30,21
3762,40,0.90,Bot2,0,25,caught_by_fire,1234955103618961985,30,21
3762,40,0.90,Bot3,0,25,caught_by_fire,1234955103618961985,30,21
3762,40,0.90,Bot4,0,31,caught_by_fire,1234955103618961985,30,21
3763,40,0.90,Bot1,1,18,button,11118006977676552000,18,33
3763,40,0.90,Bot2,1,18,button,11118006977676552000,18,33
3763,40,0.90,Bot3,1,18,button,11118006977676552000,18,33
3763,40,0.90,Bot4,1,18,button,11118006977676552000,18,33
3764,40,0.90,Bot1,0,13,caught_by_fire,15307524943199336245,26,8
3764,40,0.90,Bot2,0,18,caught_by_fire,15307524943199336245,26,8
3764,40,0.90,Bot3,0,18,caught_by_fire,15307524943199336245,26,8
3764,40,0.90,Bot4,0,18,caught_by_fire,15307524943199336245,26,8
3765,40,0.90,Bot1,1,18,button,8344291698101824101,18,31
3765,40,0.90,Bot2,1,18,button,8344291698101824101,18,31
3765,40,0.90,Bot3,1,18,button,8344291698101824101,18,31
3765,40,0.90,Bot4,1,18,button,8344291698101824101,18,31
3766,40,0.90,Bot1,1,49,button,1623858573731061952,49,52
3766,40,0.90,Bot2,1,49,button,1623858573731061952,49,52
3766,40,0.90,Bot3,1,49,button,1623858573731061952,49,52
3766,40,0.90,Bot4,1,49,button,1623858573731061952,49,52
3767,40,0.90,Bot1,0,22,caught_by_fire,16728024574734897569,42,22
3767,40,0.90,Bot2,0,30,caught_by_fire,16728024574734897569,42,22
3767,40,0.90,Bot3,0,30,caught_by_fire,16728024574734897569,42,22
3767,40,0.90,Bot4,0,30,caught_by_fire,16728024574734897569,42,22
3768,40,0.90,Bot1,0,25,walked_into_fire,13626978748251769408,42,16
3768,40,0.90,Bot2,0,29,caught_by_fire,13626978748251769408,42,16
3768,40,0.90,Bot3,0,29,caught_by_fire,13626978748251769408,42,16
3768,40,0.90,Bot4,0,29,caught_by_fire,13626978748251769408,42,16
3769,40,0.90,Bot1,1,27,button,5955886681576284387,27,49
3769,40,0.90,Bot2,1,27,button,5955886681576284387,27,49
3769,40,0.90,Bot3,1,27,button,5955886681576284387,27,49
3769,40,0.90,Bot4,1,27,button,5955886681576284387,27,49
3770,40,0.90,Bot1,1,22,button,16787683137120927489,22,54
3770,40,0.90,Bot2,1,22,button,16787683137120927489,22,54
3770,40,0.90,Bot3,1,22,button,16787683137120927489,22,54
3770,40,0.90,Bot4,1,22,button,16787683137120927489,22,54
3771,40,0.90,Bot1,0,18,walked_into_fire,4928758060261343717,38,33
3771,40,0.90,Bot2,0,30,caught_by_fire,4928758060261343717,38,33
3771,40,0.90,Bot3,0,32,caught_by_fire,4928758060261343717,38,33
3771,40,0.90,Bot4,0,30,caught_by_fire,4928758060261343717,38,33
3772,40,0.90,Bot1,1,45,button,11308087958391541600,45,68
3772,40,0.90,Bot2,1,45,button,11308087958391541600,45,68
3772,40,0.90,Bot3,1,45,button,11308087958391541600,45,68
3772,40,0.90,Bot4,1,45,button,11308087958391541600,45,68
3773,40,0.90,Bot1,1,42,button,11489015972670302993,42,60
3773,40,0.90,Bot2,1,42,button,11489015972670302993,42,60
3773,40,0.90,Bot3,1,42,button,11489015972670302993,42,60
3773,40,0.90,Bot4,1,42,button,11489015972670302993,42,60
3774,40,0.90,Bot1,1,26,button,1064890526063044748,26,35
3774,40,0.90,Bot2,1,26,button,1064890526063044748,26,35
3774,40,0.90,Bot3,1,26,button,1064890526063044748,26,35
3774,40,0.90,Bot4,1,26,button,1064890526063044748,26,35
3775,40,0.90,Bot1,1,59,button,14182321125660977231,59,60
3775,40,0.90,Bot2,1,59,button,14182321125660977231,59,60
3775,40,0.90,Bot3,1,59,button,14182321125660977231,59,60
3775,40,0.90,Bot4,1,59,button,14182321125660977231,59,60
3776,40,0.90,Bot1,0,49,walked_into_fire,16394930146402113266,52,43
3776,40,0.90,Bot2,0,51,caught_by_fire,16394930146402113266,52,43
3776,40,0.90,Bot3,0,51,caught_by_fire,16394930146402113266,52,43
3776,40,0.90,Bot4,0,50,caught_by_fire,16394930146402113266,52,43
3777,40,0.90,Bot1,1,19,button,13072979233914423166,19,32
3777,40,0.90,Bot2,1,19,button,13072979233914423166,19,32
3777,40,0.90,Bot3,1,19,button,13072979233914423166,19,32
3777,40,0.90,Bot4,1,19,button,13072979233914423166,19,32
3778,40,0.90,Bot1,1,41,button,16888575647060526527,41,55
3778,40,0.90,Bot2,1,41,button,16888575647060526527,41,55
3778,40,0.90,Bot3,1,41,button,16888575647060526527,41,55
3778,40,0.90,Bot4,1,41,button,16888575647060526527,41,55
3779,40,0.90,Bot1,1,13,button,3946480606668916300,13,20
3779,40,0.90,Bot2,1,13,button,3946480606668916300,13,20
3779,40,0.90,Bot3,1,13,button,3946480606668916300,13,20
3779,40,0.90,Bot4,1,13,button,3946480606668916300,13,20
3780,40,0.90,Bot1,1,10,button,7302198460063643654,10,27
3780,40,0.90,Bot2,1,10,button,7302198460063643654,10,27
3780,40,0.90,Bot3,1,10,button,7302198460063643654,10,27
3780,40,0.90,Bot4,1,10,button,7302198460063643654,10,27
3781,40,0.90,Bot1,1,16,button,18155268890320215385,16,34
3781,40,0.90,Bot2,1,16,button,18155268890320215385,16,34
3781,40,0.90,Bot3,1,16,button,18155268890320215385,16,34
3781,40,0.90,Bot4,1,16,button,18155268890320215385,16,34
3782,40,0.90,Bot1,0,10,caught_by_fire,121404886614197779,16,11
3782,40,0.90,Bot2,0,15,caught_by_fire,121404886614197779,16,11
3782,40,0.90,Bot3,0,15,caught_by_fire,121404886614197779,16,11
3782,40,0.90,Bot4,0,15,caught_by_fire,121404886614197779,16,11
3783,40,0.90,Bot1,1,39,button,11187180746523723203,39,38
3783,40,0.90,Bot2,1,39,button,11187180746523723203,39,38
3783,40,0.90,Bot3,1,39,button,11187180746523723203,39,38
3783,40,0.90,Bot4,1,39,button,11187180746523723203,39,38
3784,40,0.90,Bot1,1,22,button,15867358503891635462,22,33
3784,40,0.90,Bot2,1,22,button,15867358503891635462,22,33
3784,40,0.90,Bot3,1,22,button,15867358503891635462,22,33
3784,40,0.90,Bot4,1,22,button,15867358503891635462,22,33
3785,40,0.90,Bot1,0,38,walked_into_fire,12003770350641058077,53,28
3785,40,0.90,Bot2,0,46,caught_by_fire,12003770350641058077,53,28
3785,40,0.90,Bot3,0,46,caught_by_fire,12003770350641058077,53,28
3785,40,0.90,Bot4,0,46,caught_by_fire,12003770350641058077,53,28
3786,40,0.90,Bot1,0,9,walked_into_fire,7740115857591192400,39,22
3786,40,0.90,Bot2,0,23,caught_by_fire,7740115857591192400,39,22
3786,40,0.90,Bot3,0,25,caught_by_fire,7740115857591192400,39,22
3786,40,0.90,Bot4,0,26,caught_by_fire,7740115857591192400,39,22
3787,40,0.90,Bot1,0,13,walked_into_fire,15418856976263741831,32,8
3787,40,0.90,Bot2,0,21,caught_by_fire,15418856976263741831,32,8
3787,40,0.90,Bot3,0,21,caught_by_fire,15418856976263741831,32,8
3787,40,0.90,Bot4,0,21,caught_by_fire,15418856976263741831,32,8
3788,40,0.90,Bot1,0,26,caught_by_fire,11166849098360391559,46,36
3788,40,0.90,Bot2,0,41,caught_by_fire,11166849098360391559,46,36
3788,40,0.90,Bot3,0,41,caught_by_fire,11166849098360391559,46,36
3788,40,0.90,Bot4,0,41,caught_by_fire,11166849098360391559,46,36
3789,40,0.90,Bot1,0,11,caught_by_fire,12337645865867867220,50,30
3789,40,0.90,Bot2,0,20,caught_by_fire,12337645865867867220,50,30
3789,40,0.90,Bot3,0,20,caught_by_fire,12337645865867867220,50,30
3789,40,0.90,Bot4,0,20,caught_by_fire,12337645865867867220,50,30
3790,40,0.90,Bot1,1,26,button,15517013324061585376,26,43
3790,40,0.90,Bot2,1,26,button,15517013324061585376,26,43
3790,40,0.90,Bot3,1,26,button,15517013324061585376,26,43
3790,40,0.90,Bot4,1,26,button,15517013324061585376,26,43
3791,40,0.90,Bot1,1,17,button,10022511122006324426,17,38
3791,40,0.90,Bot2,1,17,button,10022511122006324426,17,38
3791,40,0.90,Bot3,1,17,button,10022511122006324426,17,38
3791,40,0.90,Bot4,1,17,button,10022511122006324426,17,38
3792,40,0.90,Bot1,1,34,button,3228649894239279828,34,36
3792,40,0.90,Bot2,1,34,button,3228649894239279828,34,36
3792,40,0.90,Bot3,1,34,button,3228649894239279828,34,36
3792,40,0.90,Bot4,1,34,button,3228649894239279828,34,36
3793,40,0.90,Bot1,1,15,button,3589912826621589829,15,30
3793,40,0.90,Bot2,1,15,button,3589912826621589829,15,30
3793,40,0.90,Bot3,1,15,button,3589912826621589829,15,30
3793,40,0.90,Bot4,1,15,button,3589912826621589829,15,30
3794,40,0.90,Bot1,1,28,button,10657737358667299679,28,33
3794,40,0.90,Bot2,1,28,button,10657737358667299679,28,33
3794,40,0.90,Bot3,1,28,button,10657737358667299679,28,33
3794,40,0.90,Bot4,1,28,button,10657737358667299679,28,33
3795,40,0.90,Bot1,1,34,button,17982206192641478878,34,32
3795,40,0.90,Bot2,1,34,button,17982206192641478878,34,32
3795,40,0.90,Bot3,1,34,button,17982206192641478878,34,32
3795,40,0.90,Bot4,1,34,button,17982206192641478878,34,32
3796,40,0.90,Bot1,1,50,button,2695777329367468746,50,59
3796,40,0.90,Bot2,1,50,button,2695777329367468746,50,59
3796,40,0.90,Bot3,1,50,button,2695777329367468746,50,59
3796,40,0.90,Bot4,1,50,button,2695777329367468746,50,59
3797,40,0.90,Bot1,1,53,button,1773013146509548104,53,56
3797,40,0.90,Bot2,1,53,button,1773013146509548104,53,56
3797,40,0.90,Bot3,1,53,button,1773013146509548104,53,56
3797,40,0.90,Bot4,1,53,button,1773013146509548104,53,56
3798,40,0.90,Bot1,1,5,button,3955417661135315070,5,26
3798,40,0.90,Bot2,1,5,button,3955417661135315070,5,26
3798,40,0.90,Bot3,1,5,button,3955417661135315070,5,26
3798,40,0.90,Bot4,1,5,button,3955417661135315070,5,26
3799,40,0.90,Bot1,0,30,walked_into_fire,5019160120877914904,34,33
3799,40,0.90,Bot2,0,31,caught_by_fire,5019160120877914904,34,33
3799,40,0.90,Bot3,0,33,caught_by_fire,5019160120877914904,34,33
3799,40,0.90,Bot4,0,31,caught_by_fire,5019160120877914904,34,33
3800,40,0.95,Bot1,1,25,button,2998045283456094480,25,34
3800,40,0.95,Bot2,1,25,button,2998045283456094480,25,34
3800,40,0.95,Bot3,1,25,button,2998045283456094480,25,34
3800,40,0.95,Bot4,1,25,button,2998045283456094480,25,34
3801,40,0.95,Bot1,0,17,walked_into_fire,10585010435170884179,41,29
3801,40,0.95,Bot2,0,28,caught_by_fire,10585010435170884179,41,29
3801,40,0.95,Bot3,0,30,caught_by_fire,10585010435170884179,41,29
3801,40,0.95,Bot4,0,28,caught_by_fire,10585010435170884179,41,29
3802,40,0.95,Bot1,1,23,button,12504021262792663094,23,68
3802,40,0.95,Bot2,1,23,button,12504021262792663094,23,68
3802,40,0.95,Bot3,1,23,button,12504021262792663094,23,68
3802,40,0.95,Bot4,1,23,button,12504021262792663094,23,68
3803,40,0.95,Bot1,0,22,walked_into_fire,5629275757651701605,48,19
3803,40,0.95,Bot2,0,29,caught_by_fire,5629275757651701605,48,19
3803,40,0.95,Bot3,0,31,caught_by_fire,5629275757651701605,48,19
3803,40,0.95,Bot4,0,29,caught_by_fire,5629275757651701605,48,19
3804,40,0.95,Bot1,0,15,caught_by_fire,5654939371773422930,52,34
3804,40,0.95,Bot2,0,39,caught_by_fire,5654939371773422930,52,34
3804,40,0.95,Bot3,0,37,caught_by_fire,5654939371773422930,52,34
3804,40,0.95,Bot4,0,39,caught_by_fire,5654939371773422930,52,34
3805,40,0.95,Bot1,0,6,walked_into_fire,16253581217841977373,44,39
3805,40,0.95,Bot2,0,8,caught_by_fire,16253581217841977373,44,39
3805,40,0.95,Bot3,0,8,caught_by_fire,16253581217841977373,44,39
3805,40,0.95,Bot4,0,8,caught_by_fire,16253581217841977373,44,39
3806,40,0.95,Bot1,0,24,caught_by_fire,3353477150899110198,51,33
3806,40,0.95,Bot2,0,22,caught_by_fire,3353477150899110198,51,33
3806,40,0.95,Bot3,0,30,caught_by_fire,3353477150899110198,51,33
3806,40,0.95,Bot4,0,32,caught_by_fire,3353477150899110198,51,33
3807,40,0.95,Bot1,1,44,button,9338384265582254201,44,46
3807,40,0.95,Bot2,1,44,button,9338384265582254201,44,46
3807,40,0.95,Bot3,1,44,button,9338384265582254201,44,46
3807,40,0.95,Bot4,1,44,button,9338384265582254201,44,46
3808,40,0.95,Bot1,0,32,caught_by_fire,12642012758470830189,61,25
3808,40,0.95,Bot2,0,39,caught_by_fire,12642012758470830189,61,25
3808,40,0.95,Bot3,0,39,caught_by_fire,12642012758470830189,61,25
3808,40,0.95,Bot4,0,38,caught_by_fire,12642012758470830189,61,25
3809,40,0.95,Bot1,0,23,walked_into_fire,8045675320973073995,29,14
3809,40,0.95,Bot2,0,29,caught_by_fire,8045675320973073995,29,14
3809,40,0.95,Bot3,0,29,caught_by_fire,8045675320973073995,29,14
3809,40,0.95,Bot4,0,28,caught_by_fire,8045675320973073995,29,14
3810,40,0.95,Bot1,1,19,button,18103540365942119883,19,52
3810,40,0.95,Bot2,1,19,button,18103540365942119883,19,52
3810,40,0.95,Bot3,1,19,button,18103540365942119883,19,52
3810,40,0.95,Bot4,1,19,button,18103540365942119883,19,52
3811,40,0.95,Bot1,1,17,button,10522293150725944822,17,46
3811,40,0.95,Bot2,1,17,button,10522293150725944822,17,46
3811,40,0.95,Bot3,1,17,button,10522293150725944822,17,46
3811,40,0.95,Bot4,1,17,button,10522293150725944822,17,46
3812,40,0.95,Bot1,0,29,caught_by_fire,2282867239109540000,46,14
3812,40,0.95,Bot2,0,45,caught_by_fire,2282867239109540000,46,14
3812,40,0.95,Bot3,0,45,caught_by_fire,2282867239109540000,46,14
3812,40,0.95,Bot4,0,44,caught_by_fire,2282867239109540000,46,14
3813,40,0.95,Bot1,0,11,caught_by_fire,5495702451587176564,27,19
3813,40,0.95,Bot2,0,21,caught_by_fire,5495702451587176564,27,19
3813,40,0.95,Bot3,0,21,caught_by_fire,5495702451587176564,27,19
3813,40,0.95,Bot4,0,22,caught_by_fire,5495702451587176564,27,19
3814,40,0.95,Bot1,0,37,caught_by_fire,7330092806800052645,49,36
3814,40,0.95,Bot2,0,42,caught_by_fire,7330092806800052645,49,36
3814,40,0.95,Bot3,0,42,caught_by_fire,7330092806800052645,49,36
3814,40,0.95,Bot4,0,43,caught_by_fire,7330092806800052645,49,36
3815,40,0.95,Bot1,1,23,button,7852555856548459447,23,47
3815,40,0.95,Bot2,1,23,button,7852555856548459447,23,47
3815,40,0.95,Bot3,1,23,button,7852555856548459447,23,47
3815,40,0.95,Bot4,1,23,button,7852555856548459447,23,47
3816,40,0.95,Bot1,1,51,button,6980083233925348445,51,58
3816,40,0.95,Bot2,1,51,button,6980083233925348445,51,58
3816,40,0.95,Bot3,1,51,button,6980083233925348445,51,58
3816,40,0.95,Bot4,1,51,button,6980083233925348445,51,58
3817,40,0.95,Bot1,0,19,walked_into_fire,2298067156380962413,26,23
3817,40,0.95,Bot2,0,20,caught_by_fire,2298067156380962413,26,23
3817,40,0.95,Bot3,0,25,caught_by_fire,2298067156380962413,26,23
3817,40,0.95,Bot4,0,20,caught_by_fire,2298067156380962413,26,23
3818,40,0.95,Bot1,0,3,walked_into_fire,12562767936558698688,38,35
3818,40,0.95,Bot2,0,22,caught_by_fire,12562767936558698688,38,35
3818,40,0.95,Bot3,0,22,caught_by_fire,12562767936558698688,38,35
3818,40,0.95,Bot4,0,22,caught_by_fire,12562767936558698688,38,35
3819,40,0.95,Bot1,0,27,caught_by_fire,16428418583601254963,39,27
3819,40,0.95,Bot2,0,27,caught_by_fire,16428418583601254963,39,27
3819,40,0.95,Bot3,0,29,caught_by_fire,16428418583601254963,39,27
3819,40,0.95,Bot4,0,27,caught_by_fire,16428418583601254963,39,27
3820,40,0.95,Bot1,1,28,button,5372571581413666850,28,31
3820,40,0.95,Bot2,1,28,button,5372571581413666850,28,31
3820,40,0.95,Bot3,1,28,button,5372571581413666850,28,31
3820,40,0.95,Bot4,1,28,button,5372571581413666850,28,31
3821,40,0.95,Bot1,0,19,walked_into_fire,10239899103512621609,49,43
3821,40,0.95,Bot2,0,25,caught_by_fire,10239899103512621609,49,43
3821,40,0.95,Bot3,0,24,caught_by_fire,10239899103512621609,49,43
3821,40,0.95,Bot4,0,25,caught_by_fire,10239899103512621609,49,43
3822,40,0.95,Bot1,0,21,caught_by_fire,6926433718564930179,47,34
3822,40,0.95,Bot2,0,21,caught_by_fire,6926433718564930179,47,34
3822,40,0.95,Bot3,0,29,caught_by_fire,6926433718564930179,47,34
3822,40,0.95,Bot4,0,33,caught_by_fire,6926433718564930179,47,34
3823,40,0.95,Bot1,0,22,caught_by_fire,4430519885103484565,49,37
3823,40,0.95,Bot2,0,26,caught_by_fire,4430519885103484565,49,37
3823,40,0.95,Bot3,0,26,caught_by_fire,4430519885103484565,49,37
3823,40,0.95,Bot4,0,26,caught_by_fire,4430519885103484565,49,37
3824,40,0.95,Bot1,1,37,button,1347791696273266853,37,49
3824,40,0.95,Bot2,1,37,button,1347791696273266853,37,49
3824,40,0.95,Bot3,1,37,button,1347791696273266853,37,49
3824,40,0.95,Bot4,1,37,button,1347791696273266853,37,49
3825,40,0.95,Bot1,1,30,button,5402462413486092506,30,32
3825,40,0.95,Bot2,1,30,button,5402462413486092506,30,32
3825,40,0.95,Bot3,1,30,button,5402462413486092506,30,32
3825,40,0.95,Bot4,1,30,button,5402462413486092506,30,32
3826,40,0.95,Bot1,0,11,caught_by_fire,14477551253214757,66,49
3826,40,0.95,Bot2,0,40,caught_by_fire,14477551253214757,66,49
3826,40,0.95,Bot3,0,45,caught_by_fire,14477551253214757,66,49
3826,40,0.95,Bot4,0,42,caught_by_fire,14477551253214757,66,49
3827,40,0.95,Bot1,1,27,button,13720435459757267486,27,37
3827,40,0.95,Bot2,1,27,button,13720435459757267486,27,37
3827,40,0.95,Bot3,1,27,button,13720435459757267486,27,37
3827,40,0.95,Bot4,1,27,button,13720435459757267486,27,37
3828,40,0.95,Bot1,1,5,button,9101782170408015684,5,27
3828,40,0.95,Bot2,1,5,button,9101782170408015684,5,27
3828,40,0.95,Bot3,1,5,button,9101782170408015684,5,27
3828,40,0.95,Bot4,1,5,button,9101782170408015684,5,27
3829,40,0.95,Bot1,0,8,caught_by_fire,7506843847141089712,36,20
3829,40,0.95,Bot2,0,34,caught_by_fire,7506843847141089712,36,20
3829,40,0.95,Bot3,0,33,caught_by_fire,7506843847141089712,36,20
3829,40,0.95,Bot4,0,34,caught_by_fire,7506843847141089712,36,20
3830,40,0.95,Bot1,0,14,caught_by_fire,13668161374922410144,29,12
3830,40,0.95,Bot2,0,16,caught_by_fire,13668161374922410144,29,12
3830,40,0.95,Bot3,0,18,caught_by_fire,13668161374922410144,29,12
3830,40,0.95,Bot4,0,17,caught_by_fire,13668161374922410144,29,12
3831,40,0.95,Bot1,0,24,walked_into_fire,11218402761732970518,43,28
3831,40,0.95,Bot2,0,32,caught_by_fire,11218402761732970518,43,28
3831,40,0.95,Bot3,0,32,caught_by_fire,11218402761732970518,43,28
3831,40,0.95,Bot4,0,30,caught_by_fire,11218402761732970518,43,28
3832,40,0.95,Bot1,1,23,button,7105199879430455908,23,32
3832,40,0.95,Bot2,1,23,button,7105199879430455908,23,32
3832,40,0.95,Bot3,1,23,button,7105199879430455908,23,32
3832,40,0.95,Bot4,1,23,button,7105199879430455908,23,32
3833,40,0.95,Bot1,0,18,caught_by_fire,810115138111596997,57,35
3833,40,0.95,Bot2,0,32,caught_by_fire,810115138111596997,57,35
3833,40,0.95,Bot3,0,34,caught_by_fire,810115138111596997,57,35
3833,40,0.95,Bot4,0,32,caught_by_fire,810115138111596997,57,35
3834,40,0.95,Bot1,1,11,button,17066134205068317235,11,19
3834,40,0.95,Bot2,1,11,button,17066134205068317235,11,19
3834,40,0.95,Bot3,1,11,button,17066134205068317235,11,19
3834,40,0.95,Bot4,1,11,button,17066134205068317235,11,19
3835,40,0.95,Bot1,0,24,caught_by_fire,12809121572557810297,80,41
3835,40,0.95,Bot2,0,37,caught_by_fire,12809121572557810297,80,41
3835,40,0.95,Bot3,0,38,caught_by_fire,12809121572557810297,80,41
3835,40,0.95,Bot4,0,37,caught_by_fire,12809121572557810297,80,41
3836,40,0.95,Bot1,1,20,button,954379045605909990,20,42
3836,40,0.95,Bot2,1,20,button,954379045605909990,20,42
3836,40,0.95,Bot3,1,20,button,954379045605909990,20,42
3836,40,0.95,Bot4,1,20,button,954379045605909990,20,42
3837,40,0.95,Bot1,0,15,caught_by_fire,17061450372861446663,33,15
3837,40,0.95,Bot2,0,15,caught_by_fire,17061450372861446663,33,15
3837,40,0.95,Bot3,0,17,caught_by_fire,17061450372861446663,33,15
3837,40,0.95,Bot4,0,15,caught_by_fire,17061450372861446663,33,15
3838,40,0.95,Bot1,1,52,button,4791197908216332561,52,55
3838,40,0.95,Bot2,1,52,button,4791197908216332561,52,55
3838,40,0.95,Bot3,1,52,button,4791197908216332561,52,55
3838,40,0.95,Bot4,1,52,button,4791197908216332561,52,55
3839,40,0.95,Bot1,1,44,button,5390185874050024636,44,58
3839,40,0.95,Bot2,1,44,button,5390185874050024636,44,58
3839,40,0.95,Bot3,1,44,button,5390185874050024636,44,58
3839,40,0.95,Bot4,1,44,button,5390185874050024636,44,58
3840,40,0.95,Bot1,0,5,walked_into_fire,16188523020840943324,33,32
3840,40,0.95,Bot2,0,5,caught_by_fire,16188523020840943324,33,32
3840,40,0.95,Bot3,0,5,caught_by_fire,16188523020840943324,33,32
3840,40,0.95,Bot4,0,5,caught_by_fire,16188523020840943324,33,32
3841,40,0.95,Bot1,1,32,button,12554908616943872351,32,49
3841,40,0.95,Bot2,1,32,button,12554908616943872351,32,49
3841,40,0.95,Bot3,1,32,button,12554908616943872351,32,49
3841,40,0.95,Bot4,1,32,button,12554908616943872351,32,49
3842,40,0.95,Bot1,0,11,caught_by_fire,3575380662693774277,34,30
3842,40,0.95,Bot2,0,12,caught_by_fire,3575380662693774277,34,30
3842,40,0.95,Bot3,0,12,caught_by_fire,3575380662693774277,34,30
3842,40,0.95,Bot4,0,12,caught_by_fire,3575380662693774277,34,30
3843,40,0.95,Bot1,1,27,button,5862878824556243513,27,28
3843,40,0.95,Bot2,1,27,button,5862878824556243513,27,28
3843,40,0.95,Bot3,1,27,button,5862878824556243513,27,28
3843,40,0.95,Bot4,1,27,button,5862878824556243513,27,28
3844,40,0.95,Bot1,0,5,caught_by_fire,1829961175104764582,56,50
3844,40,0.95,Bot2,0,5,caught_by_fire,1829961175104764582,56,50
3844,40,0.95,Bot3,0,36,caught_by_fire,1829961175104764582,56,50
3844,40,0.95,Bot4,0,5,caught_by_fire,1829961175104764582,56,50
3845,40,0.95,Bot1,1,9,button,2193480131734771307,9,26
3845,40,0.95,Bot2,1,9,button,2193480131734771307,9,26
3845,40,0.95,Bot3,1,9,button,2193480131734771307,9,26
3845,40,0.95,Bot4,1,9,button,2193480131734771307,9,26
3846,40,0.95,Bot1,0,28,caught_by_fire,7934762739707000960,52,14
3846,40,0.95,Bot2,0,43,caught_by_fire,7934762739707000960,52,14
3846,40,0.95,Bot3,0,43,caught_by_fire,7934762739707000960,52,14
3846,40,0.95,Bot4,0,43,caught_by_fire,7934762739707000960,52,14
3847,40,0.95,Bot1,1,2,button,15524821917673347613,2,4
3847,40,0.95,Bot2,1,2,button,15524821917673347613,2,4
3847,40,0.95,Bot3,1,2,button,15524821917673347613,2,4
3847,40,0.95,Bot4,1,2,button,15524821917673347613,2,4
3848,40,0.95,Bot1,0,22,walked_into_fire,15937450169406736444,40,29
3848,40,0.95,Bot2,0,31,caught_by_fire,15937450169406736444,40,29
3848,40,0.95,Bot3,0,35,caught_by_fire,15937450169406736444,40,29
3848,40,0.95,Bot4,0,34,caught_by_fire,15937450169406736444,40,29
3849,40,0.95,Bot1,0,2,caught_by_fire,2550038147825486656,29,27
3849,40,0.95,Bot2,0,2,caught_by_fire,2550038147825486656,29,27
3849,40,0.95,Bot3,0,2,caught_by_fire,2550038147825486656,29,27
3849,40,0.95,Bot4,0,2,caught_by_fire,2550038147825486656,29,27
3850,40,0.95,Bot1,0,20,walked_into_fire,10867480575274170208,46,37
3850,40,0.95,Bot2,0,31,caught_by_fire,10867480575274170208,46,37
3850,40,0.95,Bot3,0,29,caught_by_fire,10867480575274170208,46,37
3850,40,0.95,Bot4,0,31,caught_by_fire,10867480575274170208,46,37
3851,40,0.95,Bot1,1,8,button,18120317083415306091,8,31
3851,40,0.95,Bot2,1,8,button,18120317083415306091,8,31
3851,40,0.95,Bot3,1,8,button,18120317083415306091,8,31
3851,40,0.95,Bot4,1,8,button,18120317083415306091,8,31
3852,40,0.95,Bot1,0,13,caught_by_fire,11566649814569801943,44,22
3852,40,0.95,Bot2,0,15,caught_by_fire,11566649814569801943,44,22
3852,40,0.95,Bot3,0,15,caught_by_fire,11566649814569801943,44,22
3852,40,0.95,Bot4,0,15,caught_by_fire,11566649814569801943,44,22
3853,40,0.95,Bot1,1,44,button,7376981938442424277,44,45
3853,40,0.95,Bot2,1,44,button,7376981938442424277,44,45
3853,40,0.95,Bot3,1,44,button,7376981938442424277,44,45
3853,40,0.95,Bot4,1,44,button,7376981938442424277,44,45
3854,40,0.95,Bot1,1,16,button,12742971594274893821,16,28
3854,40,0.95,Bot2,1,16,button,12742971594274893821,16,28
3854,40,0.95,Bot3,1,16,button,12742971594274893821,16,28
3854,40,0.95,Bot4,1,16,button,12742971594274893821,16,28
3855,40,0.95,Bot1,1,16,button,294185310976827100,16,36
3855,40,0.95,Bot2,1,16,button,294185310976827100,16,36
3855,40,0.95,Bot3,1,16,button,294185310976827100,16,36
3855,40,0.95,Bot4,1,16,button,294185310976827100,16,36
3856,40,0.95,Bot1,0,15,caught_by_fire,3248718157103787783,43,23
3856,40,0.95,Bot2,0,17,caught_by_fire,3248718157103787783,43,23
3856,40,0.95,Bot3,0,17,caught_by_fire,3248718157103787783,43,23
3856,40,0.95,Bot4,0,17,caught_by_fire,3248718157103787783,43,23
3857,40,0.95,Bot1,1,13,button,7747748847556045507,13,49
3857,40,0.95,Bot2,1,13,button,7747748847556045507,13,49
3857,40,0.95,Bot3,1,13,button,7747748847556045507,13,49
3857,40,0.95,Bot4,1,13,button,7747748847556045507,13,49
3858,40,0.95,Bot1,1,46,button,16029828140047934204,46,55
3858,40,0.95,Bot2,1,46,button,16029828140047934204,46,55
3858,40,0.95,Bot3,1,46,button,16029828140047934204,46,55
3858,40,0.95,Bot4,1,46,button,16029828140047934204,46,55
3859,40,0.95,Bot1,0,14,walked_into_fire,12800975013627672707,16,11
3859,40,0.95,Bot2,0,16,caught_by_fire,12800975013627672707,16,11
3859,40,0.95,Bot3,0,16,caught_by_fire,12800975013627672707,16,11
3859,40,0.95,Bot4,0,17,caught_by_fire,12800975013627672707,16,11
3860,40,0.95,Bot1,1,26,button,12950662921322816619,26,67
3860,40,0.95,Bot2,1,26,button,12950662921322816619,26,67
3860,40,0.95,Bot3,1,26,button,12950662921322816619,26,67
3860,40,0.95,Bot4,1,26,button,12950662921322816619,26,67
3861,40,0.95,Bot1,1,8,button,17381711057712522821,8,47
3861,40,0.95,Bot2,1,8,button,17381711057712522821,8,47
3861,40,0.95,Bot3,1,8,button,17381711057712522821,8,47
3861,40,0.95,Bot4,1,8,button,17381711057712522821,8,47
3862,40,0.95,Bot1,1,31,button,10618390289570252450,31,47
3862,40,0.95,Bot2,1,31,button,10618390289570252450,31,47
3862,40,0.95,Bot3,1,31,button,10618390289570252450,31,47
3862,40,0.95,Bot4,1,31,button,10618390289570252450,31,47
3863,40,0.95,Bot1,0,8,caught_by_fire,16799735114924168308,17,1
3863,40,0.95,Bot2,0,16,caught_by_fire,16799735114924168308,17,1
3863,40,0.95,Bot3,0,16,caught_by_fire,16799735114924168308,17,1
3863,40,0.95,Bot4,0,16,caught_by_fire,16799735114924168308,17,1
3864,40,0.95,Bot1,1,15,button,2463083034073421733,15,38
3864,40,0.95,Bot2,1,15,button,2463083034073421733,15,38
3864,40,0.95,Bot3,1,15,button,2463083034073421733,15,38
3864,40,0.95,Bot4,1,15,button,2463083034073421733,15,38
3865,40,0.95,Bot1,0,19,walked_into_fire,17279505672601912113,23,14
3865,40,0.95,Bot2,0,23,caught_by_fire,17279505672601912113,23,14
3865,40,0.95,Bot3,0,23,caught_by_fire,17279505672601912113,23,14
3865,40,0.95,Bot4,0,22,caught_by_fire,17279505672601912113,23,14
3866,40,0.95,Bot1,0,9,walked_into_fire,1293586195779429181,57,52
3866,40,0.95,Bot2,0,9,caught_by_fire,1293586195779429181,57,52
3866,40,0.95,Bot3,0,9,caught_by_fire,1293586195779429181,57,52
3866,40,0.95,Bot4,0,9,caught_by_fire,1293586195779429181,57,52
3867,40,0.95,Bot1,1,20,button,3741877758525015684,20,34
3867,40,0.95,Bot2,1,20,button,3741877758525015684,20,34
3867,40,0.95,Bot3,1,20,button,3741877758525015684,20,34
3867,40,0.95,Bot4,1,20,button,3741877758525015684,20,34
3868,40,0.95,Bot1,1,15,button,4263617810781575925,15,32
3868,40,0.95,Bot2,1,15,button,4263617810781575925,15,32
3868,40,0.95,Bot3,1,15,button,4263617810781575925,15,32
3868,40,0.95,Bot4,1,15,button,4263617810781575925,15,32
3869,40,0.95,Bot1,0,29,walked_into_fire,15456311900386447645,53,14
3869,40,0.95,Bot2,0,41,caught_by_fire,15456311900386447645,53,14
3869,40,0.95,Bot3,0,41,caught_by_fire,15456311900386447645,53,14
3869,40,0.95,Bot4,0,41,caught_by_fire,15456311900386447645,53,14
3870,40,0.95,Bot1,1,57,button,12015796646723638627,57,66
3870,40,0.95,Bot2,1,57,button,12015796646723638627,57,66
3870,40,0.95,Bot3,1,57,button,12015796646723638627,57,66
3870,40,0.95,Bot4,1,57,button,12015796646723638627,57,66
3871,40,0.95,Bot1,1,21,button,237817818655115688,21,66
3871,40,0.95,Bot2,1,21,button,237817818655115688,21,66
3871,40,0.95,Bot3,1,21,button,237817818655115688,21,66
3871,40,0.95,Bot4,1,21,button,237817818655115688,21,66
3872,40,0.95,Bot1,1,28,button,12556122391364259357,28,56
3872,40,0.95,Bot2,1,28,button,12556122391364259357,28,56
3872,40,0.95,Bot3,1,28,button,12556122391364259357,28,56
3872,40,0.95,Bot4,1,28,button,12556122391364259357,28,56
3873,40,0.95,Bot1,1,41,button,4681971245740695107,41,44
3873,40,0.95,Bot2,1,41,button,4681971245740695107,41,44
3873,40,0.95,Bot3,1,41,button,4681971245740695107,41,44
3873,40,0.95,Bot4,1,41,button,4681971245740695107,41,44
3874,40,0.95,Bot1,0,22,walked_into_fire,17467848365803782572,60,41
3874,40,0.95,Bot2,0,42,caught_by_fire,17467848365803782572,60,41
3874,40,0.95,Bot3,0,45,caught_by_fire,17467848365803782572,60,41
3874,40,0.95,Bot4,0,42,caught_by_fire,17467848365803782572,60,41
3875,40,0.95,Bot1,1,34,button,18179388660584173067,34,48
3875,40,0.95,Bot2,1,34,button,18179388660584173067,34,48
3875,40,0.95,Bot3,1,34,button,18179388660584173067,34,48
3875,40,0.95,Bot4,1,34,button,18179388660584173067,34,48
3876,40,0.95,Bot1,1,30,button,14323130383699354681,30,43
3876,40,0.95,Bot2,1,30,button,14323130383699354681,30,43
3876,40,0.95,Bot3,1,30,button,14323130383699354681,30,43
3876,40,0.95,Bot4,1,30,button,14323130383699354681,30,43
3877,40,0.95,Bot1,0,11,caught_by_fire,17548186909969994069,13,11
3877,40,0.95,Bot2,0,13,caught_by_fire,17548186909969994069,13,11
3877,40,0.95,Bot3,0,15,caught_by_fire,17548186909969994069,13,11
3877,40,0.95,Bot4,0,14,caught_by_fire,17548186909969994069,13,11
3878,40,0.95,Bot1,0,29,caught_by_fire,13215810134557231550,69,14
3878,40,0.95,Bot2,0,56,caught_by_fire,13215810134557231550,69,14
3878,40,0.95,Bot3,0,56,caught_by_fire,13215810134557231550,69,14
3878,40,0.95,Bot4,0,56,caught_by_fire,13215810134557231550,69,14
3879,40,0.95,Bot1,0,9,caught_by_fire,4975225151543044462,46,32
3879,40,0.95,Bot2,0,9,caught_by_fire,4975225151543044462,46,32
3879,40,0.95,Bot3,0,19,caught_by_fire,4975225151543044462,46,32
3879,40,0.95,Bot4,0,9,caught_by_fire,4975225151543044462,46,32
3880,40,0.95,Bot1,0,16,walked_into_fire,11044584220554749717,51,42
3880,40,0.95,Bot2,0,18,caught_by_fire,11044584220554749717,51,42
3880,40,0.95,Bot3,0,18,caught_by_fire,11044584220554749717,51,42
3880,40,0.95,Bot4,0,21,caught_by_fire,11044584220554749717,51,42
3881,40,0.95,Bot1,1,11,button,16050560889672610917,11,30
3881,40,0.95,Bot2,1,11,button,16050560889672610917,11,30
3881,40,0.95,Bot3,1,11,button,16050560889672610917,11,30
3881,40,0.95,Bot4,1,11,button,16050560889672610917,11,30
3882,40,0.95,Bot1,1,36,button,13901502552785552734,36,51
3882,40,0.95,Bot2,1,36,button,13901502552785552734,36,51
3882,40,0.95,Bot3,1,36,button,13901502552785552734,36,51
3882,40,0.95,Bot4,1,36,button,13901502552785552734,36,51
3883,40,0.95,Bot1,0,24,caught_by_fire,18194887629944610502,62,50
3883,40,0.95,Bot2,0,51,caught_by_fire,18194887629944610502,62,50
3883,40,0.95,Bot3,0,51,caught_by_fire,18194887629944610502,62,50
3883,40,0.95,Bot4,0,51,caught_by_fire,18194887629944610502,62,50
3884,40,0.95,Bot1,1,27,button,2307321187380896075,27,42
3884,40,0.95,Bot2,1,27,button,2307321187380896075,27,42
3884,40,0.95,Bot3,1,27,button,2307321187380896075,27,42
3884,40,0.95,Bot4,1,27,button,2307321187380896075,27,42
3885,40,0.95,Bot1,0,13,walked_into_fire,2585247362548164240,29,20
3885,40,0.95,Bot2,0,23,caught_by_fire,2585247362548164240,29,20
3885,40,0.95,Bot3,0,23,caught_by_fire,2585247362548164240,29,20
3885,40,0.95,Bot4,0,23,caught_by_fire,2585247362548164240,29,20
3886,40,0.95,Bot1,0,2,caught_by_fire,11542495871071511467,15,11
3886,40,0.95,Bot2,0,2,caught_by_fire,11542495871071511467,15,11
3886,40,0.95,Bot3,0,2,caught_by_fire,11542495871071511467,15,11
3886,40,0.95,Bot4,0,2,caught_by_fire,11542495871071511467,15,11
3887,40,0.95,Bot1,1,2,button,15624206307654600452,2,12
3887,40,0.95,Bot2,1,2,button,15624206307654600452,2,12
3887,40,0.95,Bot3,1,2,button,15624206307654600452,2,12
3887,40,0.95,Bot4,1,2,button,15624206307654600452,2,12
3888,40,0.95,Bot1,1,19,button,6202700079202120364,19,31
3888,40,0.95,Bot2,1,19,button,6202700079202120364,19,31
3888,40,0.95,Bot3,1,19,button,6202700079202120364,19,31
3888,40,0.95,Bot4,1,19,button,6202700079202120364,19,31
3889,40,0.95,Bot1,1,37,button,4933290420002420566,37,43
3889,40,0.95,Bot2,1,37,button,4933290420002420566,37,43
3889,40,0.95,Bot3,1,37,button,4933290420002420566,37,43
3889,40,0.95,Bot4,1,37,button,4933290420002420566,37,43
3890,40,0.95,Bot1,1,11,button,14384222733863361554,11,44
3890,40,0.95,Bot2,1,11,button,14384222733863361554,11,44
3890,40,0.95,Bot3,1,11,button,14384222733863361554,11,44
3890,40,0.95,Bot4,1,11,button,14384222733863361554,11,44
3891,40,0.95,Bot1,1,23,button,3287771126897451692,23,75
3891,40,0.95,Bot2,1,23,button,3287771126897451692,23,75
3891,40,0.95,Bot3,1,23,button,3287771126897451692,23,75
3891,40,0.95,Bot4,1,23,button,3287771126897451692,23,75
3892,40,0.95,Bot1,1,42,button,6492394145662515792,42,49
3892,40,0.95,Bot2,1,42,button,6492394145662515792,42,49
3892,40,0.95,Bot3,1,42,button,6492394145662515792,42,49
3892,40,0.95,Bot4,1,42,button,6492394145662515792,42,49
3893,40,0.95,Bot1,1,37,button,2215354114020881461,37,55
3893,40,0.95,Bot2,1,37,button,2215354114020881461,37,55
3893,40,0.95,Bot3,1,37,button,2215354114020881461,37,55
3893,40,0.95,Bot4,1,37,button,2215354114020881461,37,55
3894,40,0.95,Bot1,1,17,button,9946219598366237947,17,19
3894,40,0.95,Bot2,1,17,button,9946219598366237947,17,19
3894,40,0.95,Bot3,1,17,button,9946219598366237947,17,19
3894,40,0.95,Bot4,1,17,button,9946219598366237947,17,19
3895,40,0.95,Bot1,0,8,caught_by_fire,12282534863253055006,35,33
3895,40,0.95,Bot2,0,8,caught_by_fire,12282534863253055006,35,33
3895,40,0.95,Bot3,0,27,caught_by_fire,12282534863253055006,35,33
3895,40,0.95,Bot4,0,8,caught_by_fire,12282534863253055006,35,33
3896,40,0.95,Bot1,0,9,walked_into_fire,4653985922777647847,24,22
3896,40,0.95,Bot2,0,21,caught_by_fire,4653985922777647847,24,22
3896,40,0.95,Bot3,0,23,caught_by_fire,4653985922777647847,24,22
3896,40,0.95,Bot4,0,21,caught_by_fire,4653985922777647847,24,22
3897,40,0.95,Bot1,0,20,caught_by_fire,9419067284339704643,52,21
3897,40,0.95,Bot2,0,37,caught_by_fire,9419067284339704643,52,21
3897,40,0.95,Bot3,0,41,caught_by_fire,9419067284339704643,52,21
3897,40,0.95,Bot4,0,37,caught_by_fire,9419067284339704643,52,21
3898,40,0.95,Bot1,1,17,button,12560483581463792016,17,19
3898,40,0.95,Bot2,1,17,button,12560483581463792016,17,19
3898,40,0.95,Bot3,1,17,button,12560483581463792016,17,19
3898,40,0.95,Bot4,1,17,button,12560483581463792016,17,19
3899,40,0.95,Bot1,0,23,walked_into_fire,6275417582500378519,47,7
3899,40,0.95,Bot2,0,39,caught_by_fire,6275417582500378519,47,7
3899,40,0.95,Bot3,0,39,caught_by_fire,6275417582500378519,47,7
3899,40,0.95,Bot4,0,39,caught_by_fire,6275417582500378519,47,7
3900,40,0.95,Bot1,0,41,caught_by_fire,5695127718088520266,49,40
3900,40,0.95,Bot2,0,42,caught_by_fire,5695127718088520266,49,40
3900,40,0.95,Bot3,0,42,caught_by_fire,5695127718088520266,49,40
3900,40,0.95,Bot4,0,42,caught_by_fire,5695127718088520266,49,40
3901,40,0.95,Bot1,0,5,walked_into_fire,9136714007680221926,47,38
3901,40,0.95,Bot2,0,22,caught_by_fire,9136714007680221926,47,38
3901,40,0.95,Bot3,0,22,caught_by_fire,9136714007680221926,47,38
3901,40,0.95,Bot4,0,21,caught_by_fire,9136714007680221926,47,38
3902,40,0.95,Bot1,0,19,caught_by_fire,15827619887286386949,54,18
3902,40,0.95,Bot2,0,21,caught_by_fire,15827619887286386949,54,18
3902,40,0.95,Bot3,0,23,caught_by_fire,15827619887286386949,54,18
3902,40,0.95,Bot4,0,22,caught_by_fire,15827619887286386949,54,18
3903,40,0.95,Bot1,0,18,walked_into_fire,4240328159383881607,46,45
3903,40,0.95,Bot2,0,23,caught_by_fire,4240328159383881607,46,45
3903,40,0.95,Bot3,0,23,caught_by_fire,4240328159383881607,46,45
3903,40,0.95,Bot4,0,23,caught_by_fire,4240328159383881607,46,45
3904,40,0.95,Bot1,0,11,walked_into_fire,12934789235700171078,40,28
3904,40,0.95,Bot2,0,18,caught_by_fire,12934789235700171078,40,28
3904,40,0.95,Bot3,0,21,caught_by_fire,12934789235700171078,40,28
3904,40,0.95,Bot4,0,18,caught_by_fire,12934789235700171078,40,28
3905,40,0.95,Bot1,0,14,walked_into_fire,7287736843343942112,25,18
3905,40,0.95,Bot2,0,20,caught_by_fire,7287736843343942112,25,18
3905,40,0.95,Bot3,0,20,caught_by_fire,7287736843343942112,25,18
3905,40,0.95,Bot4,0,22,caught_by_fire,7287736843343942112,25,18
3906,40,0.95,Bot1,1,35,button,12851902658575572463,35,57
3906,40,0.95,Bot2,1,35,button,12851902658575572463,35,57
3906,40,0.95,Bot3,1,35,button,12851902658575572463,35,57
3906,40,0.95,Bot4,1,35,button,12851902658575572463,35,57
3907,40,0.95,Bot1,0,10,caught_by_fire,6630090304379977357,58,45
3907,40,0.95,Bot2,0,24,caught_by_fire,6630090304379977357,58,45
3907,40,0.95,Bot3,0,26,caught_by_fire,6630090304379977357,58,45
3907,40,0.95,Bot4,0,24,caught_by_fire,6630090304379977357,58,45
3908,40,0.95,Bot1,1,41,button,7398827578441374259,41,54
3908,40,0.95,Bot2,1,41,button,7398827578441374259,41,54
3908,40,0.95,Bot3,1,41,button,7398827578441374259,41,54
3908,40,0.95,Bot4,1,41,button,7398827578441374259,41,54
3909,40,0.95,Bot1,0,25,caught_by_fire,17371920029729391158,64,43
3909,40,0.95,Bot2,0,44,caught_by_fire,17371920029729391158,64,43
3909,40,0.95,Bot3,0,42,caught_by_fire,17371920029729391158,64,43
3909,40,0.95,Bot4,0,42,caught_by_fire,17371920029729391158,64,43
3910,40,0.95,Bot1,1,28,button,6586233991214863252,28,59
3910,40,0.95,Bot2,1,28,button,6586233991214863252,28,59
3910,40,0.95,Bot3,1,28,button,6586233991214863252,28,59
3910,40,0.95,Bot4,1,28,button,6586233991214863252,28,59
3911,40,0.95,Bot1,1,14,button,14865510921079824174,14,61
3911,40,0.95,Bot2,1,14,button,14865510921079824174,14,61
3911,40,0.95,Bot3,1,14,button,14865510921079824174,14,61
3911,40,0.95,Bot4,1,14,button,14865510921079824174,14,61
3912,40,0.95,Bot1,0,32,caught_by_fire,1977140357687806955,51,25
3912,40,0.95,Bot2,0,40,caught_by_fire,1977140357687806955,51,25
3912,40,0.95,Bot3,0,40,caught_by_fire,1977140357687806955,51,25
3912,40,0.95,Bot4,0,45,caught_by_fire,1977140357687806955,51,25
3913,40,0.95,Bot1,1,9,button,17343049552019167184,9,23
3913,40,0.95,Bot2,1,9,button,17343049552019167184,9,23
3913,40,0.95,Bot3,1,9,button,17343049552019167184,9,23
3913,40,0.95,Bot4,1,9,button,17343049552019167184,9,23
3914,40,0.95,Bot1,0,27,walked_into_fire,8080268556498514788,49,32
3914,40,0.95,Bot2,0,30,caught_by_fire,8080268556498514788,49,32
3914,40,0.95,Bot3,0,30,caught_by_fire,8080268556498514788,49,32
3914,40,0.95,Bot4,0,30,caught_by_fire,8080268556498514788,49,32
3915,40,0.95,Bot1,0,7,caught_by_fire,18289676813209014414,27,17
3915,40,0.95,Bot2,0,7,caught_by_fire,18289676813209014414,27,17
3915,40,0.95,Bot3,0,19,caught_by_fire,18289676813209014414,27,17
3915,40,0.95,Bot4,0,7,caught_by_fire,18289676813209014414,27,17
3916,40,0.95,Bot1,0,12,walked_into_fire,16266093644114737386,50,31
3916,40,0.95,Bot2,0,12,caught_by_fire,16266093644114737386,50,31
3916,40,0.95,Bot3,0,18,caught_by_fire,16266093644114737386,50,31
3916,40,0.95,Bot4,0,18,caught_by_fire,16266093644114737386,50,31
3917,40,0.95,Bot1,0,26,caught_by_fire,16896448258540709755,51,28
3917,40,0.95,Bot2,0,32,caught_by_fire,16896448258540709755,51,28
3917,40,0.95,Bot3,0,34,caught_by_fire,16896448258540709755,51,28
3917,40,0.95,Bot4,0,34,caught_by_fire,16896448258540709755,51,28
3918,40,0.95,Bot1,0,17,walked_into_fire,2380942753461628580,35,30
3918,40,0.95,Bot2,0,31,caught_by_fire,2380942753461628580,35,30
3918,40,0.95,Bot3,0,31,caught_by_fire,2380942753461628580,35,30
3918,40,0.95,Bot4,0,31,caught_by_fire,2380942753461628580,35,30
3919,40,0.95,Bot1,1,25,button,11519451985726184269,25,32
3919,40,0.95,Bot2,1,25,button,11519451985726184269,25,32
3919,40,0.95,Bot3,1,25,button,11519451985726184269,25,32
3919,40,0.95,Bot4,1,25,button,11519451985726184269,25,32
3920,40,0.95,Bot1,0,24,walked_into_fire,4958353659735435763,56,28
3920,40,0.95,Bot2,0,29,caught_by_fire,4958353659735435763,56,28
3920,40,0.95,Bot3,0,31,caught_by_fire,4958353659735435763,56,28
3920,40,0.95,Bot4,0,29,caught_by_fire,4958353659735435763,56,28
3921,40,0.95,Bot1,0,10,caught_by_fire,14242529973881851461,47,39
3921,40,0.95,Bot2,0,25,caught_by_fire,14242529973881851461,47,39
3921,40,0.95,Bot3,0,25,caught_by_fire,14242529973881851461,47,39
3921,40,0.95,Bot4,0,25,caught_by_fire,14242529973881851461,47,39
3922,40,0.95,Bot1,0,21,caught_by_fire,9792152621766467934,38,18
3922,40,0.95,Bot2,0,25,caught_by_fire,9792152621766467934,38,18
3922,40,0.95,Bot3,0,25,caught_by_fire,9792152621766467934,38,18
3922,40,0.95,Bot4,0,25,caught_by_fire,9792152621766467934,38,18
3923,40,0.95,Bot1,1,25,button,2904060331830890023,25,42
3923,40,0.95,Bot2,1,25,button,2904060331830890023,25,42
3923,40,0.95,Bot3,1,25,button,2904060331830890023,25,42
3923,40,0.95,Bot4,1,25,button,2904060331830890023,25,42
3924,40,0.95,Bot1,1,45,button,6980572139982563502,45,54
3924,40,0.95,Bot2,1,45,button,6980572139982563502,45,54
3924,40,0.95,Bot3,1,45,button,6980572139982563502,45,54
3924,40,0.95,Bot4,1,45,button,6980572139982563502,45,54
3925,40,0.95,Bot1,1,29,button,11319905105742792542,29,67
3925,40,0.95,Bot2,1,29,button,11319905105742792542,29,67
3925,40,0.95,Bot3,1,29,button,11319905105742792542,29,67
3925,40,0.95,Bot4,1,29,button,11319905105742792542,29,67
3926,40,0.95,Bot1,1,25,button,11737431222333541704,25,26
3926,40,0.95,Bot2,1,25,button,11737431222333541704,25,26
3926,40,0.95,Bot3,1,25,button,11737431222333541704,25,26
3926,40,0.95,Bot4,1,25,button,11737431222333541704,25,26
3927,40,0.95,Bot1,0,17,caught_by_fire,5445845838412022379,29,5
3927,40,0.95,Bot2,0,30,caught_by_fire,5445845838412022379,29,5
3927,40,0.95,Bot3,0,30,caught_by_fire,5445845838412022379,29,5
3927,40,0.95,Bot4,0,30,caught_by_fire,5445845838412022379,29,5
3928,40,0.95,Bot1,0,22,caught_by_fire,14595666364989967201,30,13
3928,40,0.95,Bot2,0,28,caught_by_fire,14595666364989967201,30,13
3928,40,0.95,Bot3,0,28,caught_by_fire,14595666364989967201,30,13
3928,40,0.95,Bot4,0,28,caught_by_fire,14595666364989967201,30,13
3929,40,0.95,Bot1,0,10,caught_by_fire,9099264457629761560,43,23
3929,40,0.95,Bot2,0,24,caught_by_fire,9099264457629761560,43,23
3929,40,0.95,Bot3,0,26,caught_by_fire,9099264457629761560,43,23
3929,40,0.95,Bot4,0,25,caught_by_fire,9099264457629761560,43,23
3930,40,0.95,Bot1,1,31,button,6788736550727683343,31,51
3930,40,0.95,Bot2,1,31,button,6788736550727683343,31,51
3930,40,0.95,Bot3,1,31,button,6788736550727683343,31,51
3930,40,0.95,Bot4,1,31,button,6788736550727683343,31,51
3931,40,0.95,Bot1,0,30,walked_into_fire,2996561440165760412,71,15
3931,40,0.95,Bot2,0,54,caught_by_fire,2996561440165760412,71,15
3931,40,0.95,Bot3,0,54,caught_by_fire,2996561440165760412,71,15
3931,40,0.95,Bot4,0,54,caught_by_fire,2996561440165760412,71,15
3932,40,0.95,Bot1,0,8,walked_into_fire,9810109297446851932,25,22
3932,40,0.95,Bot2,0,24,caught_by_fire,9810109297446851932,25,22
3932,40,0.95,Bot3,0,26,caught_by_fire,9810109297446851932,25,22
3932,40,0.95,Bot4,0,24,caught_by_fire,9810109297446851932,25,22
3933,40,0.95,Bot1,1,15,button,7227444188757514258,15,34
3933,40,0.95,Bot2,1,15,button,7227444188757514258,15,34
3933,40,0.95,Bot3,1,15,button,7227444188757514258,15,34
3933,40,0.95,Bot4,1,15,button,7227444188757514258,15,34
3934,40,0.95,Bot1,0,25,walked_into_fire,9062679714767488286,52,45
3934,40,0.95,Bot2,0,50,caught_by_fire,9062679714767488286,52,45
3934,40,0.95,Bot3,0,52,caught_by_fire,9062679714767488286,52,45
3934,40,0.95,Bot4,0,51,caught_by_fire,9062679714767488286,52,45
3935,40,0.95,Bot1,0,14,walked_into_fire,8921406768152955787,35,20
3935,40,0.95,Bot2,0,19,caught_by_fire,8921406768152955787,35,20
3935,40,0.95,Bot3,0,21,caught_by_fire,8921406768152955787,35,20
3935,40,0.95,Bot4,0,21,caught_by_fire,8921406768152955787,35,20
3936,40,0.95,Bot1,0,6,caught_by_fire,17247701014946798056,48,36
3936,40,0.95,Bot2,0,6,caught_by_fire,17247701014946798056,48,36
3936,40,0.95,Bot3,0,17,caught_by_fire,17247701014946798056,48,36
3936,40,0.95,Bot4,0,6,caught_by_fire,17247701014946798056,48,36
3937,40,0.95,Bot1,0,21,caught_by_fire,17988956843196196944,50,11
3937,40,0.95,Bot2,0,31,caught_by_fire,17988956843196196944,50,11
3937,40,0.95,Bot3,0,31,caught_by_fire,17988956843196196944,50,11
3937,40,0.95,Bot4,0,30,caught_by_fire,17988956843196196944,50,11
3938,40,0.95,Bot1,0,17,caught_by_fire,3933108747182493076,46,20
3938,40,0.95,Bot2,0,23,caught_by_fire,3933108747182493076,46,20
3938,40,0.95,Bot3,0,23,caught_by_fire,3933108747182493076,46,20
3938,40,0.95,Bot4,0,24,caught_by_fire,3933108747182493076,46,20
3939,40,0.95,Bot1,1,9,button,5482982319073495744,9,50
3939,40,0.95,Bot2,1,9,button,5482982319073495744,9,50
3939,40,0.95,Bot3,1,9,button,5482982319073495744,9,50
3939,40,0.95,Bot4,1,9,button,5482982319073495744,9,50
3940,40,0.95,Bot1,1,31,button,746605156172186250,31,51
3940,40,0.95,Bot2,1,31,button,746605156172186250,31,51
3940,40,0.95,Bot3,1,31,button,746605156172186250,31,51
3940,40,0.95,Bot4,1,31,button,746605156172186250,31,51
3941,40,0.95,Bot1,0,13,caught_by_fire,17857332311937216912,52,36
3941,40,0.95,Bot2,0,13,caught_by_fire,17857332311937216912,52,36
3941,40,0.95,Bot3,0,25,caught_by_fire,17857332311937216912,52,36
3941,40,0.95,Bot4,0,13,caught_by_fire,17857332311937216912,52,36
3942,40,0.95,Bot1,1,10,button,13523971228745187529,10,59
3942,40,0.95,Bot2,1,10,button,13523971228745187529,10,59
3942,40,0.95,Bot3,1,10,button,13523971228745187529,10,59
3942,40,0.95,Bot4,1,10,button,13523971228745187529,10,59
3943,40,0.95,Bot1,1,15,button,10126996867689645453,15,34
3943,40,0.95,Bot2,1,15,button,10126996867689645453,15,34
3943,40,0.95,Bot3,1,15,button,10126996867689645453,15,34
3943,40,0.95,Bot4,1,15,button,10126996867689645453,15,34
3944,40,0.95,Bot1,1,45,button,14402305976328909570,45,60
3944,40,0.95,Bot2,1,45,button,14402305976328909570,45,60
3944,40,0.95,Bot3,1,45,button,14402305976328909570,45,60
3944,40,0.95,Bot4,1,45,button,14402305976328909570,45,60
3945,40,0.95,Bot1,1,40,button,13996313874820743720,40,40
3945,40,0.95,Bot2,1,40,button,13996313874820743720,40,40
3945,40,0.95,Bot3,1,40,button,13996313874820743720,40,40
3945,40,0.95,Bot4,1,40,button,13996313874820743720,40,40
3946,40,0.95,Bot1,0,18,walked_into_fire,3827379902870545207,35,2
3946,40,0.95,Bot2,0,33,caught_by_fire,3827379902870545207,35,2
3946,40,0.95,Bot3,0,33,caught_by_fire,3827379902870545207,35,2
3946,40,0.95,Bot4,0,32,caught_by_fire,3827379902870545207,35,2
3947,40,0.95,Bot1,0,10,caught_by_fire,13413099149243201106,18,18
3947,40,0.95,Bot2,0,10,caught_by_fire,13413099149243201106,18,18
3947,40,0.95,Bot3,0,10,caught_by_fire,13413099149243201106,18,18
3947,40,0.95,Bot4,0,10,caught_by_fire,13413099149243201106,18,18
3948,40,0.95,Bot1,1,8,button,17657814060971465459,8,18
3948,40,0.95,Bot2,1,8,button,17657814060971465459,8,18
3948,40,0.95,Bot3,1,8,button,17657814060971465459,8,18
3948,40,0.95,Bot4,1,8,button,17657814060971465459,8,18
3949,40,0.95,Bot1,1,38,button,5977671489597940873,38,60
3949,40,0.95,Bot2,1,38,button,5977671489597940873,38,60
3949,40,0.95,Bot3,1,38,button,5977671489597940873,38,60
3949,40,0.95,Bot4,1,38,button,5977671489597940873,38,60
3950,40,0.95,Bot1,0,19,caught_by_fire,750981966149103339,35,24
3950,40,0.95,Bot2,0,20,caught_by_fire,750981966149103339,35,24
3950,40,0.95,Bot3,0,24,caught_by_fire,750981966149103339,35,24
3950,40,0.95,Bot4,0,20,caught_by_fire,750981966149103339,35,24
3951,40,0.95,Bot1,0,19,walked_into_fire,983862508222465901,54,26
3951,40,0.95,Bot2,0,27,caught_by_fire,983862508222465901,54,26
3951,40,0.95,Bot3,0,29,caught_by_fire,983862508222465901,54,26
3951,40,0.95,Bot4,0,25,caught_by_fire,983862508222465901,54,26
3952,40,0.95,Bot1,0,28,walked_into_fire,15758277875265409762,35,17
3952,40,0.95,Bot2,0,36,caught_by_fire,15758277875265409762,35,17
3952,40,0.95,Bot3,0,36,caught_by_fire,15758277875265409762,35,17
3952,40,0.95,Bot4,0,35,caught_by_fire,15758277875265409762,35,17
3953,40,0.95,Bot1,1,39,button,15367514637302553507,39,42
3953,40,0.95,Bot2,1,39,button,15367514637302553507,39,42
3953,40,0.95,Bot3,1,39,button,15367514637302553507,39,42
3953,40,0.95,Bot4,1,39,button,15367514637302553507,39,42
3954,40,0.95,Bot1,1,30,button,13838305133717179915,30,37
3954,40,0.95,Bot2,1,30,button,13838305133717179915,30,37
3954,40,0.95,Bot3,1,30,button,13838305133717179915,30,37
3954,40,0.95,Bot4,1,30,button,13838305133717179915,30,37
3955,40,0.95,Bot1,0,3,caught_by_fire,1552081823780269400,21,17
3955,40,0.95,Bot2,0,3,caught_by_fire,1552081823780269400,21,17
3955,40,0.95,Bot3,0,8,caught_by_fire,1552081823780269400,21,17
3955,40,0.95,Bot4,0,3,caught_by_fire,1552081823780269400,21,17
3956,40,0.95,Bot1,1,15,button,14266612264657229077,15,18
3956,40,0.95,Bot2,1,15,button,14266612264657229077,15,18
3956,40,0.95,Bot3,1,15,button,14266612264657229077,15,18
3956,40,0.95,Bot4,1,15,button,14266612264657229077,15,18
3957,40,0.95,Bot1,1,12,button,2285578191568961795,12,30
3957,40,0.95,Bot2,1,12,button,2285578191568961795,12,30
3957,40,0.95,Bot3,1,12,button,2285578191568961795,12,30
3957,40,0.95,Bot4,1,12,button,2285578191568961795,12,30
3958,40,0.95,Bot1,0,39,caught_by_fire,8320195295722823405,55,34
3958,40,0.95,Bot2,0,42,caught_by_fire,8320195295722823405,55,34
3958,40,0.95,Bot3,0,42,caught_by_fire,8320195295722823405,55,34
3958,40,0.95,Bot4,0,42,caught_by_fire,8320195295722823405,55,34
3959,40,0.95,Bot1,0,28,caught_by_fire,17505957926890727580,48,39
3959,40,0.95,Bot2,0,31,caught_by_fire,17505957926890727580,48,39
3959,40,0.95,Bot3,0,31,caught_by_fire,17505957926890727580,48,39
3959,40,0.95,Bot4,0,31,caught_by_fire,17505957926890727580,48,39
3960,40,0.95,Bot1,0,33,walked_into_fire,12951346036715854060,53,24
3960,40,0.95,Bot2,0,48,caught_by_fire,12951346036715854060,53,24
3960,40,0.95,Bot3,0,48,caught_by_fire,12951346036715854060,53,24
3960,40,0.95,Bot4,0,48,caught_by_fire,12951346036715854060,53,24
3961,40,0.95,Bot1,0,23,walked_into_fire,17257117281889323016,40,29
3961,40,0.95,Bot2,0,34,caught_by_fire,17257117281889323016,40,29
3961,40,0.95,Bot3,0,34,caught_by_fire,17257117281889323016,40,29
3961,40,0.95,Bot4,0,35,caught_by_fire,17257117281889323016,40,29
3962,40,0.95,Bot1,0,3,caught_by_fire,14262902624698630790,43,40
3962,40,0.95,Bot2,0,12,caught_by_fire,14262902624698630790,43,40
3962,40,0.95,Bot3,0,14,caught_by_fire,14262902624698630790,43,40
3962,40,0.95,Bot4,0,12,caught_by_fire,14262902624698630790,43,40
3963,40,0.95,Bot1,0,19,walked_into_fire,12611140092391183419,35,26
3963,40,0.95,Bot2,0,22,caught_by_fire,12611140092391183419,35,26
3963,40,0.95,Bot3,0,24,caught_by_fire,12611140092391183419,35,26
3963,40,0.95,Bot4,0,22,caught_by_fire,12611140092391183419,35,26
3964,40,0.95,Bot1,0,19,caught_by_fire,6175796668514889512,43,15
3964,40,0.95,Bot2,0,29,caught_by_fire,6175796668514889512,43,15
3964,40,0.95,Bot3,0,29,caught_by_fire,6175796668514889512,43,15
3964,40,0.95,Bot4,0,29,caught_by_fire,6175796668514889512,43,15
3965,40,0.95,Bot1,0,34,walked_into_fire,17024629008283772327,56,23
3965,40,0.95,Bot2,0,41,caught_by_fire,17024629008283772327,56,23
3965,40,0.95,Bot3,0,41,caught_by_fire,17024629008283772327,56,23
3965,40,0.95,Bot4,0,41,caught_by_fire,17024629008283772327,56,23
3966,40,0.95,Bot1,1,31,button,14283379329896173062,31,39
3966,40,0.95,Bot2,1,31,button,14283379329896173062,31,39
3966,40,0.95,Bot3,1,31,button,14283379329896173062,31,39
3966,40,0.95,Bot4,1,31,button,14283379329896173062,31,39
3967,40,0.95,Bot1,0,11,caught_by_fire,15537213308242851983,12,10
3967,40,0.95,Bot2,0,12,caught_by_fire,15537213308242851983,12,10
3967,40,0.95,Bot3,0,12,caught_by_fire,15537213308242851983,12,10
3967,40,0.95,Bot4,0,11,caught_by_fire,15537213308242851983,12,10
3968,40,0.95,Bot1,0,21,caught_by_fire,1383964969150230477,56,41
3968,40,0.95,Bot2,0,26,caught_by_fire,1383964969150230477,56,41
3968,40,0.95,Bot3,0,26,caught_by_fire,1383964969150230477,56,41
3968,40,0.95,Bot4,0,26,caught_by_fire,1383964969150230477,56,41
3969,40,0.95,Bot1,1,24,button,4997187195938339456,24,53
3969,40,0.95,Bot2,1,24,button,4997187195938339456,24,53
3969,40,0.95,Bot3,1,24,button,4997187195938339456,24,53
3969,40,0.95,Bot4,1,24,button,4997187195938339456,24,53
3970,40,0.95,Bot1,0,25,caught_by_fire,117697847861176210,37,24
3970,40,0.95,Bot2,0,28,caught_by_fire,117697847861176210,37,24
3970,40,0.95,Bot3,0,28,caught_by_fire,117697847861176210,37,24
3970,40,0.95,Bot4,0,29,caught_by_fire,117697847861176210,37,24
3971,40,0.95,Bot1,0,10,caught_by_fire,7759952574182768934,56,51
3971,40,0.95,Bot2,0,10,caught_by_fire,7759952574182768934,56,51
3971,40,0.95,Bot3,0,38,caught_by_fire,7759952574182768934,56,51
3971,40,0.95,Bot4,0,10,caught_by_fire,7759952574182768934,56,51
3972,40,0.95,Bot1,0,17,caught_by_fire,792046482484456395,37,32
3972,40,0.95,Bot2,0,17,caught_by_fire,792046482484456395,37,32
3972,40,0.95,Bot3,0,18,caught_by_fire,792046482484456395,37,32
3972,40,0.95,Bot4,0,18,caught_by_fire,792046482484456395,37,32
3973,40,0.95,Bot1,1,9,button,9601267807020593089,9,37
3973,40,0.95,Bot2,1,9,button,9601267807020593089,9,37
3973,40,0.95,Bot3,1,9,button,9601267807020593089,9,37
3973,40,0.95,Bot4,1,9,button,9601267807020593089,9,37
3974,40,0.95,Bot1,1,37,button,1946219720684207775,37,42
3974,40,0.95,Bot2,1,37,button,1946219720684207775,37,42
3974,40,0.95,Bot3,1,37,button,1946219720684207775,37,42
3974,40,0.95,Bot4,1,37,button,1946219720684207775,37,42
3975,40,0.95,Bot1,0,59,walked_into_fire,4275964517023322725,62,51
3975,40,0.95,Bot2,0,63,caught_by_fire,4275964517023322725,62,51
3975,40,0.95,Bot3,0,63,caught_by_fire,4275964517023322725,62,51
3975,40,0.95,Bot4,0,63,caught_by_fire,4275964517023322725,62,51
3976,40,0.95,Bot1,0,23,caught_by_fire,7446469408270077295,45,40
3976,40,0.95,Bot2,0,23,caught_by_fire,7446469408270077295,45,40
3976,40,0.95,Bot3,0,23,caught_by_fire,7446469408270077295,45,40
3976,40,0.95,Bot4,0,23,caught_by_fire,7446469408270077295,45,40
3977,40,0.95,Bot1,1,40,button,3601829424688863790,40,67
3977,40,0.95,Bot2,1,40,button,3601829424688863790,40,67
3977,40,0.95,Bot3,1,40,button,3601829424688863790,40,67
3977,40,0.95,Bot4,1,40,button,3601829424688863790,40,67
3978,40,0.95,Bot1,0,3,caught_by_fire,3496527243069376003,25,19
3978,40,0.95,Bot2,0,15,caught_by_fire,3496527243069376003,25,19
3978,40,0.95,Bot3,0,13,caught_by_fire,3496527243069376003,25,19
3978,40,0.95,Bot4,0,15,caught_by_fire,3496527243069376003,25,19
3979,40,0.95,Bot1,0,21,caught_by_fire,5049480150609191254,49,33
3979,40,0.95,Bot2,0,27,caught_by_fire,5049480150609191254,49,33
3979,40,0.95,Bot3,0,33,caught_by_fire,5049480150609191254,49,33
3979,40,0.95,Bot4,0,27,caught_by_fire,5049480150609191254,49,33
3980,40,0.95,Bot1,1,27,button,2589534492335778732,27,40
3980,40,0.95,Bot2,1,27,button,2589534492335778732,27,40
3980,40,0.95,Bot3,1,27,button,2589534492335778732,27,40
3980,40,0.95,Bot4,1,27,button,2589534492335778732,27,40
3981,40,0.95,Bot1,1,14,button,3993318423528295253,14,49
3981,40,0.95,Bot2,1,14,button,3993318423528295253,14,49
3981,40,0.95,Bot3,1,14,button,3993318423528295253,14,49
3981,40,0.95,Bot4,1,14,button,3993318423528295253,14,49
3982,40,0.95,Bot1,1,19,button,9287454112509848608,19,41
3982,40,0.95,Bot2,1,19,button,9287454112509848608,19,41
3982,40,0.95,Bot3,1,19,button,9287454112509848608,19,41
3982,40,0.95,Bot4,1,19,button,9287454112509848608,19,41
3983,40,0.95,Bot1,1,22,button,4920497344023286279,22,32
3983,40,0.95,Bot2,1,22,button,4920497344023286279,22,32
3983,40,0.95,Bot3,1,22,button,4920497344023286279,22,32
3983,40,0.95,Bot4,1,22,button,4920497344023286279,22,32
3984,40,0.95,Bot1,1,41,button,8343559539324805823,41,42
3984,40,0.95,Bot2,1,41,button,8343559539324805823,41,42
3984,40,0.95,Bot3,1,41,button,8343559539324805823,41,42
3984,40,0.95,Bot4,1,41,button,8343559539324805823,41,42
3985,40,0.95,Bot1,1,65,button,8100370470332276604,65,78
3985,40,0.95,Bot2,1,65,button,8100370470332276604,65,78
3985,40,0.95,Bot3,1,65,button,8100370470332276604,65,78
3985,40,0.95,Bot4,1,65,button,8100370470332276604,65,78
3986,40,0.95,Bot1,0,31,walked_into_fire,10301879639104547685,34,27
3986,40,0.95,Bot2,0,33,caught_by_fire,10301879639104547685,34,27
3986,40,0.95,Bot3,0,33,caught_by_fire,10301879639104547685,34,27
3986,40,0.95,Bot4,0,33,caught_by_fire,10301879639104547685,34,27
3987,40,0.95,Bot1,0,21,caught_by_fire,1692492797608526022,35,25
3987,40,0.95,Bot2,0,22,caught_by_fire,1692492797608526022,35,25
3987,40,0.95,Bot3,0,28,caught_by_fire,1692492797608526022,35,25
3987,40,0.95,Bot4,0,22,caught_by_fire,1692492797608526022,35,25
3988,40,0.95,Bot1,1,47,button,109888727875844949,47,50
3988,40,0.95,Bot2,1,47,button,109888727875844949,47,50
3988,40,0.95,Bot3,1,47,button,109888727875844949,47,50
3988,40,0.95,Bot4,1,47,button,109888727875844949,47,50
3989,40,0.95,Bot1,1,25,button,3190961800276451182,25,45
3989,40,0.95,Bot2,1,25,button,3190961800276451182,25,45
3989,40,0.95,Bot3,1,25,button,3190961800276451182,25,45
3989,40,0.95,Bot4,1,25,button,3190961800276451182,25,45
3990,40,0.95,Bot1,0,38,walked_into_fire,11009776806227859762,46,41
3990,40,0.95,Bot2,0,39,caught_by_fire,11009776806227859762,46,41
3990,40,0.95,Bot3,0,39,caught_by_fire,11009776806227859762,46,41
3990,40,0.95,Bot4,0,39,caught_by_fire,11009776806227859762,46,41
3991,40,0.95,Bot1,1,39,button,12459001460348713958,39,43
3991,40,0.95,Bot2,1,39,button,12459001460348713958,39,43
3991,40,0.95,Bot3,1,39,button,12459001460348713958,39,43
3991,40,0.95,Bot4,1,39,button,12459001460348713958,39,43
3992,40,0.95,Bot1,0,17,caught_by_fire,8648012680558345749,34,17
3992,40,0.95,Bot2,0,22,caught_by_fire,8648012680558345749,34,17
3992,40,0.95,Bot3,0,22,caught_by_fire,8648012680558345749,34,17
3992,40,0.95,Bot4,0,22,caught_by_fire,8648012680558345749,34,17
3993,40,0.95,Bot1,1,46,button,2657046627713529762,46,48
3993,40,0.95,Bot2,1,46,button,2657046627713529762,46,48
3993,40,0.95,Bot3,1,46,button,2657046627713529762,46,48
3993,40,0.95,Bot4,1,46,button,2657046627713529762,46,48
3994,40,0.95,Bot1,1,33,button,7896315815657296745,33,38
3994,40,0.95,Bot2,1,33,button,7896315815657296745,33,38
3994,40,0.95,Bot3,1,33,button,7896315815657296745,33,38
3994,40,0.95,Bot4,1,33,button,7896315815657296745,33,38
3995,40,0.95,Bot1,1,31,button,11801957790989337259,31,36
3995,40,0.95,Bot2,1,31,button,11801957790989337259,31,36
3995,40,0.95,Bot3,1,31,button,11801957790989337259,31,36
3995,40,0.95,Bot4,1,31,button,11801957790989337259,31,36
3996,40,0.95,Bot1,0,21,caught_by_fire,3417214263590781421,45,7
3996,40,0.95,Bot2,0,36,caught_by_fire,3417214263590781421,45,7
3996,40,0.95,Bot3,0,36,caught_by_fire,3417214263590781421,45,7
3996,40,0.95,Bot4,0,35,caught_by_fire,3417214263590781421,45,7
3997,40,0.95,Bot1,1,25,button,1299965900628859096,25,31
3997,40,0.95,Bot2,1,25,button,1299965900628859096,25,31
3997,40,0.95,Bot3,1,25,button,1299965900628859096,25,31
3997,40,0.95,Bot4,1,25,button,1299965900628859096,25,31
3998,40,0.95,Bot1,0,34,walked_into_fire,17484432396278092297,49,26
3998,40,0.95,Bot2,0,40,caught_by_fire,17484432396278092297,49,26
3998,40,0.95,Bot3,0,40,caught_by_fire,17484432396278092297,49,26
3998,40,0.95,Bot4,0,40,caught_by_fire,17484432396278092297,49,26
3999,40,0.95,Bot1,1,12,button,1112644671825078230,12,30
3999,40,0.95,Bot2,1,12,button,1112644671825078230,12,30
3999,40,0.95,Bot3,1,12,button,1112644671825078230,12,30
3999,40,0.95,Bot4,1,12,button,1112644671825078230,12,30
4000,40,1.00,Bot1,0,24,walked_into_fire,465179487161949432,55,22
4000,40,1.00,Bot2,0,33,caught_by_fire,465179487161949432,55,22
4000,40,1.00,Bot3,0,33,caught_by_fire,465179487161949432,55,22
4000,40,1.00,Bot4,0,33,caught_by_fire,465179487161949432,55,22
4001,40,1.00,Bot1,1,24,button,6888398393973478248,24,55
4001,40,1.00,Bot2,1,24,button,6888398393973478248,24,55
4001,40,1.00,Bot3,1,24,button,6888398393973478248,24,55
4001,40,1.00,Bot4,1,24,button,6888398393973478248,24,55
4002,40,1.00,Bot1,0,12,caught_by_fire,17358939396616142558,56,36
4002,40,1.00,Bot2,0,17,caught_by_fire,17358939396616142558,56,36
4002,40,1.00,Bot3,0,17,caught_by_fire,17358939396616142558,56,36
4002,40,1.00,Bot4,0,21,caught_by_fire,17358939396616142558,56,36
4003,40,1.00,Bot1,1,31,button,4422001314154304711,31,45
4003,40,1.00,Bot2,1,31,button,4422001314154304711,31,45
4003,40,1.00,Bot3,1,31,button,4422001314154304711,31,45
4003,40,1.00,Bot4,1,31,button,4422001314154304711,31,45
4004,40,1.00,Bot1,1,40,button,7029105813584947421,40,48
4004,40,1.00,Bot2,1,40,button,7029105813584947421,40,48
4004,40,1.00,Bot3,1,40,button,7029105813584947421,40,48
4004,40,1.00,Bot4,1,40,button,7029105813584947421,40,48
4005,40,1.00,Bot1,1,24,button,10584710989030097698,24,26
4005,40,1.00,Bot2,1,24,button,10584710989030097698,24,26
4005,40,1.00,Bot3,1,24,button,10584710989030097698,24,26
4005,40,1.00,Bot4,1,24,button,10584710989030097698,24,26
4006,40,1.00,Bot1,0,21,walked_into_fire,163742567828861806,35,6
4006,40,1.00,Bot2,0,35,caught_by_fire,163742567828861806,35,6
4006,40,1.00,Bot3,0,35,caught_by_fire,163742567828861806,35,6
4006,40,1.00,Bot4,0,34,caught_by_fire,163742567828861806,35,6
4007,40,1.00,Bot1,0,23,caught_by_fire,15301148394884713102,47,15
4007,40,1.00,Bot2,0,31,caught_by_fire,15301148394884713102,47,15
4007,40,1.00,Bot3,0,31,caught_by_fire,15301148394884713102,47,15
4007,40,1.00,Bot4,0,30,caught_by_fire,15301148394884713102,47,15
4008,40,1.00,Bot1,1,11,button,14101599307021706865,11,39
4008,40,1.00,Bot2,1,11,button,14101599307021706865,11,39
4008,40,1.00,Bot3,1,11,button,14101599307021706865,11,39
4008,40,1.00,Bot4,1,11,button,14101599307021706865,11,39
4009,40,1.00,Bot1,0,33,caught_by_fire,560639450775013489,47,21
4009,40,1.00,Bot2,0,41,caught_by_fire,560639450775013489,47,21
4009,40,1.00,Bot3,0,41,caught_by_fire,560639450775013489,47,21
4009,40,1.00,Bot4,0,41,caught_by_fire,560639450775013489,47,21
4010,40,1.00,Bot1,0,19,walked_into_fire,5889450592522614791,33,6
4010,40,1.00,Bot2,0,31,caught_by_fire,5889450592522614791,33,6
4010,40,1.00,Bot3,0,33,caught_by_fire,5889450592522614791,33,6
4010,40,1.00,Bot4,0,30,caught_by_fire,5889450592522614791,33,6
4011,40,1.00,Bot1,1,36,button,11442209358061713692,36,40
4011,40,1.00,Bot2,1,36,button,11442209358061713692,36,40
4011,40,1.00,Bot3,1,36,button,11442209358061713692,36,40
4011,40,1.00,Bot4,1,36,button,11442209358061713692,36,40
4012,40,1.00,Bot1,1,35,button,12836339137544679445,35,39
4012,40,1.00,Bot2,1,35,button,12836339137544679445,35,39
4012,40,1.00,Bot3,1,35,button,12836339137544679445,35,39
4012,40,1.00,Bot4,1,35,button,12836339137544679445,35,39
4013,40,1.00,Bot1,0,31,walked_into_fire,9657693076025074882,34,27
4013,40,1.00,Bot2,0,32,caught_by_fire,9657693076025074882,34,27
4013,40,1.00,Bot3,0,32,caught_by_fire,9657693076025074882,34,27
4013,40,1.00,Bot4,0,31,caught_by_fire,9657693076025074882,34,27
4014,40,1.00,Bot1,1,23,button,708304930797757433,23,27
4014,40,1.00,Bot2,1,23,button,708304930797757433,23,27
4014,40,1.00,Bot3,1,23,button,708304930797757433,23,27
4014,40,1.00,Bot4,1,23,button,708304930797757433,23,27
4015,40,1.00,Bot1,1,20,button,7329249159179381748,20,26
4015,40,1.00,Bot2,1,20,button,7329249159179381748,20,26
4015,40,1.00,Bot3,1,20,button,7329249159179381748,20,26
4015,40,1.00,Bot4,1,20,button,7329249159179381748,20,26
4016,40,1.00,Bot1,0,31,walked_into_fire,11790631349305739421,56,43
4016,40,1.00,Bot2,0,43,caught_by_fire,11790631349305739421,56,43
4016,40,1.00,Bot3,0,41,caught_by_fire,11790631349305739421,56,43
4016,40,1.00,Bot4,0,43,caught_by_fire,11790631349305739421,56,43
4017,40,1.00,Bot1,0,28,walked_into_fire,11199489696792311545,45,30
4017,40,1.00,Bot2,0,28,caught_by_fire,11199489696792311545,45,30
4017,40,1.00,Bot3,0,28,caught_by_fire,11199489696792311545,45,30
4017,40,1.00,Bot4,0,28,caught_by_fire,11199489696792311545,45,30
4018,40,1.00,Bot1,0,18,walked_into_fire,9374834076204745761,50,33
4018,40,1.00,Bot2,0,27,caught_by_fire,9374834076204745761,50,33
4018,40,1.00,Bot3,0,28,caught_by_fire,9374834076204745761,50,33
4018,40,1.00,Bot4,0,27,caught_by_fire,9374834076204745761,50,33
4019,40,1.00,Bot1,1,19,button,7746298638068889966,19,40
4019,40,1.00,Bot2,1,19,button,7746298638068889966,19,40
4019,40,1.00,Bot3,1,19,button,7746298638068889966,19,40
4019,40,1.00,Bot4,1,19,button,7746298638068889966,19,40
4020,40,1.00,Bot1,1,19,button,6386286256150585589,19,34
4020,40,1.00,Bot2,1,19,button,6386286256150585589,19,34
4020,40,1.00,Bot3,1,19,button,6386286256150585589,19,34
4020,40,1.00,Bot4,1,19,button,6386286256150585589,19,34
4021,40,1.00,Bot1,1,23,button,6000337598508296322,23,31
4021,40,1.00,Bot2,1,23,button,6000337598508296322,23,31
4021,40,1.00,Bot3,1,23,button,6000337598508296322,23,31
4021,40,1.00,Bot4,1,23,button,6000337598508296322,23,31
4022,40,1.00,Bot1,1,14,button,740352905516812572,14,39
4022,40,1.00,Bot2,1,14,button,740352905516812572,14,39
4022,40,1.00,Bot3,1,14,button,740352905516812572,14,39
4022,40,1.00,Bot4,1,14,button,740352905516812572,14,39
4023,40,1.00,Bot1,1,27,button,15827634317439772556,27,60
4023,40,1.00,Bot2,1,27,button,15827634317439772556,27,60
4023,40,1.00,Bot3,1,27,button,15827634317439772556,27,60
4023,40,1.00,Bot4,1,27,button,15827634317439772556,27,60
4024,40,1.00,Bot1,0,44,walked_into_fire,8405074001482493183,54,49
4024,40,1.00,Bot2,0,44,caught_by_fire,8405074001482493183,54,49
4024,40,1.00,Bot3,0,44,caught_by_fire,8405074001482493183,54,49
4024,40,1.00,Bot4,0,44,caught_by_fire,8405074001482493183,54,49
4025,40,1.00,Bot1,0,17,caught_by_fire,3053717119827197858,42,18
4025,40,1.00,Bot2,0,17,caught_by_fire,3053717119827197858,42,18
4025,40,1.00,Bot3,0,17,caught_by_fire,3053717119827197858,42,18
4025,40,1.00,Bot4,0,17,caught_by_fire,3053717119827197858,42,18
4026,40,1.00,Bot1,1,14,button,8298128967329193229,14,56
4026,40,1.00,Bot2,1,14,button,8298128967329193229,14,56
4026,40,1.00,Bot3,1,14,button,8298128967329193229,14,56
4026,40,1.00,Bot4,1,14,button,8298128967329193229,14,56
4027,40,1.00,Bot1,1,41,button,7182928247095661704,41,52
4027,40,1.00,Bot2,1,41,button,7182928247095661704,41,52
4027,40,1.00,Bot3,1,41,button,7182928247095661704,41,52
4027,40,1.00,Bot4,1,41,button,7182928247095661704,41,52
4028,40,1.00,Bot1,1,27,button,15929667598436374933,27,37
4028,40,1.00,Bot2,1,27,button,15929667598436374933,27,37
4028,40,1.00,Bot3,1,27,button,15929667598436374933,27,37
4028,40,1.00,Bot4,1,27,button,15929667598436374933,27,37
4029,40,1.00,Bot1,1,34,button,17172805797371539,34,45
4029,40,1.00,Bot2,1,34,button,17172805797371539,34,45
4029,40,1.00,Bot3,1,34,button,17172805797371539,34,45
4029,40,1.00,Bot4,1,34,button,17172805797371539,34,45
4030,40,1.00,Bot1,0,9,caught_by_fire,6422423798786977814,35,21
4030,40,1.00,Bot2,0,24,caught_by_fire,6422423798786977814,35,21
4030,40,1.00,Bot3,0,24,caught_by_fire,6422423798786977814,35,21
4030,40,1.00,Bot4,0,24,caught_by_fire,6422423798786977814,35,21
4031,40,1.00,Bot1,1,19,button,3514550509072432623,19,31
4031,40,1.00,Bot2,1,19,button,3514550509072432623,19,31
4031,40,1.00,Bot3,1,19,button,3514550509072432623,19,31
4031,40,1.00,Bot4,1,19,button,3514550509072432623,19,31
4032,40,1.00,Bot1,1,24,button,6414260081214503994,24,48
4032,40,1.00,Bot2,1,24,button,6414260081214503994,24,48
4032,40,1.00,Bot3,1,24,button,6414260081214503994,24,48
4032,40,1.00,Bot4,1,24,button,6414260081214503994,24,48
4033,40,1.00,Bot1,0,26,walked_into_fire,17418882388029998229,57,52
4033,40,1.00,Bot2,0,28,caught_by_fire,17418882388029998229,57,52
4033,40,1.00,Bot3,0,28,caught_by_fire,17418882388029998229,57,52
4033,40,1.00,Bot4,0,28,caught_by_fire,17418882388029998229,57,52
4034,40,1.00,Bot1,0,11,caught_by_fire,17600638636996519792,41,29
4034,40,1.00,Bot2,0,19,caught_by_fire,17600638636996519792,41,29
4034,40,1.00,Bot3,0,19,caught_by_fire,17600638636996519792,41,29
4034,40,1.00,Bot4,0,19,caught_by_fire,17600638636996519792,41,29
4035,40,1.00,Bot1,0,12,walked_into_fire,17533163032895194742,39,30
4035,40,1.00,Bot2,0,33,caught_by_fire,17533163032895194742,39,30
4035,40,1.00,Bot3,0,33,caught_by_fire,17533163032895194742,39,30
4035,40,1.00,Bot4,0,36,caught_by_fire,17533163032895194742,39,30
4036,40,1.00,Bot1,1,35,button,1088024230390509416,35,43
4036,40,1.00,Bot2,1,35,button,1088024230390509416,35,43
4036,40,1.00,Bot3,1,35,button,1088024230390509416,35,43
4036,40,1.00,Bot4,1,35,button,1088024230390509416,35,43
4037,40,1.00,Bot1,1,27,button,17705853786933557331,27,33
4037,40,1.00,Bot2,1,27,button,17705853786933557331,27,33
4037,40,1.00,Bot3,1,27,button,17705853786933557331,27,33
4037,40,1.00,Bot4,1,27,button,17705853786933557331,27,33
4038,40,1.00,Bot1,1,29,button,1232240162609367065,29,33
4038,40,1.00,Bot2,1,29,button,1232240162609367065,29,33
4038,40,1.00,Bot3,1,29,button,1232240162609367065,29,33
4038,40,1.00,Bot4,1,29,button,1232240162609367065,29,33
4039,40,1.00,Bot1,1,19,button,7354928836724924426,19,54
4039,40,1.00,Bot2,1,19,button,7354928836724924426,19,54
4039,40,1.00,Bot3,1,19,button,7354928836724924426,19,54
4039,40,1.00,Bot4,1,19,button,7354928836724924426,19,54
4040,40,1.00,Bot1,0,40,walked_into_fire,14992629079655116134,63,32
4040,40,1.00,Bot2,0,45,caught_by_fire,14992629079655116134,63,32
4040,40,1.00,Bot3,0,47,caught_by_fire,14992629079655116134,63,32
4040,40,1.00,Bot4,0,42,caught_by_fire,14992629079655116134,63,32
4041,40,1.00,Bot1,0,22,caught_by_fire,15332945841793682116,34,10
4041,40,1.00,Bot2,0,34,caught_by_fire,15332945841793682116,34,10
4041,40,1.00,Bot3,0,34,caught_by_fire,15332945841793682116,34,10
4041,40,1.00,Bot4,0,33,caught_by_fire,15332945841793682116,34,10
4042,40,1.00,Bot1,1,14,button,2464949801479648950,14,46
4042,40,1.00,Bot2,1,14,button,2464949801479648950,14,46
4042,40,1.00,Bot3,1,14,button,2464949801479648950,14,46
4042,40,1.00,Bot4,1,14,button,2464949801479648950,14,46
4043,40,1.00,Bot1,0,23,caught_by_fire,6726194460923558012,36,26
4043,40,1.00,Bot2,0,32,caught_by_fire,6726194460923558012,36,26
4043,40,1.00,Bot3,0,32,caught_by_fire,6726194460923558012,36,26
4043,40,1.00,Bot4,0,33,caught_by_fire,6726194460923558012,36,26
4044,40,1.00,Bot1,1,21,button,1601493612615035803,21,25
4044,40,1.00,Bot2,1,21,button,1601493612615035803,21,25
4044,40,1.00,Bot3,1,21,button,1601493612615035803,21,25
4044,40,1.00,Bot4,1,21,button,1601493612615035803,21,25
4045,40,1.00,Bot1,0,30,walked_into_fire,14512375611732158435,31,28
4045,40,1.00,Bot2,0,31,caught_by_fire,14512375611732158435,31,28
4045,40,1.00,Bot3,0,31,caught_by_fire,14512375611732158435,31,28
4045,40,1.00,Bot4,0,30,caught_by_fire,14512375611732158435,31,28
4046,40,1.00,Bot1,1,23,button,3576410075448692125,23,24
4046,40,1.00,Bot2,1,23,button,3576410075448692125,23,24
4046,40,1.00,Bot3,1,23,button,3576410075448692125,23,24
4046,40,1.00,Bot4,1,23,button,3576410075448692125,23,24
4047,40,1.00,Bot1,0,19,caught_by_fire,5542818338717723974,45,31
4047,40,1.00,Bot2,0,19,caught_by_fire,5542818338717723974,45,31
4047,40,1.00,Bot3,0,33,caught_by_fire,5542818338717723974,45,31
4047,40,1.00,Bot4,0,19,caught_by_fire,5542818338717723974,45,31
4048,40,1.00,Bot1,1,23,button,3703708716279627522,23,33
4048,40,1.00,Bot2,1,23,button,3703708716279627522,23,33
4048,40,1.00,Bot3,1,23,button,3703708716279627522,23,33
4048,40,1.00,Bot4,1,23,button,3703708716279627522,23,33
4049,40,1.00,Bot1,0,9,walked_into_fire,10239221462340697694,43,28
4049,40,1.00,Bot2,0,19,caught_by_fire,10239221462340697694,43,28
4049,40,1.00,Bot3,0,17,caught_by_fire,10239221462340697694,43,28
4049,40,1.00,Bot4,0,17,caught_by_fire,10239221462340697694,43,28
4050,40,1.00,Bot1,0,29,walked_into_fire,6623322195290432669,46,13
4050,40,1.00,Bot2,0,45,caught_by_fire,6623322195290432669,46,13
4050,40,1.00,Bot3,0,45,caught_by_fire,6623322195290432669,46,13
4050,40,1.00,Bot4,0,45,caught_by_fire,6623322195290432669,46,13
4051,40,1.00,Bot1,0,3,caught_by_fire,11201226245037819380,12,8
4051,40,1.00,Bot2,0,12,caught_by_fire,11201226245037819380,12,8
4051,40,1.00,Bot3,0,14,caught_by_fire,11201226245037819380,12,8
4051,40,1.00,Bot4,0,13,caught_by_fire,11201226245037819380,12,8
4052,40,1.00,Bot1,1,23,button,244746835419934182,23,25
4052,40,1.00,Bot2,1,23,button,244746835419934182,23,25
4052,40,1.00,Bot3,1,23,button,244746835419934182,23,25
4052,40,1.00,Bot4,1,23,button,244746835419934182,23,25
4053,40,1.00,Bot1,1,32,button,14304233555438076402,32,42
4053,40,1.00,Bot2,1,32,button,14304233555438076402,32,42
4053,40,1.00,Bot3,1,32,button,14304233555438076402,32,42
4053,40,1.00,Bot4,1,32,button,14304233555438076402,32,42
4054,40,1.00,Bot1,0,49,walked_into_fire,10849514740588653080,59,58
4054,40,1.00,Bot2,0,49,caught_by_fire,10849514740588653080,59,58
4054,40,1.00,Bot3,0,49,caught_by_fire,10849514740588653080,59,58
4054,40,1.00,Bot4,0,49,caught_by_fire,10849514740588653080,59,58
4055,40,1.00,Bot1,0,22,caught_by_fire,12133062238882169577,55,13
4055,40,1.00,Bot2,0,31,caught_by_fire,12133062238882169577,55,13
4055,40,1.00,Bot3,0,31,caught_by_fire,12133062238882169577,55,13
4055,40,1.00,Bot4,0,30,caught_by_fire,12133062238882169577,55,13
4056,40,1.00,Bot1,0,15,caught_by_fire,13172810341811167013,17,17
4056,40,1.00,Bot2,0,15,caught_by_fire,13172810341811167013,17,17
4056,40,1.00,Bot3,0,19,caught_by_fire,13172810341811167013,17,17
4056,40,1.00,Bot4,0,15,caught_by_fire,13172810341811167013,17,17
4057,40,1.00,Bot1,0,16,walked_into_fire,17208355758123222554,40,33
4057,40,1.00,Bot2,0,20,caught_by_fire,17208355758123222554,40,33
4057,40,1.00,Bot3,0,22,caught_by_fire,17208355758123222554,40,33
4057,40,1.00,Bot4,0,20,caught_by_fire,17208355758123222554,40,33
4058,40,1.00,Bot1,1,17,button,13723169663287310200,17,28
4058,40,1.00,Bot2,1,17,button,13723169663287310200,17,28
4058,40,1.00,Bot3,1,17,button,13723169663287310200,17,28
4058,40,1.00,Bot4,1,17,button,13723169663287310200,17,28
4059,40,1.00,Bot1,1,20,button,14481796312780217211,20,45
4059,40,1.00,Bot2,1,20,button,14481796312780217211,20,45
4059,40,1.00,Bot3,1,20,button,14481796312780217211,20,45
4059,40,1.00,Bot4,1,20,button,14481796312780217211,20,45
4060,40,1.00,Bot1,1,21,button,17838873913125366269,21,29
4060,40,1.00,Bot2,1,21,button,17838873913125366269,21,29
4060,40,1.00,Bot3,1,21,button,17838873913125366269,21,29
4060,40,1.00,Bot4,1,21,button,17838873913125366269,21,29
4061,40,1.00,Bot1,1,49,button,5094463347630214076,49,54
4061,40,1.00,Bot2,1,49,button,5094463347630214076,49,54
4061,40,1.00,Bot3,1,49,button,5094463347630214076,49,54
4061,40,1.00,Bot4,1,49,button,5094463347630214076,49,54
4062,40,1.00,Bot1,0,19,caught_by_fire,3125292534202146676,55,19
4062,40,1.00,Bot2,0,21,caught_by_fire,3125292534202146676,55,19
4062,40,1.00,Bot3,0,21,caught_by_fire,3125292534202146676,55,19
4062,40,1.00,Bot4,0,21,caught_by_fire,3125292534202146676,55,19
4063,40,1.00,Bot1,0,13,caught_by_fire,15664062368953878568,36,30
4063,40,1.00,Bot2,0,13,caught_by_fire,15664062368953878568,36,30
4063,40,1.00,Bot3,0,13,caught_by_fire,15664062368953878568,36,30
4063,40,1.00,Bot4,0,13,caught_by_fire,15664062368953878568,36,30
4064,40,1.00,Bot1,0,7,walked_into_fire,10977891981879778435,40,35
4064,40,1.00,Bot2,0,29,caught_by_fire,10977891981879778435,40,35
4064,40,1.00,Bot3,0,29,caught_by_fire,10977891981879778435,40,35
4064,40,1.00,Bot4,0,37,caught_by_fire,10977891981879778435,40,35
4065,40,1.00,Bot1,0,13,walked_into_fire,1475390095670757322,30,29
4065,40,1.00,Bot2,0,17,caught_by_fire,1475390095670757322,30,29
4065,40,1.00,Bot3,0,19,caught_by_fire,1475390095670757322,30,29
4065,40,1.00,Bot4,0,17,caught_by_fire,1475390095670757322,30,29
4066,40,1.00,Bot1,1,36,button,17812125063185629427,36,41
4066,40,1.00,Bot2,1,36,button,17812125063185629427,36,41
4066,40,1.00,Bot3,1,36,button,17812125063185629427,36,41
4066,40,1.00,Bot4,1,36,button,17812125063185629427,36,41
4067,40,1.00,Bot1,1,26,button,8447183415425236835,26,33
4067,40,1.00,Bot2,1,26,button,8447183415425236835,26,33
4067,40,1.00,Bot3,1,26,button,8447183415425236835,26,33
4067,40,1.00,Bot4,1,26,button,8447183415425236835,26,33
4068,40,1.00,Bot1,1,22,button,9406293926851851676,22,30
4068,40,1.00,Bot2,1,22,button,9406293926851851676,22,30
4068,40,1.00,Bot3,1,22,button,9406293926851851676,22,30
4068,40,1.00,Bot4,1,22,button,9406293926851851676,22,30
4069,40,1.00,Bot1,0,9,walked_into_fire,10231766750799080284,15,10
4069,40,1.00,Bot2,0,11,caught_by_fire,10231766750799080284,15,10
4069,40,1.00,Bot3,0,11,caught_by_fire,10231766750799080284,15,10
4069,40,1.00,Bot4,0,11,caught_by_fire,10231766750799080284,15,10
4070,40,1.00,Bot1,1,20,button,14910354035722278051,20,41
4070,40,1.00,Bot2,1,20,button,14910354035722278051,20,41
4070,40,1.00,Bot3,1,20,button,14910354035722278051,20,41
4070,40,1.00,Bot4,1,20,button,14910354035722278051,20,41
4071,40,1.00,Bot1,0,32,walked_into_fire,10719757482818096369,52,47
4071,40,1.00,Bot2,0,33,caught_by_fire,10719757482818096369,52,47
4071,40,1.00,Bot3,0,35,caught_by_fire,10719757482818096369,52,47
4071,40,1.00,Bot4,0,33,caught_by_fire,10719757482818096369,52,47
4072,40,1.00,Bot1,0,18,caught_by_fire,4946414044219239821,38,12
4072,40,1.00,Bot2,0,20,caught_by_fire,4946414044219239821,38,12
4072,40,1.00,Bot3,0,20,caught_by_fire,4946414044219239821,38,12
4072,40,1.00,Bot4,0,19,caught_by_fire,4946414044219239821,38,12
4073,40,1.00,Bot1,0,22,caught_by_fire,15457122017570457550,25,19
4073,40,1.00,Bot2,0,25,caught_by_fire,15457122017570457550,25,19
4073,40,1.00,Bot3,0,25,caught_by_fire,15457122017570457550,25,19
4073,40,1.00,Bot4,0,24,caught_by_fire,15457122017570457550,25,19
4074,40,1.00,Bot1,0,12,walked_into_fire,16688253516540893839,46,37
4074,40,1.00,Bot2,0,37,caught_by_fire,16688253516540893839,46,37
4074,40,1.00,Bot3,0,37,caught_by_fire,16688253516540893839,46,37
4074,40,1.00,Bot4,0,37,caught_by_fire,16688253516540893839,46,37
4075,40,1.00,Bot1,0,31,walked_into_fire,2212672618114428288,53,46
4075,40,1.00,Bot2,0,31,caught_by_fire,2212672618114428288,53,46
4075,40,1.00,Bot3,0,31,caught_by_fire,2212672618114428288,53,46
4075,40,1.00,Bot4,0,48,caught_by_fire,2212672618114428288,53,46
4076,40,1.00,Bot1,0,14,walked_into_fire,913667711867422374,52,33
4076,40,1.00,Bot2,0,26,caught_by_fire,913667711867422374,52,33
4076,40,1.00,Bot3,0,28,caught_by_fire,913667711867422374,52,33
4076,40,1.00,Bot4,0,26,caught_by_fire,913667711867422374,52,33
4077,40,1.00,Bot1,0,33,caught_by_fire,15884615547616875785,39,37
4077,40,1.00,Bot2,0,37,caught_by_fire,15884615547616875785,39,37
4077,40,1.00,Bot3,0,37,caught_by_fire,15884615547616875785,39,37
4077,40,1.00,Bot4,0,37,caught_by_fire,15884615547616875785,39,37
4078,40,1.00,Bot1,0,21,caught_by_fire,8585517684659589958,76,56
4078,40,1.00,Bot2,0,21,caught_by_fire,8585517684659589958,76,56
4078,40,1.00,Bot3,0,21,caught_by_fire,8585517684659589958,76,56
4078,40,1.00,Bot4,0,21,caught_by_fire,8585517684659589958,76,56
4079,40,1.00,Bot1,0,14,caught_by_fire,11981247504638587953,56,48
4079,40,1.00,Bot2,0,19,caught_by_fire,11981247504638587953,56,48
4079,40,1.00,Bot3,0,22,caught_by_fire,11981247504638587953,56,48
4079,40,1.00,Bot4,0,19,caught_by_fire,11981247504638587953,56,48
4080,40,1.00,Bot1,1,37,button,5332391562240955150,37,43
4080,40,1.00,Bot2,1,37,button,5332391562240955150,37,43
4080,40,1.00,Bot3,1,37,button,5332391562240955150,37,43
4080,40,1.00,Bot4,1,37,button,5332391562240955150,37,43
4081,40,1.00,Bot1,1,9,button,754087266429034240,9,54
4081,40,1.00,Bot2,1,9,button,754087266429034240,9,54
4081,40,1.00,Bot3,1,9,button,754087266429034240,9,54
4081,40,1.00,Bot4,1,9,button,754087266429034240,9,54
4082,40,1.00,Bot1,1,15,button,7260901040565137729,15,33
4082,40,1.00,Bot2,1,15,button,7260901040565137729,15,33
4082,40,1.00,Bot3,1,15,button,7260901040565137729,15,33
4082,40,1.00,Bot4,1,15,button,7260901040565137729,15,33
4083,40,1.00,Bot1,1,21,button,8741525450479467673,21,27
4083,40,1.00,Bot2,1,21,button,8741525450479467673,21,27
4083,40,1.00,Bot3,1,21,button,8741525450479467673,21,27
4083,40,1.00,Bot4,1,21,button,8741525450479467673,21,27
4084,40,1.00,Bot1,1,23,button,8692932205082863069,23,32
4084,40,1.00,Bot2,1,23,button,8692932205082863069,23,32
4084,40,1.00,Bot3,1,23,button,8692932205082863069,23,32
4084,40,1.00,Bot4,1,23,button,8692932205082863069,23,32
4085,40,1.00,Bot1,0,23,walked_into_fire,9576966064684170618,63,32
4085,40,1.00,Bot2,0,29,caught_by_fire,9576966064684170618,63,32
4085,40,1.00,Bot3,0,29,caught_by_fire,9576966064684170618,63,32
4085,40,1.00,Bot4,0,29,caught_by_fire,9576966064684170618,63,32
4086,40,1.00,Bot1,1,20,button,3170367582310841046,20,21
4086,40,1.00,Bot2,1,20,button,3170367582310841046,20,21
4086,40,1.00,Bot3,1,20,button,3170367582310841046,20,21
4086,40,1.00,Bot4,1,20,button,3170367582310841046,20,21
4087,40,1.00,Bot1,1,27,button,8336978385608781968,27,36
4087,40,1.00,Bot2,1,27,button,8336978385608781968,27,36
4087,40,1.00,Bot3,1,27,button,8336978385608781968,27,36
4087,40,1.00,Bot4,1,27,button,8336978385608781968,27,36
4088,40,1.00,Bot1,1,41,button,10358261282737474826,41,73
4088,40,1.00,Bot2,1,41,button,10358261282737474826,41,73
4088,40,1.00,Bot3,1,41,button,10358261282737474826,41,73
4088,40,1.00,Bot4,1,41,button,10358261282737474826,41,73
4089,40,1.00,Bot1,1,40,button,14862605655628022912,40,42
4089,40,1.00,Bot2,1,40,button,14862605655628022912,40,42
4089,40,1.00,Bot3,1,40,button,14862605655628022912,40,42
4089,40,1.00,Bot4,1,40,button,14862605655628022912,40,42
4090,40,1.00,Bot1,1,19,button,6595056450498921833,19,34
4090,40,1.00,Bot2,1,19,button,6595056450498921833,19,34
4090,40,1.00,Bot3,1,19,button,6595056450498921833,19,34
4090,40,1.00,Bot4,1,19,button,6595056450498921833,19,34
4091,40,1.00,Bot1,0,30,caught_by_fire,6735925434172888887,33,27
4091,40,1.00,Bot2,0,33,caught_by_fire,6735925434172888887,33,27
4091,40,1.00,Bot3,0,33,caught_by_fire,6735925434172888887,33,27
4091,40,1.00,Bot4,0,32,caught_by_fire,6735925434172888887,33,27
4092,40,1.00,Bot1,0,7,caught_by_fire,11154773211560986101,38,26
4092,40,1.00,Bot2,0,32,caught_by_fire,11154773211560986101,38,26
4092,40,1.00,Bot3,0,30,caught_by_fire,11154773211560986101,38,26
4092,40,1.00,Bot4,0,32,caught_by_fire,11154773211560986101,38,26
4093,40,1.00,Bot1,0,27,caught_by_fire,14256084692096952416,35,31
4093,40,1.00,Bot2,0,27,caught_by_fire,14256084692096952416,35,31
4093,40,1.00,Bot3,0,27,caught_by_fire,14256084692096952416,35,31
4093,40,1.00,Bot4,0,25,caught_by_fire,14256084692096952416,35,31
4094,40,1.00,Bot1,0,26,caught_by_fire,11261574583213713961,54,26
4094,40,1.00,Bot2,0,50,caught_by_fire,11261574583213713961,54,26
4094,40,1.00,Bot3,0,50,caught_by_fire,11261574583213713961,54,26
4094,40,1.00,Bot4,0,51,caught_by_fire,11261574583213713961,54,26
4095,40,1.00,Bot1,1,29,button,8608784453429804366,29,43
4095,40,1.00,Bot2,1,29,button,8608784453429804366,29,43
4095,40,1.00,Bot3,1,29,button,8608784453429804366,29,43
4095,40,1.00,Bot4,1,29,button,8608784453429804366,29,43
4096,40,1.00,Bot1,0,14,caught_by_fire,7727019230364466016,23,5
4096,40,1.00,Bot2,0,23,caught_by_fire,7727019230364466016,23,5
4096,40,1.00,Bot3,0,23,caught_by_fire,7727019230364466016,23,5
4096,40,1.00,Bot4,0,22,caught_by_fire,7727019230364466016,23,5
4097,40,1.00,Bot1,1,35,button,10415966787403653201,35,57
4097,40,1.00,Bot2,1,35,button,10415966787403653201,35,57
4097,40,1.00,Bot3,1,35,button,10415966787403653201,35,57
4097,40,1.00,Bot4,1,35,button,10415966787403653201,35,57
4098,40,1.00,Bot1,0,9,walked_into_fire,5860722568071628631,11,8
4098,40,1.00,Bot2,0,10,caught_by_fire,5860722568071628631,11,8
4098,40,1.00,Bot3,0,10,caught_by_fire,5860722568071628631,11,8
4098,40,1.00,Bot4,0,10,caught_by_fire,5860722568071628631,11,8
4099,40,1.00,Bot1,1,23,button,10815287379439298909,23,26
4099,40,1.00,Bot2,1,23,button,10815287379439298909,23,26
4099,40,1.00,Bot3,1,23,button,10815287379439298909,23,26
4099,40,1.00,Bot4,1,23,button,10815287379439298909,23,26
4100,40,1.00,Bot1,0,11,walked_into_fire,5510401198468219373,32,13
4100,40,1.00,Bot2,0,15,caught_by_fire,5510401198468219373,32,13
4100,40,1.00,Bot3,0,15,caught_by_fire,5510401198468219373,32,13
4100,40,1.00,Bot4,0,17,caught_by_fire,5510401198468219373,32,13
4101,40,1.00,Bot1,0,5,caught_by_fire,5621491624213292550,33,25
4101,40,1.00,Bot2,0,5,caught_by_fire,5621491624213292550,33,25
4101,40,1.00,Bot3,0,14,caught_by_fire,5621491624213292550,33,25
4101,40,1.00,Bot4,0,5,caught_by_fire,5621491624213292550,33,25
4102,40,1.00,Bot1,0,5,walked_into_fire,15269973548422987548,49,40
4102,40,1.00,Bot2,0,26,caught_by_fire,15269973548422987548,49,40
4102,40,1.00,Bot3,0,26,caught_by_fire,15269973548422987548,49,40
4102,40,1.00,Bot4,0,26,caught_by_fire,15269973548422987548,49,40
4103,40,1.00,Bot1,0,3,walked_into_fire,56700834218880451,37,32
4103,40,1.00,Bot2,0,21,caught_by_fire,56700834218880451,37,32
4103,40,1.00,Bot3,0,21,caught_by_fire,56700834218880451,37,32
4103,40,1.00,Bot4,0,21,caught_by_fire,56700834218880451,37,32
4104,40,1.00,Bot1,0,17,walked_into_fire,11260749426025221139,39,18
4104,40,1.00,Bot2,0,19,caught_by_fire,11260749426025221139,39,18
4104,40,1.00,Bot3,0,19,caught_by_fire,11260749426025221139,39,18
4104,40,1.00,Bot4,0,21,caught_by_fire,11260749426025221139,39,18
4105,40,1.00,Bot1,1,18,button,3225478047091427462,18,25
4105,40,1.00,Bot2,1,18,button,3225478047091427462,18,25
4105,40,1.00,Bot3,1,18,button,3225478047091427462,18,25
4105,40,1.00,Bot4,1,18,button,3225478047091427462,18,25
4106,40,1.00,Bot1,0,14,walked_into_fire,10703106777244475558,54,41
4106,40,1.00,Bot2,0,16,caught_by_fire,10703106777244475558,54,41
4106,40,1.00,Bot3,0,16,caught_by_fire,10703106777244475558,54,41
4106,40,1.00,Bot4,0,16,caught_by_fire,10703106777244475558,54,41
4107,40,1.00,Bot1,0,25,walked_into_fire,10208472912626389890,38,15
4107,40,1.00,Bot2,0,32,caught_by_fire,10208472912626389890,38,15
4107,40,1.00,Bot3,0,32,caught_by_fire,10208472912626389890,38,15
4107,40,1.00,Bot4,0,31,caught_by_fire,10208472912626389890,38,15
4108,40,1.00,Bot1,0,23,walked_into_fire,6866081045512080563,44,29
4108,40,1.00,Bot2,0,30,caught_by_fire,6866081045512080563,44,29
4108,40,1.00,Bot3,0,30,caught_by_fire,6866081045512080563,44,29
4108,40,1.00,Bot4,0,31,caught_by_fire,6866081045512080563,44,29
4109,40,1.00,Bot1,0,13,walked_into_fire,4752925188899823229,26,9
4109,40,1.00,Bot2,0,16,caught_by_fire,4752925188899823229,26,9
4109,40,1.00,Bot3,0,16,caught_by_fire,4752925188899823229,26,9
4109,40,1.00,Bot4,0,15,caught_by_fire,4752925188899823229,26,9
4110,40,1.00,Bot1,0,7,walked_into_fire,5198056171982727555,56,43
4110,40,1.00,Bot2,0,10,caught_by_fire,5198056171982727555,56,43
4110,40,1.00,Bot3,0,10,caught_by_fire,5198056171982727555,56,43
4110,40,1.00,Bot4,0,10,caught_by_fire,5198056171982727555,56,43
4111,40,1.00,Bot1,0,23,walked_into_fire,11479158865378603570,61,36
4111,40,1.00,Bot2,0,32,caught_by_fire,11479158865378603570,61,36
4111,40,1.00,Bot3,0,32,caught_by_fire,11479158865378603570,61,36
4111,40,1.00,Bot4,0,32,caught_by_fire,11479158865378603570,61,36
4112,40,1.00,Bot1,1,17,button,91509756695474258,17,26
4112,40,1.00,Bot2,1,17,button,91509756695474258,17,26
4112,40,1.00,Bot3,1,17,button,91509756695474258,17,26
4112,40,1.00,Bot4,1,17,button,91509756695474258,17,26
4113,40,1.00,Bot1,1,27,button,15464774996561770979,27,40
4113,40,1.00,Bot2,1,27,button,15464774996561770979,27,40
4113,40,1.00,Bot3,1,27,button,15464774996561770979,27,40
4113,40,1.00,Bot4,1,27,button,15464774996561770979,27,40
4114,40,1.00,Bot1,1,21,button,18145826281183217296,21,65
4114,40,1.00,Bot2,1,21,button,18145826281183217296,21,65
4114,40,1.00,Bot3,1,21,button,18145826281183217296,21,65
4114,40,1.00,Bot4,1,21,button,18145826281183217296,21,65
4115,40,1.00,Bot1,0,25,caught_by_fire,17456517993183967239,47,31
4115,40,1.00,Bot2,0,24,caught_by_fire,17456517993183967239,47,31
4115,40,1.00,Bot3,0,24,caught_by_fire,17456517993183967239,47,31
4115,40,1.00,Bot4,0,24,caught_by_fire,17456517993183967239,47,31
4116,40,1.00,Bot1,1,12,button,6396515653693594877,12,28
4116,40,1.00,Bot2,1,12,button,6396515653693594877,12,28
4116,40,1.00,Bot3,1,12,button,6396515653693594877,12,28
4116,40,1.00,Bot4,1,12,button,6396515653693594877,12,28
4117,40,1.00,Bot1,0,25,caught_by_fire,8970770108543338695,30,30
4117,40,1.00,Bot2,0,25,caught_by_fire,8970770108543338695,30,30
4117,40,1.00,Bot3,0,31,caught_by_fire,8970770108543338695,30,30
4117,40,1.00,Bot4,0,29,caught_by_fire,8970770108543338695,30,30
4118,40,1.00,Bot1,0,10,walked_into_fire,11185837877941991443,17,6
4118,40,1.00,Bot2,0,13,caught_by_fire,11185837877941991443,17,6
4118,40,1.00,Bot3,0,13,caught_by_fire,11185837877941991443,17,6
4118,40,1.00,Bot4,0,12,caught_by_fire,11185837877941991443,17,6
4119,40,1.00,Bot1,0,6,walked_into_fire,12434254918155041873,8,3
4119,40,1.00,Bot2,0,5,caught_by_fire,12434254918155041873,8,3
4119,40,1.00,Bot3,0,5,caught_by_fire,12434254918155041873,8,3
4119,40,1.00,Bot4,0,5,caught_by_fire,12434254918155041873,8,3
4120,40,1.00,Bot1,1,25,button,2807514162352638751,25,60
4120,40,1.00,Bot2,1,25,button,2807514162352638751,25,60
4120,40,1.00,Bot3,1,25,button,2807514162352638751,25,60
4120,40,1.00,Bot4,1,25,button,2807514162352638751,25,60
4121,40,1.00,Bot1,1,30,button,2424794376427582193,30,35
4121,40,1.00,Bot2,1,30,button,2424794376427582193,30,35
4121,40,1.00,Bot3,1,30,button,2424794376427582193,30,35
4121,40,1.00,Bot4,1,30,button,2424794376427582193,30,35
4122,40,1.00,Bot1,1,21,button,16852010864237921824,21,27
4122,40,1.00,Bot2,1,21,button,16852010864237921824,21,27
4122,40,1.00,Bot3,1,21,button,16852010864237921824,21,27
4122,40,1.00,Bot4,1,21,button,16852010864237921824,21,27
4123,40,1.00,Bot1,0,2,walked_into_fire,3876551771785656073,48,45
4123,40,1.00,Bot2,0,2,caught_by_fire,3876551771785656073,48,45
4123,40,1.00,Bot3,0,2,caught_by_fire,3876551771785656073,48,45
4123,40,1.00,Bot4,0,2,caught_by_fire,3876551771785656073,48,45
4124,40,1.00,Bot1,1,26,button,13639828965869857976,26,71
4124,40,1.00,Bot2,1,26,button,13639828965869857976,26,71
4124,40,1.00,Bot3,1,26,button,13639828965869857976,26,71
4124,40,1.00,Bot4,1,26,button,13639828965869857976,26,71
4125,40,1.00,Bot1,1,12,button,15231636903104769148,12,50
4125,40,1.00,Bot2,1,12,button,15231636903104769148,12,50
4125,40,1.00,Bot3,1,12,button,15231636903104769148,12,50
4125,40,1.00,Bot4,1,12,button,15231636903104769148,12,50
4126,40,1.00,Bot1,1,27,button,7575091893334638611,27,56
4126,40,1.00,Bot2,1,27,button,7575091893334638611,27,56
4126,40,1.00,Bot3,1,27,button,7575091893334638611,27,56
4126,40,1.00,Bot4,1,27,button,7575091893334638611,27,56
4127,40,1.00,Bot1,1,24,button,12514176693846125088,24,54
4127,40,1.00,Bot2,1,24,button,12514176693846125088,24,54
4127,40,1.00,Bot3,1,24,button,12514176693846125088,24,54
4127,40,1.00,Bot4,1,24,button,12514176693846125088,24,54
4128,40,1.00,Bot1,1,14,button,195969200211423826,14,50
4128,40,1.00,Bot2,1,14,button,195969200211423826,14,50
4128,40,1.00,Bot3,1,14,button,195969200211423826,14,50
4128,40,1.00,Bot4,1,14,button,195969200211423826,14,50
4129,40,1.00,Bot1,1,44,button,5748922493124484130,44,57
4129,40,1.00,Bot2,1,44,button,5748922493124484130,44,57
4129,40,1.00,Bot3,1,44,button,5748922493124484130,44,57
4129,40,1.00,Bot4,1,44,button,5748922493124484130,44,57
4130,40,1.00,Bot1,1,41,button,9228777686815375835,41,54
4130,40,1.00,Bot2,1,41,button,9228777686815375835,41,54
4130,40,1.00,Bot3,1,41,button,9228777686815375835,41,54
4130,40,1.00,Bot4,1,41,button,9228777686815375835,41,54
4131,40,1.00,Bot1,1,25,button,16176412811927994179,25,38
4131,40,1.00,Bot2,1,25,button,16176412811927994179,25,38
4131,40,1.00,Bot3,1,25,button,16176412811927994179,25,38
4131,40,1.00,Bot4,1,25,button,16176412811927994179,25,38
4132,40,1.00,Bot1,1,6,button,13269801804470757347,6,35
4132,40,1.00,Bot2,1,6,button,13269801804470757347,6,35
4132,40,1.00,Bot3,1,6,button,13269801804470757347,6,35
4132,40,1.00,Bot4,1,6,button,13269801804470757347,6,35
4133,40,1.00,Bot1,1,8,button,16734216867823067637,8,19
4133,40,1.00,Bot2,1,8,button,16734216867823067637,8,19
4133,40,1.00,Bot3,1,8,button,16734216867823067637,8,19
4133,40,1.00,Bot4,1,8,button,16734216867823067637,8,19
4134,40,1.00,Bot1,1,9,button,9837045129181471006,9,16
4134,40,1.00,Bot2,1,9,button,9837045129181471006,9,16
4134,40,1.00,Bot3,1,9,button,9837045129181471006,9,16
4134,40,1.00,Bot4,1,9,button,9837045129181471006,9,16
4135,40,1.00,Bot1,1,29,button,14262647190176473253,29,33
4135,40,1.00,Bot2,1,29,button,14262647190176473253,29,33
4135,40,1.00,Bot3,1,29,button,14262647190176473253,29,33
4135,40,1.00,Bot4,1,29,button,14262647190176473253,29,33
4136,40,1.00,Bot1,1,4,button,3167002711782136816,4,56
4136,40,1.00,Bot2,1,4,button,3167002711782136816,4,56
4136,40,1.00,Bot3,1,4,button,3167002711782136816,4,56
4136,40,1.00,Bot4,1,4,button,3167002711782136816,4,56
4137,40,1.00,Bot1,0,17,caught_by_fire,9032347654835083749,36,2
4137,40,1.00,Bot2,0,32,caught_by_fire,9032347654835083749,36,2
4137,40,1.00,Bot3,0,32,caught_by_fire,9032347654835083749,36,2
4137,40,1.00,Bot4,0,31,caught_by_fire,9032347654835083749,36,2
4138,40,1.00,Bot1,0,17,walked_into_fire,15735557132198153122,50,37
4138,40,1.00,Bot2,0,19,caught_by_fire,15735557132198153122,50,37
4138,40,1.00,Bot3,0,19,caught_by_fire,15735557132198153122,50,37
4138,40,1.00,Bot4,0,19,caught_by_fire,15735557132198153122,50,37
4139,40,1.00,Bot1,1,41,button,3142494101620440855,41,53
4139,40,1.00,Bot2,1,41,button,3142494101620440855,41,53
4139,40,1.00,Bot3,1,41,button,3142494101620440855,41,53
4139,40,1.00,Bot4,1,41,button,3142494101620440855,41,53
4140,40,1.00,Bot1,1,31,button,8137245924881677669,31,32
4140,40,1.00,Bot2,1,31,button,8137245924881677669,31,32
4140,40,1.00,Bot3,1,31,button,8137245924881677669,31,32
4140,40,1.00,Bot4,1,31,button,8137245924881677669,31,32
4141,40,1.00,Bot1,1,9,button,10031692533054107072,9,22
4141,40,1.00,Bot2,1,9,button,10031692533054107072,9,22
4141,40,1.00,Bot3,1,9,button,10031692533054107072,9,22
4141,40,1.00,Bot4,1,9,button,10031692533054107072,9,22
4142,40,1.00,Bot1,0,17,caught_by_fire,4759931822582905706,28,16
4142,40,1.00,Bot2,0,18,caught_by_fire,4759931822582905706,28,16
4142,40,1.00,Bot3,0,18,caught_by_fire,4759931822582905706,28,16
4142,40,1.00,Bot4,0,19,caught_by_fire,4759931822582905706,28,16
4143,40,1.00,Bot1,1,47,button,11928177871844913742,47,67
4143,40,1.00,Bot2,1,47,button,11928177871844913742,47,67
4143,40,1.00,Bot3,1,47,button,11928177871844913742,47,67
4143,40,1.00,Bot4,1,47,button,11928177871844913742,47,67
4144,40,1.00,Bot1,0,50,caught_by_fire,5453066302800139041,57,57
4144,40,1.00,Bot2,0,50,caught_by_fire,5453066302800139041,57,57
4144,40,1.00,Bot3,0,50,caught_by_fire,5453066302800139041,57,57
4144,40,1.00,Bot4,0,50,caught_by_fire,5453066302800139041,57,57
4145,40,1.00,Bot1,0,5,caught_by_fire,4735303739108073379,49,41
4145,40,1.00,Bot2,0,5,caught_by_fire,4735303739108073379,49,41
4145,40,1.00,Bot3,0,9,caught_by_fire,4735303739108073379,49,41
4145,40,1.00,Bot4,0,5,caught_by_fire,4735303739108073379,49,41
4146,40,1.00,Bot1,0,43,walked_into_fire,1066458101356289936,62,61
4146,40,1.00,Bot2,0,43,caught_by_fire,1066458101356289936,62,61
4146,40,1.00,Bot3,0,43,caught_by_fire,1066458101356289936,62,61
4146,40,1.00,Bot4,0,43,caught_by_fire,1066458101356289936,62,61
4147,40,1.00,Bot1,1,45,button,7862051427881051099,45,58
4147,40,1.00,Bot2,1,45,button,7862051427881051099,45,58
4147,40,1.00,Bot3,1,45,button,7862051427881051099,45,58
4147,40,1.00,Bot4,1,45,button,7862051427881051099,45,58
4148,40,1.00,Bot1,0,21,walked_into_fire,10858085606868957045,45,22
4148,40,1.00,Bot2,0,28,caught_by_fire,10858085606868957045,45,22
4148,40,1.00,Bot3,0,28,caught_by_fire,10858085606868957045,45,22
4148,40,1.00,Bot4,0,28,caught_by_fire,10858085606868957045,45,22
4149,40,1.00,Bot1,0,34,walked_into_fire,14096732672095563808,51,44
4149,40,1.00,Bot2,0,36,caught_by_fire,14096732672095563808,51,44
4149,40,1.00,Bot3,0,36,caught_by_fire,14096732672095563808,51,44
4149,40,1.00,Bot4,0,36,caught_by_fire,14096732672095563808,51,44
4150,40,1.00,Bot1,1,22,button,541587271484987068,22,24
4150,40,1.00,Bot2,1,22,button,541587271484987068,22,24
4150,40,1.00,Bot3,1,22,button,541587271484987068,22,24
4150,40,1.00,Bot4,1,22,button,541587271484987068,22,24
4151,40,1.00,Bot1,1,16,button,12360334622291824538,16,27
4151,40,1.00,Bot2,1,16,button,12360334622291824538,16,27
4151,40,1.00,Bot3,1,16,button,12360334622291824538,16,27
4151,40,1.00,Bot4,1,16,button,12360334622291824538,16,27
4152,40,1.00,Bot1,0,12,caught_by_fire,875278564644730554,22,14
4152,40,1.00,Bot2,0,15,caught_by_fire,875278564644730554,22,14
4152,40,1.00,Bot3,0,15,caught_by_fire,875278564644730554,22,14
4152,40,1.00,Bot4,0,15,caught_by_fire,875278564644730554,22,14
4153,40,1.00,Bot1,0,23,walked_into_fire,2896976082891862429,51,10
4153,40,1.00,Bot2,0,36,caught_by_fire,2896976082891862429,51,10
4153,40,1.00,Bot3,0,36,caught_by_fire,2896976082891862429,51,10
4153,40,1.00,Bot4,0,36,caught_by_fire,2896976082891862429,51,10
4154,40,1.00,Bot1,0,10,caught_by_fire,7797479951754328940,31,23
4154,40,1.00,Bot2,0,12,caught_by_fire,7797479951754328940,31,23
4154,40,1.00,Bot3,0,12,caught_by_fire,7797479951754328940,31,23
4154,40,1.00,Bot4,0,12,caught_by_fire,7797479951754328940,31,23
4155,40,1.00,Bot1,1,32,button,4393985999690328482,32,35
4155,40,1.00,Bot2,1,32,button,4393985999690328482,32,35
4155,40,1.00,Bot3,1,32,button,4393985999690328482,32,35
4155,40,1.00,Bot4,1,32,button,4393985999690328482,32,35
4156,40,1.00,Bot1,0,27,walked_into_fire,6478235452789132367,56,37
4156,40,1.00,Bot2,0,32,caught_by_fire,6478235452789132367,56,37
4156,40,1.00,Bot3,0,34,caught_by_fire,6478235452789132367,56,37
4156,40,1.00,Bot4,0,32,caught_by_fire,6478235452789132367,56,37
4157,40,1.00,Bot1,1,23,button,7825437239105364857,23,25
4157,40,1.00,Bot2,1,23,button,7825437239105364857,23,25
4157,40,1.00,Bot3,1,23,button,7825437239105364857,23,25
4157,40,1.00,Bot4,1,23,button,7825437239105364857,23,25
4158,40,1.00,Bot1,0,27,caught_by_fire,18204259464811776267,30,26
4158,40,1.00,Bot2,0,30,caught_by_fire,18204259464811776267,30,26
4158,40,1.00,Bot3,0,30,caught_by_fire,18204259464811776267,30,26
4158,40,1.00,Bot4,0,30,caught_by_fire,18204259464811776267,30,26
4159,40,1.00,Bot1,0,19,caught_by_fire,5976386225428815270,36,4
4159,40,1.00,Bot2,0,34,caught_by_fire,5976386225428815270,36,4
4159,40,1.00,Bot3,0,34,caught_by_fire,5976386225428815270,36,4
4159,40,1.00,Bot4,0,33,caught_by_fire,5976386225428815270,36,4
4160,40,1.00,Bot1,0,26,walked_into_fire,16165513238862674506,37,22
4160,40,1.00,Bot2,0,29,caught_by_fire,16165513238862674506,37,22
4160,40,1.00,Bot3,0,29,caught_by_fire,16165513238862674506,37,22
4160,40,1.00,Bot4,0,29,caught_by_fire,16165513238862674506,37,22
4161,40,1.00,Bot1,1,22,button,6541675118122726838,22,45
4161,40,1.00,Bot2,1,22,button,6541675118122726838,22,45
4161,40,1.00,Bot3,1,22,button,6541675118122726838,22,45
4161,40,1.00,Bot4,1,22,button,6541675118122726838,22,45
4162,40,1.00,Bot1,0,7,caught_by_fire,12500107537659595237,52,38
4162,40,1.00,Bot2,0,15,caught_by_fire,12500107537659595237,52,38
4162,40,1.00,Bot3,0,15,caught_by_fire,12500107537659595237,52,38
4162,40,1.00,Bot4,0,8,caught_by_fire,12500107537659595237,52,38
4163,40,1.00,Bot1,0,33,walked_into_fire,10112668004429284804,48,25
4163,40,1.00,Bot2,0,29,caught_by_fire,10112668004429284804,48,25
4163,40,1.00,Bot3,0,29,caught_by_fire,10112668004429284804,48,25
4163,40,1.00,Bot4,0,29,caught_by_fire,10112668004429284804,48,25
4164,40,1.00,Bot1,0,22,caught_by_fire,15775239803077638366,33,15
4164,40,1.00,Bot2,0,25,caught_by_fire,15775239803077638366,33,15
4164,40,1.00,Bot3,0,25,caught_by_fire,15775239803077638366,33,15
4164,40,1.00,Bot4,0,26,caught_by_fire,15775239803077638366,33,15
4165,40,1.00,Bot1,0,16,walked_into_fire,3264995348083942858,25,20
4165,40,1.00,Bot2,0,21,caught_by_fire,3264995348083942858,25,20
4165,40,1.00,Bot3,0,21,caught_by_fire,3264995348083942858,25,20
4165,40,1.00,Bot4,0,22,caught_by_fire,3264995348083942858,25,20
4166,40,1.00,Bot1,0,16,walked_into_fire,16073400056829238853,22,13
4166,40,1.00,Bot2,0,20,caught_by_fire,16073400056829238853,22,13
4166,40,1.00,Bot3,0,20,caught_by_fire,16073400056829238853,22,13
4166,40,1.00,Bot4,0,20,caught_by_fire,16073400056829238853,22,13
4167,40,1.00,Bot1,0,29,caught_by_fire,18387295475849495232,32,30
4167,40,1.00,Bot2,0,30,caught_by_fire,18387295475849495232,32,30
4167,40,1.00,Bot3,0,30,caught_by_fire,18387295475849495232,32,30
4167,40,1.00,Bot4,0,30,caught_by_fire,18387295475849495232,32,30
4168,40,1.00,Bot1,1,47,button,9395496958757601078,47,65
4168,40,1.00,Bot2,1,47,button,9395496958757601078,47,65
4168,40,1.00,Bot3,1,47,button,9395496958757601078,47,65
4168,40,1.00,Bot4,1,47,button,9395496958757601078,47,65
4169,40,1.00,Bot1,1,14,button,3707936370014742123,14,41
4169,40,1.00,Bot2,1,14,button,3707936370014742123,14,41
4169,40,1.00,Bot3,1,14,button,3707936370014742123,14,41
4169,40,1.00,Bot4,1,14,button,3707936370014742123,14,41
4170,40,1.00,Bot1,0,19,walked_into_fire,2550838967820611639,33,18
4170,40,1.00,Bot2,0,27,caught_by_fire,2550838967820611639,33,18
4170,40,1.00,Bot3,0,27,caught_by_fire,2550838967820611639,33,18
4170,40,1.00,Bot4,0,27,caught_by_fire,2550838967820611639,33,18
4171,40,1.00,Bot1,1,16,button,6351527759617639823,16,39
4171,40,1.00,Bot2,1,16,button,6351527759617639823,16,39
4171,40,1.00,Bot3,1,16,button,6351527759617639823,16,39
4171,40,1.00,Bot4,1,16,button,6351527759617639823,16,39
4172,40,1.00,Bot1,0,28,caught_by_fire,17977898020780020613,84,38
4172,40,1.00,Bot2,0,43,caught_by_fire,17977898020780020613,84,38
4172,40,1.00,Bot3,0,43,caught_by_fire,17977898020780020613,84,38
4172,40,1.00,Bot4,0,43,caught_by_fire,17977898020780020613,84,38
4173,40,1.00,Bot1,0,16,caught_by_fire,13886691920589747695,43,23
4173,40,1.00,Bot2,0,16,caught_by_fire,13886691920589747695,43,23
4173,40,1.00,Bot3,0,16,caught_by_fire,13886691920589747695,43,23
4173,40,1.00,Bot4,0,16,caught_by_fire,13886691920589747695,43,23
4174,40,1.00,Bot1,1,33,button,13087678867756922385,33,37
4174,40,1.00,Bot2,1,33,button,13087678867756922385,33,37
4174,40,1.00,Bot3,1,33,button,13087678867756922385,33,37
4174,40,1.00,Bot4,1,33,button,13087678867756922385,33,37
4175,40,1.00,Bot1,0,5,caught_by_fire,11812395809412142645,16,6
4175,40,1.00,Bot2,0,14,caught_by_fire,11812395809412142645,16,6
4175,40,1.00,Bot3,0,14,caught_by_fire,11812395809412142645,16,6
4175,40,1.00,Bot4,0,13,caught_by_fire,11812395809412142645,16,6
4176,40,1.00,Bot1,0,24,walked_into_fire,3185174407833212911,49,44
4176,40,1.00,Bot2,0,24,caught_by_fire,3185174407833212911,49,44
4176,40,1.00,Bot3,0,24,caught_by_fire,3185174407833212911,49,44
4176,40,1.00,Bot4,0,24,caught_by_fire,3185174407833212911,49,44
4177,40,1.00,Bot1,1,16,button,15419326835927571568,16,18
4177,40,1.00,Bot2,1,16,button,15419326835927571568,16,18
4177,40,1.00,Bot3,1,16,button,15419326835927571568,16,18
4177,40,1.00,Bot4,1,16,button,15419326835927571568,16,18
4178,40,1.00,Bot1,0,20,caught_by_fire,9568423894064185132,29,17
4178,40,1.00,Bot2,0,23,caught_by_fire,9568423894064185132,29,17
4178,40,1.00,Bot3,0,23,caught_by_fire,9568423894064185132,29,17
4178,40,1.00,Bot4,0,23,caught_by_fire,9568423894064185132,29,17
4179,40,1.00,Bot1,1,40,button,12640488116473591351,40,54
4179,40,1.00,Bot2,1,40,button,12640488116473591351,40,54
4179,40,1.00,Bot3,1,40,button,12640488116473591351,40,54
4179,40,1.00,Bot4,1,40,button,12640488116473591351,40,54
4180,40,1.00,Bot1,0,19,walked_into_fire,13419788636735152645,21,16
4180,40,1.00,Bot2,0,21,caught_by_fire,13419788636735152645,21,16
4180,40,1.00,Bot3,0,21,caught_by_fire,13419788636735152645,21,16
4180,40,1.00,Bot4,0,20,caught_by_fire,13419788636735152645,21,16
4181,40,1.00,Bot1,0,5,caught_by_fire,6127614214364046526,33,27
4181,40,1.00,Bot2,0,26,caught_by_fire,6127614214364046526,33,27
4181,40,1.00,Bot3,0,28,caught_by_fire,6127614214364046526,33,27
4181,40,1.00,Bot4,0,26,caught_by_fire,6127614214364046526,33,27
4182,40,1.00,Bot1,1,4,button,17119904802144739313,4,36
4182,40,1.00,Bot2,1,4,button,17119904802144739313,4,36
4182,40,1.00,Bot3,1,4,button,17119904802144739313,4,36
4182,40,1.00,Bot4,1,4,button,17119904802144739313,4,36
4183,40,1.00,Bot1,1,44,button,788670127147980486,44,57
4183,40,1.00,Bot2,1,44,button,788670127147980486,44,57
4183,40,1.00,Bot3,1,44,button,788670127147980486,44,57
4183,40,1.00,Bot4,1,44,button,788670127147980486,44,57
4184,40,1.00,Bot1,0,29,caught_by_fire,15630679236403823611,37,37
4184,40,1.00,Bot2,0,29,caught_by_fire,15630679236403823611,37,37
4184,40,1.00,Bot3,0,30,caught_by_fire,15630679236403823611,37,37
4184,40,1.00,Bot4,0,30,caught_by_fire,15630679236403823611,37,37
4185,40,1.00,Bot1,0,29,walked_into_fire,12546938912690278623,42,15
4185,40,1.00,Bot2,0,42,caught_by_fire,12546938912690278623,42,15
4185,40,1.00,Bot3,0,42,caught_by_fire,12546938912690278623,42,15
4185,40,1.00,Bot4,0,41,caught_by_fire,12546938912690278623,42,15
4186,40,1.00,Bot1,1,21,button,18348252504701042909,21,22
4186,40,1.00,Bot2,1,21,button,18348252504701042909,21,22
4186,40,1.00,Bot3,1,21,button,18348252504701042909,21,22
4186,40,1.00,Bot4,1,21,button,18348252504701042909,21,22
4187,40,1.00,Bot1,0,27,walked_into_fire,2285298664752242787,48,17
4187,40,1.00,Bot2,0,36,caught_by_fire,2285298664752242787,48,17
4187,40,1.00,Bot3,0,36,caught_by_fire,2285298664752242787,48,17
4187,40,1.00,Bot4,0,36,caught_by_fire,2285298664752242787,48,17
4188,40,1.00,Bot1,1,35,button,9936576629143949828,35,50
4188,40,1.00,Bot2,1,35,button,9936576629143949828,35,50
4188,40,1.00,Bot3,1,35,button,9936576629143949828,35,50
4188,40,1.00,Bot4,1,35,button,9936576629143949828,35,50
4189,40,1.00,Bot1,1,15,button,2043566759175118836,15,26
4189,40,1.00,Bot2,1,15,button,2043566759175118836,15,26
4189,40,1.00,Bot3,1,15,button,2043566759175118836,15,26
4189,40,1.00,Bot4,1,15,button,2043566759175118836,15,26
4190,40,1.00,Bot1,0,18,walked_into_fire,8801606868520169454,57,46
4190,40,1.00,Bot2,0,27,caught_by_fire,8801606868520169454,57,46
4190,40,1.00,Bot3,0,31,caught_by_fire,8801606868520169454,57,46
4190,40,1.00,Bot4,0,27,caught_by_fire,8801606868520169454,57,46
4191,40,1.00,Bot1,0,12,caught_by_fire,110750046304737796,36,20
4191,40,1.00,Bot2,0,22,caught_by_fire,110750046304737796,36,20
4191,40,1.00,Bot3,0,22,caught_by_fire,110750046304737796,36,20
4191,40,1.00,Bot4,0,23,caught_by_fire,110750046304737796,36,20
4192,40,1.00,Bot1,0,35,walked_into_fire,2603756949779662185,44,41
4192,40,1.00,Bot2,0,39,caught_by_fire,2603756949779662185,44,41
4192,40,1.00,Bot3,0,42,caught_by_fire,2603756949779662185,44,41
4192,40,1.00,Bot4,0,39,caught_by_fire,2603756949779662185,44,41
4193,40,1.00,Bot1,1,29,button,9174651024524895685,29,51
4193,40,1.00,Bot2,1,29,button,9174651024524895685,29,51
4193,40,1.00,Bot3,1,29,button,9174651024524895685,29,51
4193,40,1.00,Bot4,1,29,button,9174651024524895685,29,51
4194,40,1.00,Bot1,1,21,button,7639441231945181445,21,49
4194,40,1.00,Bot2,1,21,button,7639441231945181445,21,49
4194,40,1.00,Bot3,1,21,button,7639441231945181445,21,49
4194,40,1.00,Bot4,1,21,button,7639441231945181445,21,49
4195,40,1.00,Bot1,1,25,button,7346241664054323358,25,35
4195,40,1.00,Bot2,1,25,button,7346241664054323358,25,35
4195,40,1.00,Bot3,1,25,button,7346241664054323358,25,35
4195,40,1.00,Bot4,1,25,button,7346241664054323358,25,35
4196,40,1.00,Bot1,1,44,button,7551856868382380459,44,61
4196,40,1.00,Bot2,1,44,button,7551856868382380459,44,61
4196,40,1.00,Bot3,1,44,button,7551856868382380459,44,61
4196,40,1.00,Bot4,1,44,button,7551856868382380459,44,61
4197,40,1.00,Bot1,0,22,caught_by_fire,6572760490037874769,46,16
4197,40,1.00,Bot2,0,29,caught_by_fire,6572760490037874769,46,16
4197,40,1.00,Bot3,0,29,caught_by_fire,6572760490037874769,46,16
4197,40,1.00,Bot4,0,29,caught_by_fire,6572760490037874769,46,16
4198,40,1.00,Bot1,1,6,button,2555486786501860041,6,57
4198,40,1.00,Bot2,1,6,button,2555486786501860041,6,57
4198,40,1.00,Bot3,1,6,button,2555486786501860041,6,57
4198,40,1.00,Bot4,1,6,button,2555486786501860041,6,57
4199,40,1.00,Bot1,1,16,button,12706357306487135485,16,22
4199,40,1.00,Bot2,1,16,button,12706357306487135485,16,22
4199,40,1.00,Bot3,1,16,button,12706357306487135485,16,22
4199,40,1.00,Bot4,1,16,button,12706357306487135485,16,22
